seed,scenario,slope_noise_std,observation_noise_std,ar1_phi,horizon,order,window,n_origins,n_adaptive_stationary_points,n_adaptive_local_minima,n_dense_interior_minima,n_dense_boundary_minima,n_dense_interior_minima_matched,n_dense_interior_minima_missed,adaptive_evaluations,dense_evaluations,adaptive_seconds,dense_seconds,dense_best_s,dense_best_cv,adaptive_best_s,adaptive_best_lambda,adaptive_best_cv,adaptive_best_source,best_s_abs_error,objective_regret
0,baseline,0.01,0.5,0.3,1,1,63,30,1,1,1,0,1,0,27,2001,0.0035879999632015824,0.22736939997412264,0.39,0.26656040356598504,0.38978831830758,0.41872488847002387,0.26656039513842766,interior,0.00021168169242002932,-8.427557374179884e-09
0,baseline,0.01,0.5,0.3,5,1,63,30,1,1,1,0,1,0,27,2001,0.003781499923206866,0.23890830005984753,0.458,0.6080626284998694,0.4580701062650618,0.595990844652988,0.608062626424508,interior,7.010626506176454e-05,-2.0753613272361804e-09
0,baseline,0.01,0.5,0.3,20,1,63,30,1,1,1,0,1,0,27,2001,0.003449500072747469,0.2548540999414399,0.0055,2.8795355504106968,0.005449664665353929,0.0027471477078506723,2.8795355497247197,interior,5.033533464607071e-05,-6.859770529388243e-10
0,baseline,0.01,0.5,0.3,1,1,126,30,1,1,1,0,1,0,44,2001,0.0074668999295681715,0.24518259998876601,0.5965,0.3995100084722553,0.5964807867910308,1.2746425901423208,0.39951000816978127,interior,1.921320896924872e-05,-3.02474045810186e-10
0,baseline,0.01,0.5,0.3,5,1,126,30,1,1,1,0,1,0,31,2001,0.00444469996728003,0.25575750006828457,0.546,0.6489540411483558,0.5460119629130363,0.9566532749449834,0.6489540410515313,interior,1.1962913036289713e-05,-9.682443735670176e-11
0,baseline,0.01,0.5,0.3,20,1,126,30,1,1,1,0,1,0,31,2001,0.004427399951964617,0.26060460007283837,0.316,3.194122843499196,0.31604423590204117,0.28379932075040415,3.1941228424849397,interior,4.423590204116756e-05,-1.0142562345549777e-09
0,baseline,0.01,0.5,0.3,1,1,252,30,1,1,1,0,1,0,31,2001,0.02331449999473989,0.2583062000339851,0.47850000000000004,0.35221871777324776,0.47839757765305707,0.6672831081668846,0.35221871432579877,interior,0.00010242234694296526,-3.4474489929436913e-09
0,baseline,0.01,0.5,0.3,5,1,252,30,1,1,1,0,1,0,31,2001,0.004817400011233985,0.2818639000179246,0.3795,0.5903437415824283,0.37932027200989366,0.3983424852776807,0.5903437326744061,interior,0.00017972799010634866,-8.908022208764521e-09
0,baseline,0.01,0.5,0.3,20,1,252,30,0,0,0,1,0,0,26,2001,0.004661799990572035,0.30748850002419204,0.0,2.8484255711910693,0.0,0.0,2.8484255711910693,S=0,0.0,0.0
0,baseline,0.01,0.5,0.3,1,2,63,30,3,2,2,0,2,0,86,2001,0.010978400008752942,0.23313000006601214,0.9515,0.29696069113408924,0.9513301863973757,1003.6482859868556,0.2969604676192687,interior,0.00016981360262435796,-2.2351482054094873e-07
0,baseline,0.01,0.5,0.3,5,2,63,30,1,1,1,0,1,0,59,2001,0.00743019999936223,0.24139809992630035,0.9805,0.3203810679235756,0.980255485255957,10479.004750959575,0.320380275793828,interior,0.0002445147440430784,-7.92129747628767e-07
0,baseline,0.01,0.5,0.3,20,2,63,30,1,1,1,0,1,0,26,2001,0.004001499968580902,0.24396620003972203,0.988,0.4758797630523567,0.9878307788791576,26864.99422416091,0.4758672482033415,interior,0.00016922112084238883,-1.2514849015210494e-05
0,baseline,0.01,0.5,0.3,1,2,126,30,1,1,1,0,1,0,85,2001,0.011344400001689792,0.2388749000383541,0.9590000000000001,0.2965591246311931,0.9590027128779733,2897.282443009317,0.2965591244814943,interior,2.7128779732654706e-06,-1.4969880890447484e-10
0,baseline,0.01,0.5,0.3,5,2,126,30,1,1,1,0,1,0,86,2001,0.01283070002682507,0.24765579996164888,0.973,0.3149864050525291,0.9728845843506061,10915.200039744377,0.3149855406561941,interior,0.0001154156493938796,-8.643963350096762e-07
0,baseline,0.01,0.5,0.3,20,2,126,30,1,1,1,0,1,0,61,2001,0.008554600062780082,0.26293960004113615,0.977,0.47709117351971486,0.976963612021867,17853.57678309083,0.4770906347060382,interior,3.6387978132990106e-05,-5.388136766759644e-07
0,baseline,0.01,0.5,0.3,1,2,252,30,1,1,1,0,1,0,73,2001,0.03151220001745969,0.25789539993274957,0.964,0.244037984349563,0.9639492124741251,6304.782275110483,0.2440378210373744,interior,5.0787525874840256e-05,-1.6331218860576868e-07
0,baseline,0.01,0.5,0.3,5,2,252,30,1,1,1,0,1,0,73,2001,0.010991199989803135,0.28094190009869635,0.9685,0.3121899394309031,0.9684216595301742,10111.837950535119,0.31218958211662473,interior,7.834046982579945e-05,-3.573142783874772e-07
0,baseline,0.01,0.5,0.3,20,2,252,30,1,1,1,0,1,0,48,2001,0.007977900095283985,0.3058115999447182,0.9735,0.48202322588224417,0.9737291162786282,19271.525600925088,0.48200023715726065,interior,0.00022911627862820527,-2.2988724983519226e-05
0,baseline,0.01,0.5,0.3,1,3,63,30,1,1,1,0,1,0,79,2001,0.010353599907830358,0.23248320003040135,0.967,0.3162351215272491,0.9669341365428448,48109.720181673765,0.316235005084901,interior,6.586345715520192e-05,-1.1644234809704557e-07
0,baseline,0.01,0.5,0.3,5,3,63,30,1,1,1,0,1,0,26,2001,0.0032192000653594732,0.24147050001192838,0.99,0.3668611697295821,0.9897987782148112,987444.9409544468,0.3668519476339335,interior,0.00020122178518877654,-9.222095648631079e-06
0,baseline,0.01,0.5,0.3,20,3,63,30,1,1,1,0,1,0,27,2001,0.00349799997638911,0.24388449999969453,0.9965,0.8112542115194482,0.9962871097297046,4151994.13895607,0.8111530161331821,interior,0.0002128902702954738,-0.00010119538626607305
0,baseline,0.01,0.5,0.3,1,3,126,30,1,1,1,0,1,0,95,2001,0.013472699909470975,0.23808610008563846,0.984,0.31307214949033996,0.984034393854609,3182215.690612793,0.3130719867429412,interior,3.439385460901612e-05,-1.6274739877975009e-07
0,baseline,0.01,0.5,0.3,5,3,126,30,1,1,1,0,1,0,57,2001,0.00849379994906485,0.2542393000330776,0.984,0.35297758741417656,0.9837988947803159,3027188.8338029385,0.35296204167500717,interior,0.00020110521968408346,-1.5545739169398054e-05
0,baseline,0.01,0.5,0.3,20,3,126,30,1,1,2,0,1,1,40,2001,0.005720200017094612,0.26883259997703135,0.9915,0.7343750400169913,0.9878171369690187,7571709.528565407,0.734807932981751,interior,0.0036828630309813093,0.0004328929647596791
0,baseline,0.01,0.5,0.3,1,3,252,30,3,2,2,0,2,0,151,2001,0.04739729990251362,0.25861880008596927,0.9805,0.23384041702452077,0.9803212881738098,5118575.803935528,0.23382014016697988,interior,0.0001787118261902254,-2.027685754088515e-05
0,baseline,0.01,0.5,0.3,5,3,252,30,1,1,1,0,1,0,72,2001,0.010659200022928417,0.2834758999524638,0.978,0.3489209322405798,0.9782001540718246,3181639.8352384567,0.3489038355861934,interior,0.00020015407182460976,-1.7096654386372645e-05
0,baseline,0.01,0.5,0.3,20,3,252,30,1,1,1,0,1,0,55,2001,0.011140899965539575,0.3052241000114009,0.9805,0.7518178444511532,0.9804951388194468,5331188.011914492,0.751817794235642,interior,4.861180553206168e-06,-5.0215511193663076e-08
0,baseline,0.01,0.5,0.3,1,4,63,30,1,1,1,0,1,0,119,2001,0.015178000088781118,0.2342990000033751,0.9875,0.32955001888073693,0.9875090203788406,10766543.191857636,0.3295500128386637,interior,9.020378840540744e-06,-6.042073230627665e-09
0,baseline,0.01,0.5,0.3,5,4,63,30,1,1,1,0,1,0,28,2001,0.0035601999843493104,0.24369080003816634,0.9935,0.4302521813595364,0.9935153544564957,33786690.60766697,0.4302520426896749,interior,1.5354456495697555e-05,-1.3866986153798777e-07
0,baseline,0.01,0.5,0.3,20,4,63,30,1,1,1,0,1,0,25,2001,0.003218799945898354,0.2512969000963494,0.999,2.024902952407675,0.9990051251037528,307973019.7787285,2.0249027121179353,interior,5.12510375283437e-06,-2.4028973966139233e-07
0,baseline,0.01,0.5,0.3,1,4,126,30,3,2,2,0,2,0,135,2001,0.01897950004786253,0.242281400016509,0.994,0.3221631210190767,0.9941413595041629,2951158098.8764763,0.3221480148005658,interior,0.00014135950416294119,-1.5106218510863023e-05
0,baseline,0.01,0.5,0.3,5,4,126,30,1,1,1,0,1,0,51,2001,0.006977899931371212,0.25431019999086857,0.993,0.3740831848482866,0.9931314936319924,2062769513.5772228,0.37406002330831584,interior,0.0001314936319923854,-2.3161539970784073e-05
0,baseline,0.01,0.5,0.3,20,4,126,30,1,1,1,0,1,0,52,2001,0.008087399997748435,0.27007279999088496,0.994,0.9926138251139341,0.9939459294889106,2751221060.7528687,0.9925910397669003,interior,5.407051108941019e-05,-2.278534703381574e-05
0,baseline,0.01,0.5,0.3,1,4,252,30,3,2,2,0,2,0,150,2001,0.03472290001809597,0.26365069998428226,0.9875,0.22611333545321113,0.9873523547515435,4350069165.229797,0.22605404828845138,interior,0.00014764524845656268,-5.92871647597526e-05
0,baseline,0.01,0.5,0.3,5,4,252,30,1,1,1,0,1,0,80,2001,0.012941199936904013,0.2836492999922484,0.9845,0.3767405571000929,0.9843665197514013,1481527164.5784378,0.376712909299388,interior,0.00013348024859871632,-2.7647800704910797e-05
0,baseline,0.01,0.5,0.3,20,4,252,30,1,1,2,0,1,1,25,2001,0.004107699962332845,0.3088807000312954,0.984,1.074447277017351,0.9840246936686756,1321215713.3966684,1.0744402610113846,interior,2.469366867563494e-05,-7.01600596642038e-06
0,persistent,0.01,0.5,0.8,1,1,63,30,0,0,0,1,0,0,22,2001,0.002654499956406653,0.2297456000233069,0.0,0.09978930223907581,0.0,0.0,0.09978930223907581,S=0,0.0,0.0
0,persistent,0.01,0.5,0.8,5,1,63,30,0,0,0,1,0,0,22,2001,0.0026732999831438065,0.2406858999747783,0.0,0.4002506102835502,0.0,0.0,0.4002506102835502,S=0,0.0,0.0
0,persistent,0.01,0.5,0.8,20,1,63,30,0,0,0,1,0,0,22,2001,0.004112299997359514,0.2380815000506118,0.0,2.800434354609758,0.0,0.0,2.800434354609758,S=0,0.0,0.0
0,persistent,0.01,0.5,0.8,1,1,126,30,1,1,1,0,1,0,31,2001,0.003992200014181435,0.23882580001372844,0.169,0.14097588731447075,0.16907046370337525,0.11198640771908686,0.14097588696539856,interior,7.046370337523977e-05,-3.49072187821875e-10
0,persistent,0.01,0.5,0.8,5,1,126,30,1,1,1,0,1,0,30,2001,0.004214799962937832,0.24645540001802146,0.1865,0.42122319565472727,0.18668613759902605,0.12781136055127718,0.4212231921555687,interior,0.00018613759902605387,-3.499158574005179e-09
0,persistent,0.01,0.5,0.8,20,1,126,30,0,0,0,1,0,0,24,2001,0.0032285999041050673,0.2697767000645399,0.0,2.9777220269963878,0.0,0.0,2.9777220269963878,S=0,0.0,0.0
0,persistent,0.01,0.5,0.8,1,1,252,30,0,0,0,1,0,0,26,2001,0.003639000002294779,0.25643539999146014,0.0,0.12269850249113755,0.0,0.0,0.12269850249113755,S=0,0.0,0.0
0,persistent,0.01,0.5,0.8,5,1,252,30,0,0,0,1,0,0,26,2001,0.0036508000921458006,0.27588589990045875,0.0,0.3802350221791717,0.0,0.0,0.3802350221791717,S=0,0.0,0.0
0,persistent,0.01,0.5,0.8,20,1,252,30,0,0,0,1,0,0,26,2001,0.004415299976244569,0.3028391000116244,0.0,2.8282014618851563,0.0,0.0,2.8282014618851563,S=0,0.0,0.0
0,persistent,0.01,0.5,0.8,1,2,63,30,3,2,2,0,2,0,65,2001,0.008662300067953765,0.22830309998244047,0.622,0.12333195130682051,0.6219574303544289,1.0367222310742363,0.12333195051324167,interior,4.25696455711444e-05,-7.935788415291967e-10
0,persistent,0.01,0.5,0.8,5,2,63,30,1,1,1,0,1,0,83,2001,0.010916200000792742,0.23179899994283915,0.964,0.25726350796189135,0.9639273304627245,2362.638213671744,0.2572633919647071,interior,7.266953727547154e-05,-1.1599718424681882e-07
0,persistent,0.01,0.5,0.8,20,2,63,30,1,1,1,0,1,0,55,2001,0.007244699983857572,0.25383200007490814,0.991,0.5000136936541043,0.99085044367594,42535.593919456005,0.4999971339101523,interior,0.0001495563240599962,-1.6559743951982675e-05
0,persistent,0.01,0.5,0.8,1,2,126,30,1,1,1,0,1,0,48,2001,0.005991700105369091,0.24097209994215518,0.7945,0.1315900682291474,0.7946822306201773,9.278071937151253,0.1315900531787908,interior,0.00018223062017730385,-1.505035659987719e-08
0,persistent,0.01,0.5,0.8,5,2,126,30,1,1,1,0,1,0,88,2001,0.012925900053232908,0.2518774999771267,0.9540000000000001,0.2437440504122965,0.9539553071979721,1961.8730898946524,0.24374401480173968,interior,4.46928020280124e-05,-3.561055680889602e-08
0,persistent,0.01,0.5,0.8,20,2,126,30,1,1,1,0,1,0,76,2001,0.011172300088219345,0.2662909999489784,0.9795,0.5119202213622375,0.9793686796262778,24622.63721972704,0.5119079656161879,interior,0.00013132037372221017,-1.2255746049572025e-05
0,persistent,0.01,0.5,0.8,1,2,252,30,1,1,1,0,1,0,75,2001,0.011260599945671856,0.25639720004983246,0.8965,0.1218860425941383,0.8966429923938897,126.61171064246446,0.1218859129791582,interior,0.00014299239388970708,-1.296149800961155e-07
0,persistent,0.01,0.5,0.8,5,2,252,30,1,1,1,0,1,0,74,2001,0.01179479993879795,0.2869449000572786,0.9525,0.24342620350869698,0.95245007612331,2306.1926383525133,0.24342615759813294,interior,4.992387669000564e-05,-4.5910564044904234e-08
0,persistent,0.01,0.5,0.8,20,2,252,30,1,1,1,0,1,0,76,2001,0.012907399912364781,0.31122940010391176,0.9755,0.5104787825285833,0.9757411118694179,25363.54325711727,0.5104359247805792,interior,0.0002411118694178871,-4.285774800405484e-05
0,persistent,0.01,0.5,0.8,1,3,63,30,3,2,2,0,2,0,94,2001,0.012099299929104745,0.2375664000865072,0.8065,0.16165999416806173,0.8065726186235487,19.20069355983287,0.16165997013449587,interior,7.261862354868143e-05,-2.4033565859671313e-08
0,persistent,0.01,0.5,0.8,5,3,63,30,1,1,1,0,1,0,66,2001,0.009966200101189315,0.24279579997528344,0.989,0.32589740102309633,0.9891997322508169,891656.6930711269,0.32588478946687366,interior,0.0001997322508169308,-1.2611556222674736e-05
0,persistent,0.01,0.5,0.8,20,3,63,30,1,1,1,0,1,0,48,2001,0.006861999980174005,0.2531474999850616,0.998,1.0064597320048063,0.9978546834847835,7837044.74568367,1.0063801652150002,interior,0.00014531651521654254,-7.956678980614029e-05
0,persistent,0.01,0.5,0.8,1,3,126,30,5,3,3,0,3,0,145,2001,0.019464600016362965,0.23973929998464882,0.875,0.16424726051352317,0.8748448337060768,248.97430534474552,0.1642470440096629,interior,0.00015516629392320347,-2.1650386028415625e-07
0,persistent,0.01,0.5,0.8,5,3,126,30,1,1,1,0,1,0,75,2001,0.010354700032621622,0.25467729999218136,0.9835,0.2907187398300715,0.9835198727798985,2854770.626872778,0.2907185857742458,interior,1.9872779898455484e-05,-1.5405582570737764e-07
0,persistent,0.01,0.5,0.8,20,3,126,30,1,1,1,0,1,0,57,2001,0.008226100006140769,0.2738231000257656,0.993,0.7925407960053815,0.9928044699078719,30439590.66271782,0.7923737539340672,interior,0.00019553009212813777,-0.00016704207131434945
0,persistent,0.01,0.5,0.8,1,3,252,30,3,2,2,0,2,0,137,2001,0.020632200059480965,0.2736724999267608,0.9315,0.147456616042384,0.9313363504412544,8627.992337569594,0.14745645596800966,interior,0.00016364955874559328,-1.600743743390698e-07
0,persistent,0.01,0.5,0.8,5,3,252,30,1,1,1,0,1,0,114,2001,0.018193199997767806,0.29858469997998327,0.9785,0.29059673930148144,0.9783132987519427,3260329.943150282,0.2905802959949154,interior,0.00018670124805730826,-1.6443306566027438e-05
0,persistent,0.01,0.5,0.8,20,3,252,30,1,1,1,0,1,0,97,2001,0.01602360000833869,0.3095590000739321,0.983,0.8340774486355875,0.9828935238639093,9633267.894387245,0.8340424656053806,interior,0.00010647613609071627,-3.498303020688098e-05
0,persistent,0.01,0.5,0.8,1,4,63,30,3,2,2,0,2,0,130,2001,0.01720310002565384,0.23979789996519685,0.863,0.18187398376801586,0.8627748311394292,316.7002259287983,0.1818720023432231,interior,0.00022516886057077912,-1.981424792768527e-06
0,persistent,0.01,0.5,0.8,5,4,63,30,3,2,2,0,2,0,107,2001,0.014325099997222424,0.24023060000035912,0.993,0.42389009180214304,0.9928133618391964,29003649.39123392,0.4238566866245917,interior,0.0001866381608035539,-3.3405177551348864e-05
0,persistent,0.01,0.5,0.8,20,4,63,30,1,1,1,0,1,0,23,2001,0.0029915999621152878,0.2540568000404164,0.9985,3.2853934598437697,0.9987014032560153,232117664.0689373,3.284685042306235,interior,0.00020140325601525344,-0.0007084175375347002
0,persistent,0.01,0.5,0.8,1,4,126,30,7,4,4,0,4,0,154,2001,0.020907799946144223,0.2438749000430107,0.9645,0.18317864564269762,0.9644696055028064,3185807.5130730867,0.18317855048585382,interior,3.039449719366427e-05,-9.515684379346467e-08
0,persistent,0.01,0.5,0.8,5,4,126,30,1,1,1,0,1,0,98,2001,0.013240100000984967,0.2570938999997452,0.993,0.30737934397412897,0.9930682903629545,2017699033.0219269,0.30737181121114654,interior,6.829036295452617e-05,-7.532762982431773e-06
0,persistent,0.01,0.5,0.8,20,4,126,30,1,1,1,0,1,0,68,2001,0.010164299979805946,0.2672963000368327,0.995,1.1492648657847595,0.9949264748377549,3934241198.003292,1.1492050458738645,interior,7.352516224512495e-05,-5.981991089498706e-05
0,persistent,0.01,0.5,0.8,1,4,252,30,7,4,4,0,4,0,172,2001,0.02577549999114126,0.27348009997513145,0.9550000000000001,0.17200738310539646,0.9551100937015076,2399317.119270563,0.17200713321282882,interior,0.00011009370150749653,-2.498925676386321e-07
0,persistent,0.01,0.5,0.8,5,4,252,30,1,1,1,0,1,0,108,2001,0.016600799979642034,0.284181599970907,0.9845,0.3188167078349205,0.9847210721325405,1671329140.663147,0.3187264927826005,interior,0.00022107213254041191,-9.021505231998628e-05
0,persistent,0.01,0.5,0.8,20,4,252,30,1,1,2,0,1,1,77,2001,0.012944200076162815,0.31303779990412295,0.9855,1.288873461079968,0.9853866709535176,2106360457.8375816,1.2886894659504478,interior,0.00011332904648242437,-0.00018399512952016472
1,baseline,0.01,0.5,0.3,1,1,63,30,0,0,0,1,0,0,22,2001,0.002673499984666705,0.23157490009907633,0.0,0.5076232049145418,0.0,0.0,0.5076232049145418,S=0,0.0,0.0
1,baseline,0.01,0.5,0.3,5,1,63,30,0,0,0,1,0,0,22,2001,0.0026688999496400356,0.2356684000696987,0.0,2.0341176442908213,0.0,0.0,2.0341176442908213,S=0,0.0,0.0
1,baseline,0.01,0.5,0.3,20,1,63,30,0,0,0,1,0,0,22,2001,0.0035557999508455396,0.24944659997709095,0.0,19.34297355462407,0.0,0.0,19.34297355462407,S=0,0.0,0.0
1,baseline,0.01,0.5,0.3,1,1,126,30,0,0,0,1,0,0,24,2001,0.003200500039383769,0.2512398000108078,0.0,0.5408550503697279,0.0,0.0,0.5408550503697279,S=0,0.0,0.0
1,baseline,0.01,0.5,0.3,5,1,126,30,0,0,0,1,0,0,24,2001,0.003207499976269901,0.25327710004057735,0.0,2.3350983842848376,0.0,0.0,2.3350983842848376,S=0,0.0,0.0
1,baseline,0.01,0.5,0.3,20,1,126,30,0,0,0,1,0,0,24,2001,0.0034472999395802617,0.261929800035432,0.0,20.10113576055904,0.0,0.0,20.10113576055904,S=0,0.0,0.0
1,baseline,0.01,0.5,0.3,1,1,252,30,0,0,0,1,0,0,26,2001,0.003841400030069053,0.2626649000449106,0.0,0.6054402378175996,0.0,0.0,0.6054402378175996,S=0,0.0,0.0
1,baseline,0.01,0.5,0.3,5,1,252,30,0,0,0,1,0,0,26,2001,0.0037701999535784125,0.28439250006340444,0.0,1.9457443908831291,0.0,0.0,1.9457443908831291,S=0,0.0,0.0
1,baseline,0.01,0.5,0.3,20,1,252,30,0,0,0,1,0,0,26,2001,0.004114200011827052,0.3044003000250086,0.0,19.059734958966363,0.0,0.0,19.059734958966363,S=0,0.0,0.0
1,baseline,0.01,0.5,0.3,1,2,63,30,1,1,1,0,1,0,65,2001,0.008566400036215782,0.2535861999494955,0.9385,0.29047449134511755,0.9382937393388698,486.3080643117428,0.2904736065390914,interior,0.00020626066113016428,-8.848060261690271e-07
1,baseline,0.01,0.5,0.3,5,2,63,30,1,1,1,0,1,0,69,2001,0.009322699974291027,0.2375920000486076,0.9535,0.4743224126137517,0.9535784904159306,1154.1912669781595,0.47432196895366485,interior,7.849041593055439e-05,-4.4366008683516256e-07
1,baseline,0.01,0.5,0.3,20,2,63,30,1,1,1,0,1,0,42,2001,0.006399399950169027,0.2557196000125259,0.9515,1.2141180546876227,0.9514824811609152,1013.0370745901018,1.21411799819154,interior,1.75188390848513e-05,-5.649608270097417e-08
1,baseline,0.01,0.5,0.3,1,2,126,30,1,1,1,0,1,0,72,2001,0.009281700011342764,0.23749520001001656,0.9560000000000001,0.23608160055431765,0.9561163541423799,2307.4189014732838,0.23608045340188538,interior,0.00011635414237987085,-1.1471524322681503e-06
1,baseline,0.01,0.5,0.3,5,2,126,30,1,1,1,0,1,0,73,2001,0.010022900067269802,0.2512641999637708,0.9510000000000001,0.4958260152472296,0.9509459366694908,1581.815384561196,0.4958257219286827,interior,5.4063330509279695e-05,-2.9331854689562675e-07
1,baseline,0.01,0.5,0.3,20,2,126,30,1,1,1,0,1,0,44,2001,0.006525199976749718,0.27087370003573596,0.961,1.369219702435313,0.960783518021429,3357.056500390172,1.3692074519627242,interior,0.0002164819785709371,-1.225047258879286e-05
1,baseline,0.01,0.5,0.3,1,2,252,30,1,1,1,0,1,0,83,2001,0.012455000076442957,0.2590103999245912,0.8240000000000001,0.4636653120573745,0.8241027652014756,17.19928003149107,0.46366525626479127,interior,0.00010276520147556312,-5.579258322008229e-08
1,baseline,0.01,0.5,0.3,5,2,252,30,1,1,1,0,1,0,61,2001,0.009155199979431927,0.2764628999866545,0.9435,0.49484433836650843,0.9436028082396435,1228.381849359721,0.4948435551806446,interior,0.00010280823964348151,-7.831858638285283e-07
1,baseline,0.01,0.5,0.3,20,2,252,30,1,1,1,0,1,0,74,2001,0.011911200010217726,0.29650470009073615,0.9470000000000001,1.3359783035221544,0.9469398953446175,1539.7144458256662,1.3359776901142126,interior,6.010465538253129e-05,-6.134079417741134e-07
1,baseline,0.01,0.5,0.3,1,3,63,30,1,1,1,0,1,0,89,2001,0.011164899915456772,0.2324595000827685,0.968,0.3046571177209385,0.9682161503244068,54990.44843018055,0.30465255092399257,interior,0.00021615032440680526,-4.5667969459373126e-06
1,baseline,0.01,0.5,0.3,5,3,63,30,1,1,1,0,1,0,56,2001,0.007357300026342273,0.24080799997318536,0.9845,0.557900614558388,0.9845042254368862,424954.6267092228,0.5579006117985896,interior,4.225436886162726e-06,-2.759798389817547e-09
1,baseline,0.01,0.5,0.3,20,3,63,30,1,1,1,0,1,0,54,2001,0.007041699951514602,0.24645029997918755,0.994,1.8709897988772335,0.9939294082835533,2203912.6604795456,1.870960823622723,interior,7.0591716446744e-05,-2.8975254510399395e-05
1,baseline,0.01,0.5,0.3,1,3,126,30,1,1,1,0,1,0,109,2001,0.015163299976848066,0.23884770006407052,0.9835,0.2345460967346011,0.9837320346895077,2984792.459756136,0.23452163675635707,interior,0.00023203468950760975,-2.4459978244045777e-05
1,baseline,0.01,0.5,0.3,5,3,126,30,1,1,1,0,1,0,43,2001,0.005757999955676496,0.2546554000582546,0.9885,0.5629903830607718,0.9882718090403232,8484603.054821491,0.5629757796567431,interior,0.000228190959676855,-1.4603404028701306e-05
1,baseline,0.01,0.5,0.3,20,3,126,30,1,1,1,0,1,0,42,2001,0.006083699990995228,0.2690928999800235,0.996,1.2068783226747979,0.9960687654689233,93304213.13643456,1.2068265820122963,interior,6.876546892331525e-05,-5.174066250157594e-05
1,baseline,0.01,0.5,0.3,1,3,252,30,5,3,3,0,3,0,141,2001,0.02055270003620535,0.2653969000093639,0.865,0.4919078668710048,0.8651584661421109,200.83891367539763,0.49190719541491656,interior,0.00015846614211090237,-6.714560882303822e-07
1,baseline,0.01,0.5,0.3,5,3,252,30,3,2,2,0,2,0,98,2001,0.015837900107726455,0.28021389991045,0.9835,0.5769569541599937,0.9834961951495383,11285930.5460006,0.5769569501669951,interior,3.8048504616972068e-06,-3.992998598434383e-09
1,baseline,0.01,0.5,0.3,20,3,252,30,1,1,1,0,1,0,67,2001,0.011162700015120208,0.3069843000266701,0.992,1.1614882567216178,0.9921791120453451,209440022.70698547,1.1611594728408374,interior,0.00017911204534515335,-0.0003287838807803922
1,baseline,0.01,0.5,0.3,1,4,63,30,1,1,1,0,1,0,81,2001,0.010793699999339879,0.23624360002577305,0.988,0.3162551832213919,0.9877741053348693,11273011.448793113,0.31623889740870637,interior,0.00022589466513067702,-1.628581268553475e-05
1,baseline,0.01,0.5,0.3,5,4,63,30,1,1,1,0,1,0,54,2001,0.007856199983507395,0.24376240000128746,0.9915,0.6706928561408089,0.9915589662666294,22486033.849418163,0.6706884273108484,interior,5.896626662937887e-05,-4.428829960434477e-06
1,baseline,0.01,0.5,0.3,20,4,63,30,1,1,1,0,1,0,24,2001,0.0038204999873414636,0.24798480002209544,0.9945,4.764090006917229,0.9945198910377894,42807275.80189705,4.764079690342845,interior,1.989103778932133e-05,-1.0316574384106048e-05
1,baseline,0.01,0.5,0.3,1,4,126,30,1,1,1,0,1,0,99,2001,0.013487499905750155,0.24358830007258803,0.9945,0.24679887329653236,0.9946844030285639,3596397098.1538296,0.246741752348601,interior,0.00018440302856381763,-5.712094793136613e-05
1,baseline,0.01,0.5,0.3,5,4,126,30,1,1,1,0,1,0,57,2001,0.00805249996483326,0.25516940001398325,0.996,0.6287006172824291,0.9960948746052428,6207602322.101593,0.628668133204481,interior,9.487460524282287e-05,-3.2484077948091716e-05
1,baseline,0.01,0.5,0.3,20,4,126,30,1,1,1,0,1,0,52,2001,0.008364300010725856,0.26898910000454634,0.9975,2.0539921929782756,0.9977185907247468,13421667367.219925,2.0524526590842838,interior,0.00021859072474672558,-0.0015395338939918624
1,baseline,0.01,0.5,0.3,1,4,252,30,5,3,3,0,3,0,135,2001,0.020314599969424307,0.27060839999467134,0.8915000000000001,0.5270667022421842,0.8914743291683194,4509.224193170667,0.527066671200979,interior,2.5670831680701944e-05,-3.104120516184139e-08
1,baseline,0.01,0.5,0.3,5,4,252,30,3,2,2,0,2,0,82,2001,0.012586000026203692,0.2819817999843508,0.9925,0.6472647934088553,0.9924832548183842,42478568106.889725,0.6472640285587079,interior,1.6745181615873683e-05,-7.64850147438878e-07
1,baseline,0.01,0.5,0.3,20,4,252,30,1,1,1,0,1,0,78,2001,0.013753500068560243,0.3061787999467924,0.9945,1.507334372296063,0.994410924493555,122386725619.4353,1.5067955024191806,interior,8.907550644510209e-05,-0.0005388698768824529
1,persistent,0.01,0.5,0.8,1,1,63,30,0,0,0,1,0,0,22,2001,0.002980199991725385,0.23081390000879765,0.0,0.25817728285252894,0.0,0.0,0.25817728285252894,S=0,0.0,0.0
1,persistent,0.01,0.5,0.8,5,1,63,30,0,0,0,1,0,0,22,2001,0.0026660000439733267,0.23450540006160736,0.0,1.8518867493530267,0.0,0.0,1.8518867493530267,S=0,0.0,0.0
1,persistent,0.01,0.5,0.8,20,1,63,30,0,0,0,1,0,0,22,2001,0.0027608999516814947,0.24857190006878227,0.0,19.64181003341445,0.0,0.0,19.64181003341445,S=0,0.0,0.0
1,persistent,0.01,0.5,0.8,1,1,126,30,0,0,0,1,0,0,24,2001,0.003096599946729839,0.2398850000463426,0.0,0.23642061759288888,0.0,0.0,0.23642061759288888,S=0,0.0,0.0
1,persistent,0.01,0.5,0.8,5,1,126,30,0,0,0,1,0,0,24,2001,0.0031718999380245805,0.24480350001249462,0.0,2.012369424135741,0.0,0.0,2.012369424135741,S=0,0.0,0.0
1,persistent,0.01,0.5,0.8,20,1,126,30,0,0,0,1,0,0,24,2001,0.0031811000080779195,0.2589560999767855,0.0,20.033524577451733,0.0,0.0,20.033524577451733,S=0,0.0,0.0
1,persistent,0.01,0.5,0.8,1,1,252,30,0,0,0,1,0,0,26,2001,0.003904000041075051,0.2535463999956846,0.0,0.3111873822107634,0.0,0.0,0.3111873822107634,S=0,0.0,0.0
1,persistent,0.01,0.5,0.8,5,1,252,30,0,0,0,1,0,0,26,2001,0.0037490000249817967,0.27337439998518676,0.0,1.9413180059724036,0.0,0.0,1.9413180059724036,S=0,0.0,0.0
1,persistent,0.01,0.5,0.8,20,1,252,30,0,0,0,1,0,0,26,2001,0.0041383999632671475,0.29610489995684475,0.0,19.70457140947672,0.0,0.0,19.70457140947672,S=0,0.0,0.0
1,persistent,0.01,0.5,0.8,1,2,63,30,1,1,1,0,1,0,41,2001,0.005117100081406534,0.22666749998461455,0.671,0.13106955157602282,0.6712418792594727,1.6731226901174523,0.13106950938453202,interior,0.00024187925947261046,-4.219149080109119e-08
1,persistent,0.01,0.5,0.8,5,2,63,30,1,1,1,0,1,0,67,2001,0.009160200017504394,0.2323479000478983,0.9390000000000001,0.4585376987861021,0.9391346427594032,507.61626474559307,0.4585368038670409,interior,0.0001346427594031141,-8.949190612450586e-07
1,persistent,0.01,0.5,0.8,20,2,63,30,1,1,1,0,1,0,70,2001,0.00958610000088811,0.2423141999170184,0.97,1.8560117511432366,0.9699795916619357,3851.4953199774027,1.856011700176358,interior,2.040833806427056e-05,-5.096687849537318e-08
1,persistent,0.01,0.5,0.8,1,2,126,30,1,1,1,0,1,0,47,2001,0.00611910002771765,0.23731240001507103,0.8915000000000001,0.11878922666009568,0.8916970372782292,95.14734544791281,0.11878899572705454,interior,0.00019703727822917294,-2.309330411481847e-07
1,persistent,0.01,0.5,0.8,5,2,126,30,1,1,1,0,1,0,45,2001,0.006396900047548115,0.2505908999592066,0.928,0.43547914916376035,0.9280816720785157,415.966191329062,0.43547886970346866,interior,8.167207851561553e-05,-2.7946029168557374e-07
1,persistent,0.01,0.5,0.8,20,2,126,30,1,1,1,0,1,0,63,2001,0.00916830007918179,0.25837019993923604,0.973,1.7785323618284443,0.9730376947732875,11106.902011670172,1.7785313305905792,interior,3.769477328752213e-05,-1.0312378651011755e-06
1,persistent,0.01,0.5,0.8,1,2,252,30,1,1,1,0,1,0,87,2001,0.013715700013563037,0.2575754999415949,0.6805,0.18423548325001768,0.6804836016587551,1.962560920510441,0.18423548310573362,interior,1.6398341244894254e-05,-1.4428405692434865e-10
1,persistent,0.01,0.5,0.8,5,2,252,30,1,1,1,0,1,0,58,2001,0.008704700041562319,0.279373100027442,0.9305,0.47376718564543147,0.9303914862283169,560.4307153262198,0.4737665259908268,interior,0.00010851377168308307,-6.596546046622187e-07
1,persistent,0.01,0.5,0.8,20,2,252,30,1,1,1,0,1,0,78,2001,0.013219400076195598,0.30279879993759096,0.97,1.8272967152485096,0.9702066742810652,12417.996022850275,1.827257421158229,interior,0.00020667428106524444,-3.9294090280472815e-05
1,persistent,0.01,0.5,0.8,1,3,63,30,3,2,2,0,2,0,77,2001,0.009722699993290007,0.23584990005474538,0.782,0.1917838440805222,0.7820036415492542,10.490658710477874,0.1917838440204046,interior,3.641549254140841e-06,-6.011760533830568e-11
1,persistent,0.01,0.5,0.8,5,3,63,30,1,1,1,0,1,0,80,2001,0.010365599999204278,0.23807169997598976,0.9685,0.6153885251085448,0.9686253272824935,57424.102537333965,0.6153844310386245,interior,0.00012532728249348146,-4.094069920301813e-06
1,persistent,0.01,0.5,0.8,20,3,63,30,1,1,1,0,1,0,41,2001,0.005397100001573563,0.24792640004307032,0.996,3.0178564235421237,0.995901487485544,3678658.9585244656,3.0177395123677138,interior,9.851251445602838e-05,-0.00011691117440992826
1,persistent,0.01,0.5,0.8,1,3,126,30,1,1,1,0,1,0,68,2001,0.008967499947175384,0.24006189999636263,0.9375,0.1618385855243472,0.9373044398440147,9102.36376337707,0.16183710053689945,interior,0.00019556015598531928,-1.4849874477584901e-06
1,persistent,0.01,0.5,0.8,5,3,126,30,3,2,2,0,2,0,127,2001,0.017323400010354817,0.2496546000475064,0.9550000000000001,0.6064621056487114,0.9547783418710205,44537.958689033985,0.6064503929425107,interior,0.00022165812897956272,-1.171270620070608e-05
1,persistent,0.01,0.5,0.8,20,3,126,30,1,1,1,0,1,0,88,2001,0.013426100020296872,0.27434989996254444,0.9975,1.3103488162671946,0.9977150337869789,199227074.1611719,1.3097125465265906,interior,0.00021503378697884656,-0.0006362697406039342
1,persistent,0.01,0.5,0.8,1,3,252,30,5,3,3,0,3,0,130,2001,0.02267279999796301,0.2713669999502599,0.803,0.21195262266830123,0.8031954358893102,24.257236812263727,0.21195239464725427,interior,0.0001954358893101471,-2.2802104696073577e-07
1,persistent,0.01,0.5,0.8,5,3,252,30,3,2,2,0,2,0,90,2001,0.014197799959219992,0.2907417999813333,0.9905,0.6154696156867219,0.9905753589123985,108487588.35345507,0.6154600697799459,interior,7.535891239840442e-05,-9.545906775931812e-06
1,persistent,0.01,0.5,0.8,20,3,252,30,1,1,1,0,1,0,95,2001,0.016203499981202185,0.30581109994091094,0.993,1.221984421957978,0.992933365986496,293118564.4119978,1.221888046672617,interior,6.663401350404108e-05,-9.637528536110551e-05
1,persistent,0.01,0.5,0.8,1,4,63,30,5,3,3,0,3,0,124,2001,0.0170887999702245,0.23822499997913837,0.973,0.23779285847733955,0.9727576653571328,1124411.6607122123,0.237785537530378,interior,0.0002423346428671591,-7.320946961542063e-06
1,persistent,0.01,0.5,0.8,5,4,63,30,1,1,1,0,1,0,106,2001,0.01398469996638596,0.24400970002170652,0.9885,0.7945977737266938,0.988736487671318,13345242.664217949,0.7945152363637961,interior,0.00023648767131800863,-8.253736289776104e-05
1,persistent,0.01,0.5,0.8,20,4,63,30,1,1,1,0,1,0,53,2001,0.0075570999179035425,0.2500278000952676,0.9945,9.197084689766104,0.9943498368314393,41051356.49442673,9.196098539354653,interior,0.0001501631685607574,-0.0009861504114514474
1,persistent,0.01,0.5,0.8,1,4,126,30,3,2,2,0,2,0,118,2001,0.015677399933338165,0.2448382000438869,0.9500000000000001,0.20289930201751924,0.9498617227289841,440441.33834540844,0.2028971051481568,interior,0.0001382772710160074,-2.1968693624530022e-06
1,persistent,0.01,0.5,0.8,5,4,126,30,3,2,2,0,2,0,119,2001,0.016433599987067282,0.25358469993807375,0.996,0.7054516707860918,0.9961532488015927,6359451450.407505,0.7053770147953368,interior,0.00015324880159273135,-7.465599075506812e-05
1,persistent,0.01,0.5,0.8,20,4,126,30,1,1,1,0,1,0,101,2001,0.015726200072094798,0.2658626999473199,0.9985,2.5327334463667794,0.9985230545444462,22958120703.697205,2.5327150349082315,interior,2.305454444617716e-05,-1.8411458547973325e-05
1,persistent,0.01,0.5,0.8,1,4,252,30,5,3,3,0,3,0,168,2001,0.02430709998589009,0.26200109999626875,0.8465,0.2406036385677449,0.8466853827573718,350.18842155113816,0.24060249027884276,interior,0.0001853827573717881,-1.1482889021308118e-06
1,persistent,0.01,0.5,0.8,5,4,252,30,3,2,2,0,2,0,112,2001,0.018379700020886958,0.28414070000872016,0.9935,0.689495146076855,0.9933091837585175,65618219971.6568,0.689170171316334,interior,0.00019081624148253873,-0.00032497476052106844
1,persistent,0.01,0.5,0.8,20,4,252,30,1,1,1,0,1,0,46,2001,0.007911400054581463,0.3064005000051111,0.9945,1.7149145246960593,0.9945236735971081,130906462669.37256,1.7148646939304941,interior,2.367359710808703e-05,-4.983076556519528e-05
2,baseline,0.01,0.5,0.3,1,1,63,30,1,1,1,0,1,0,27,2001,0.003370000049471855,0.22522909997496754,0.383,0.36738382616335663,0.38324191148259035,0.40471758678904735,0.36738379893983814,interior,0.00024191148259034012,-2.722351849504534e-08
2,baseline,0.01,0.5,0.3,5,1,63,30,0,0,0,1,0,0,22,2001,0.002694800030440092,0.2340513999806717,0.0,1.388483047408555,0.0,0.0,1.388483047408555,S=0,0.0,0.0
2,baseline,0.01,0.5,0.3,20,1,63,30,0,0,0,1,0,0,22,2001,0.0028313000220805407,0.2412981999805197,0.0,12.795785719634539,0.0,0.0,12.795785719634539,S=0,0.0,0.0
2,baseline,0.01,0.5,0.3,1,1,126,30,0,0,0,1,0,0,24,2001,0.002952700015157461,0.23504880000837147,0.0,0.29221645740676744,0.0,0.0,0.29221645740676744,S=0,0.0,0.0
2,baseline,0.01,0.5,0.3,5,1,126,30,0,0,0,1,0,0,24,2001,0.003115300089120865,0.2447625999338925,0.0,1.4360749803505612,0.0,0.0,1.4360749803505612,S=0,0.0,0.0
2,baseline,0.01,0.5,0.3,20,1,126,30,0,0,0,1,0,0,24,2001,0.0033837000373750925,0.2566422000527382,0.0,13.340729312423212,0.0,0.0,13.340729312423212,S=0,0.0,0.0
2,baseline,0.01,0.5,0.3,1,1,252,30,0,0,0,1,0,0,26,2001,0.0033786999993026257,0.25814289995469153,0.0,0.6189076869055868,0.0,0.0,0.6189076869055868,S=0,0.0,0.0
2,baseline,0.01,0.5,0.3,5,1,252,30,0,0,0,1,0,0,26,2001,0.004266500007361174,0.27217690006364137,0.0,1.6472579263481888,0.0,0.0,1.6472579263481888,S=0,0.0,0.0
2,baseline,0.01,0.5,0.3,20,1,252,30,0,0,0,1,0,0,26,2001,0.004071699921041727,0.2986623999895528,0.0,14.327360561851753,0.0,0.0,14.327360561851753,S=0,0.0,0.0
2,baseline,0.01,0.5,0.3,1,2,63,30,1,1,1,0,1,0,44,2001,0.005633399938233197,0.22637940000277013,0.985,0.1643049171347724,0.9850760493374183,18570.581497624516,0.1643044290467352,interior,7.604933741833797e-05,-4.880880372093443e-07
2,baseline,0.01,0.5,0.3,5,2,63,30,1,1,1,0,1,0,67,2001,0.008935200050473213,0.23369959997944534,0.98,0.31240618927915437,0.9802473842296164,10469.610546715558,0.3124017593394364,interior,0.0002473842296164541,-4.429939717942588e-06
2,baseline,0.01,0.5,0.3,20,2,63,30,1,1,1,0,1,0,67,2001,0.009051600005477667,0.24325800000224262,0.9835,0.4638501969453044,0.9833834290649885,15048.99903666228,0.46384715229857126,interior,0.00011657093501149518,-3.044646733119105e-06
2,baseline,0.01,0.5,0.3,1,2,126,30,1,1,1,0,1,0,71,2001,0.009193499921821058,0.23532069998327643,0.785,0.25556812300088116,0.784985810148034,7.856591844465584,0.2555681224972407,interior,1.4189851965995537e-05,-5.036404626679314e-10
2,baseline,0.01,0.5,0.3,5,2,126,30,1,1,1,0,1,0,52,2001,0.0070844999281689525,0.24459210003260523,0.962,0.30483817587368395,0.9620275360844452,3733.38270932436,0.30483815239977863,interior,2.7536084445278775e-05,-2.3473905319537636e-08
2,baseline,0.01,0.5,0.3,20,2,126,30,1,1,1,0,1,0,32,2001,0.004575700033456087,0.2656598000321537,0.9615,0.46824771725929226,0.9616296302128262,3607.512484304607,0.46824656494437583,interior,0.0001296302128261928,-1.1523149164305302e-06
2,baseline,0.01,0.5,0.3,1,2,252,30,1,1,1,0,1,0,76,2001,0.010929599986411631,0.2562494999729097,0.8575,0.35971900568513016,0.8572579074124441,37.53425183240324,0.3597186784280655,interior,0.0002420925875559199,-3.272570646695172e-07
2,baseline,0.01,0.5,0.3,5,2,252,30,1,1,1,0,1,0,64,2001,0.010075700003653765,0.2751947999931872,0.9595,0.2991265921196654,0.9595542353828495,4162.834244780242,0.2991264914082153,interior,5.423538284943241e-05,-1.0071145012391369e-07
2,baseline,0.01,0.5,0.3,20,2,252,30,1,1,1,0,1,0,62,2001,0.00990459998138249,0.29948519996833056,0.966,0.47617668644146427,0.9660706567609499,7833.357471972704,0.4761760878287915,interior,7.065676094997198e-05,-5.986126727641761e-07
2,baseline,0.01,0.5,0.3,1,3,63,30,1,1,1,0,1,0,68,2001,0.00856830005068332,0.23166519997175783,0.9965,0.19156029177736242,0.9965507336962006,4536823.388189077,0.19155984776058538,interior,5.073369620056667e-05,-4.440167770403125e-07
2,baseline,0.01,0.5,0.3,5,3,63,30,1,1,1,0,1,0,67,2001,0.009050099994055927,0.23676549992524087,0.9945,0.3460741495801863,0.9945336353040604,2541470.4345166683,0.3460738049948568,interior,3.363530406030879e-05,-3.445853294925527e-07
2,baseline,0.01,0.5,0.3,20,3,63,30,1,1,1,0,1,0,38,2001,0.005292000016197562,0.2440372999990359,0.997,0.660072203071067,0.9967980727154968,4955753.535032272,0.6599893478496542,interior,0.00020192728450318942,-8.285522141271429e-05
2,baseline,0.01,0.5,0.3,1,3,126,30,3,2,2,0,2,0,119,2001,0.015678000054322183,0.23847849993035197,0.9560000000000001,0.28224161329183634,0.9561744478476454,51604.962442070246,0.2822399484192761,interior,0.0001744478476453093,-1.6648725602586012e-06
2,baseline,0.01,0.5,0.3,5,3,126,30,1,1,1,0,1,0,56,2001,0.007439299952238798,0.2491015000268817,0.9765,0.32920652390988747,0.9766978657423664,793592.7212238312,0.3292035444433829,interior,0.00019786574236635435,-2.97946650457126e-06
2,baseline,0.01,0.5,0.3,20,3,126,30,3,2,2,0,2,0,54,2001,0.007723500020802021,0.2625399000244215,0.9775,0.6684683336804662,0.9775329047419903,915334.8356485367,0.6684677333586806,interior,3.290474199024729e-05,-6.003217856154208e-07
2,baseline,0.01,0.5,0.3,1,3,252,30,3,2,2,0,2,0,115,2001,0.01609020004980266,0.2579973000101745,0.9315,0.37539396861598995,0.9317178415859634,8895.624000579119,0.3753933658719271,interior,0.00021784158596338532,-6.027440628275649e-07
2,baseline,0.01,0.5,0.3,5,3,252,30,1,1,1,0,1,0,62,2001,0.009523400105535984,0.2845851999009028,0.9735,0.328674221263736,0.9733251001181267,1208664.164878428,0.3286713503496946,interior,0.00017489988187335825,-2.8709140414417966e-06
2,baseline,0.01,0.5,0.3,20,3,252,30,1,1,1,0,1,0,47,2001,0.008097400073893368,0.30318559997249395,0.9875,0.6682587075762426,0.9876534951415537,38366172.09017277,0.6682099665267284,interior,0.00015349514155360566,-4.874104951424485e-05
2,baseline,0.01,0.5,0.3,1,4,63,30,1,1,1,0,1,0,81,2001,0.01077269995585084,0.2382474000332877,0.9905,0.24472050039109558,0.9904584123055207,18231697.473675013,0.2447202690644493,interior,4.1587694479372495e-05,-2.313266462827812e-07
2,baseline,0.01,0.5,0.3,5,4,63,30,1,1,1,0,1,0,79,2001,0.010499899974092841,0.23925859993323684,0.999,0.4428893293623551,0.9990172005056758,311958208.6801529,0.442889178856078,interior,1.7200505675774025e-05,-1.505062771078869e-07
2,baseline,0.01,0.5,0.3,20,4,63,30,0,0,0,1,0,0,18,2001,0.00259869999717921,0.26211069989949465,1.0,1.605460857334407,1.0,inf,1.605460857334407,S=1,0.0,0.0
2,baseline,0.01,0.5,0.3,1,4,126,30,3,2,2,0,2,0,114,2001,0.015664300066418946,0.25131919991690665,0.9715,0.27397666932748205,0.9712823918259538,9800115.376710892,0.27396995611240943,interior,0.00021760817404625765,-6.713215072617906e-06
2,baseline,0.01,0.5,0.3,5,4,126,30,1,1,1,0,1,0,58,2001,0.009241199935786426,0.2533005999866873,0.9855,0.35633672035100133,0.985733880784423,215651774.77896214,0.35632947906940693,interior,0.00023388078442299065,-7.241281594405624e-06
2,baseline,0.01,0.5,0.3,20,4,126,30,3,2,2,0,2,0,57,2001,0.009147800039499998,0.2695717999013141,0.9865,0.9309542336551653,0.986726900238114,280660966.41123295,0.9308089329643372,interior,0.00022690023811400284,-0.00014530069082807628
2,baseline,0.01,0.5,0.3,1,4,252,30,1,1,1,0,1,0,87,2001,0.012967500020749867,0.2648578999796882,0.9515,0.3766948722810947,0.9512992000109155,1377918.1754216552,0.37669340244893523,interior,0.00020079998908451024,-1.4698321594841524e-06
2,baseline,0.01,0.5,0.3,5,4,252,30,1,1,1,0,1,0,40,2001,0.006406200001947582,0.28708149993326515,0.9795,0.3659154488873432,0.9793269257515642,317039882.76422024,0.36591358797469237,interior,0.00017307424843582275,-1.860912650808455e-06
2,baseline,0.01,0.5,0.3,20,4,252,30,1,1,1,0,1,0,49,2001,0.008253699983470142,0.30595019995234907,0.9925,0.8815473602725605,0.9923260872052105,39203744009.13715,0.8810655000007453,interior,0.00017391279478951027,-0.0004818602718151821
2,persistent,0.01,0.5,0.8,1,1,63,30,0,0,0,1,0,0,22,2001,0.002889399998821318,0.23418599995784461,0.0,0.12836840723146842,0.0,0.0,0.12836840723146842,S=0,0.0,0.0
2,persistent,0.01,0.5,0.8,5,1,63,30,0,0,0,1,0,0,22,2001,0.00275409989990294,0.23463900003116578,0.0,1.1607117494964556,0.0,0.0,1.1607117494964556,S=0,0.0,0.0
2,persistent,0.01,0.5,0.8,20,1,63,30,0,0,0,1,0,0,22,2001,0.0028158999048173428,0.2405623000813648,0.0,13.002074778023912,0.0,0.0,13.002074778023912,S=0,0.0,0.0
2,persistent,0.01,0.5,0.8,1,1,126,30,0,0,0,1,0,0,24,2001,0.0031177999917417765,0.24241279996931553,0.0,0.1654109581047587,0.0,0.0,0.1654109581047587,S=0,0.0,0.0
2,persistent,0.01,0.5,0.8,5,1,126,30,0,0,0,1,0,0,24,2001,0.003167100017890334,0.24575889995321631,0.0,1.2125942573516106,0.0,0.0,1.2125942573516106,S=0,0.0,0.0
2,persistent,0.01,0.5,0.8,20,1,126,30,0,0,0,1,0,0,24,2001,0.0033510999055579305,0.2629913000855595,0.0,13.301977034087322,0.0,0.0,13.301977034087322,S=0,0.0,0.0
2,persistent,0.01,0.5,0.8,1,1,252,30,0,0,0,1,0,0,26,2001,0.0034817999694496393,0.2556891000131145,0.0,0.29921988241535313,0.0,0.0,0.29921988241535313,S=0,0.0,0.0
2,persistent,0.01,0.5,0.8,5,1,252,30,0,0,0,1,0,0,26,2001,0.0038212999934330583,0.2785177999176085,0.0,1.2866780585438387,0.0,0.0,1.2866780585438387,S=0,0.0,0.0
2,persistent,0.01,0.5,0.8,20,1,252,30,0,0,0,1,0,0,26,2001,0.004168800078332424,0.3012895999709144,0.0,13.747690353718124,0.0,0.0,13.747690353718124,S=0,0.0,0.0
2,persistent,0.01,0.5,0.8,1,2,63,30,1,1,1,0,1,0,41,2001,0.0051364999962970614,0.23556099995039403,0.866,0.07939028176070817,0.8658229123529257,37.073136726394296,0.07939010952012407,interior,0.00017708764707424773,-1.7224058410092447e-07
2,persistent,0.01,0.5,0.8,5,2,63,30,1,1,1,0,1,0,43,2001,0.00540179992094636,0.23382530000526458,0.9575,0.22348966356994523,0.9574003914027104,1481.4592711627483,0.22348940342532064,interior,9.960859728963545e-05,-2.6014462459200693e-07
2,persistent,0.01,0.5,0.8,20,2,63,30,1,1,1,0,1,0,40,2001,0.005280000041238964,0.24269520002417266,0.9795,0.4917798148030524,0.9796671142497096,9823.167901486158,0.4917774738490255,interior,0.00016711424970961009,-2.3409540269025975e-06
2,persistent,0.01,0.5,0.8,1,2,126,30,3,2,2,0,2,0,67,2001,0.008715100004337728,0.23953970009461045,0.47350000000000003,0.09385924524553689,0.47366475057049073,0.3304759939201176,0.09385923753331424,interior,0.00016475057049070152,-7.712222652167533e-09
2,persistent,0.01,0.5,0.8,5,2,126,30,3,2,2,0,2,0,66,2001,0.008748300024308264,0.24689249997027218,0.962,0.24915958160482557,0.9621596718231916,3776.394948363304,0.24915840496655298,interior,0.00015967182319165385,-1.1766382725930669e-06
2,persistent,0.01,0.5,0.8,20,2,126,30,1,1,1,0,1,0,68,2001,0.009536299970932305,0.26239950000308454,0.9645,0.5203678532596862,0.964720336921144,4747.271807864308,0.5203627187204958,interior,0.00022033692114398207,-5.1345391903767634e-06
2,persistent,0.01,0.5,0.8,1,2,252,30,1,1,1,0,1,0,88,2001,0.012395399971865118,0.26033279998227954,0.7155,0.1392201396603882,0.7156117421205027,2.973071853048168,0.13922012248349894,interior,0.00011174212050268917,-1.717688927205252e-08
2,persistent,0.01,0.5,0.8,5,2,252,30,1,1,1,0,1,0,85,2001,0.012859900016337633,0.2791531999828294,0.9490000000000001,0.23551809289094214,0.9492297698236636,1812.0923219248652,0.2355167246217786,interior,0.00022976982366351706,-1.3682691635263922e-06
2,persistent,0.01,0.5,0.8,20,2,252,30,1,1,1,0,1,0,50,2001,0.00799479999113828,0.3028937999624759,0.961,0.5135226373008768,0.9609028385765132,4706.805637106299,0.5135216342107832,interior,9.716142348681345e-05,-1.0030900935431575e-06
2,persistent,0.01,0.5,0.8,1,3,63,30,1,1,1,0,1,0,69,2001,0.01046899997163564,0.2396057000150904,0.9285,0.10011595875676926,0.9284523686664544,2306.0870775952935,0.10011593707573486,interior,4.7631333545572474e-05,-2.168103439836866e-08
2,persistent,0.01,0.5,0.8,5,3,63,30,1,1,1,0,1,0,72,2001,0.011033900082111359,0.2450468000024557,0.987,0.2723037652276175,0.9871800405281417,641307.0373237133,0.2722991834509229,interior,0.00018004052814168947,-4.581776694601025e-06
2,persistent,0.01,0.5,0.8,20,3,63,30,1,1,1,0,1,0,64,2001,0.008681199979037046,0.2512251000152901,0.9935,0.8194518092288567,0.9936757270192221,2081721.5833812952,0.81938199911589,interior,0.00017572701922208278,-6.981011296669504e-05
2,persistent,0.01,0.5,0.8,1,3,126,30,3,2,2,0,2,0,122,2001,0.01582640002015978,0.23907780006993562,0.799,0.13438900154242198,0.7990523654963038,19.453447125852108,0.13438898092865223,interior,5.2365496303719006e-05,-2.0613769746713473e-08
2,persistent,0.01,0.5,0.8,5,3,126,30,3,2,2,0,2,0,103,2001,0.013906699954532087,0.24972050008364022,0.977,0.29836149069207873,0.9771612726489206,858640.4137313366,0.2983587255527152,interior,0.00016127264892062954,-2.7651393635363952e-06
2,persistent,0.01,0.5,0.8,20,3,126,30,1,1,2,0,1,1,55,2001,0.008203999954275787,0.26404160005040467,0.996,0.7856567392079383,0.9773079611583366,880514.3032222986,0.9021946273703232,interior,0.018692038841663372,0.11653788816238486
2,persistent,0.01,0.5,0.8,1,3,252,30,3,2,2,0,2,0,138,2001,0.019913500058464706,0.2613425999879837,0.8275,0.15980701885736,0.8277181557648,50.86891879327595,0.1598063386492104,interior,0.00021815576479999876,-6.802081496115608e-07
2,persistent,0.01,0.5,0.8,5,3,252,30,1,1,1,0,1,0,104,2001,0.01671849994454533,0.2787745000096038,0.965,0.2848474724175963,0.9648461017001079,303593.6411470175,0.2848456833149868,interior,0.0001538982998920968,-1.7891026095062657e-06
2,persistent,0.01,0.5,0.8,20,3,252,30,3,2,2,0,2,0,87,2001,0.014872499974444509,0.30489780008792877,0.9895,0.7640780764309347,0.9895618807105537,74086278.6769867,0.7640575365016482,interior,6.18807105536856e-05,-2.0539929286522707e-05
2,persistent,0.01,0.5,0.8,1,4,63,30,1,1,1,0,1,0,68,2001,0.00855190004222095,0.23505899996962398,0.9635,0.10687108576637269,0.9636336797422401,369637.2648701072,0.1068700615739244,interior,0.00013367974224010037,-1.0241924482956577e-06
2,persistent,0.01,0.5,0.8,5,4,63,30,1,1,1,0,1,0,67,2001,0.00965249992441386,0.25019120005890727,0.993,0.33465468499205075,0.9927833119796136,28820148.48291874,0.33462687318848056,interior,0.0002166880203864352,-2.781180357019908e-05
2,persistent,0.01,0.5,0.8,20,4,63,30,0,0,0,1,0,0,76,2001,0.010412699892185628,0.2478784000268206,1.0,1.8068086394200273,1.0,inf,1.8068086394200273,S=1,0.0,0.0
2,persistent,0.01,0.5,0.8,1,4,126,30,5,3,3,0,3,0,145,2001,0.019364100066013634,0.2483801000053063,0.8515,0.15750521356594122,0.8514059283543777,331.24122535809875,0.15750483295601597,interior,9.407164562236225e-05,-3.8060992524346915e-07
2,persistent,0.01,0.5,0.8,5,4,126,30,3,2,1,0,1,0,131,2001,0.0181006999919191,0.25476549996528774,0.986,0.35518058103370004,0.9862321685344633,245851825.92272758,0.35516696133279113,interior,0.000232168534463284,-1.361970090890674e-05
2,persistent,0.01,0.5,0.8,20,4,126,30,1,1,2,0,1,1,29,2001,0.0042122999439015985,0.2707669000374153,0.997,1.38788416066669,0.9857562939850109,216916650.53367615,1.4315478828572963,interior,0.011243706014989141,0.04366372219060621
2,persistent,0.01,0.5,0.8,1,4,252,30,3,2,2,0,2,0,136,2001,0.020081899943761528,0.2678303000284359,0.8665,0.18896589626731647,0.8666689527258302,986.1295307055116,0.18896468455439194,interior,0.00016895272583017373,-1.2117129245259317e-06
2,persistent,0.01,0.5,0.8,5,4,252,30,3,2,2,0,2,0,116,2001,0.020187600050121546,0.28770659992005676,0.971,0.3394027064346253,0.9710451571960076,41875251.568853855,0.33940221167220896,interior,4.515719600761692e-05,-4.947624163142983e-07
2,persistent,0.01,0.5,0.8,20,4,252,30,3,2,2,0,2,0,63,2001,0.010992600000463426,0.3085727000143379,0.993,1.0600827553761674,0.9929823284115519,55089154094.45763,1.0600730228766722,interior,1.7671588448120445e-05,-9.732499495207492e-06
