selector,window,horizon,wins,total_blocks,win_rate
forecast_cv_h,36,1,351,700,0.5014285714285714
cv,36,1,177,700,0.25285714285714284
aicc,36,1,87,700,0.12428571428571429
gcv,36,1,85,700,0.12142857142857143
forecast_cv_h,36,3,277,700,0.39571428571428574
cv,36,3,171,700,0.24428571428571427
forecast_cv_1,36,3,123,700,0.1757142857142857
gcv,36,3,81,700,0.11571428571428571
aicc,36,3,48,700,0.06857142857142857
forecast_cv_h,36,6,346,700,0.4942857142857143
cv,36,6,105,700,0.15
forecast_cv_1,36,6,92,700,0.13142857142857142
gcv,36,6,88,700,0.12571428571428572
aicc,36,6,69,700,0.09857142857142857
forecast_cv_h,36,12,372,700,0.5314285714285715
forecast_cv_1,36,12,153,700,0.21857142857142858
gcv,36,12,77,700,0.11
cv,36,12,69,700,0.09857142857142857
aicc,36,12,29,700,0.041428571428571426
forecast_cv_h,60,1,368,700,0.5257142857142857
cv,60,1,152,700,0.21714285714285714
aicc,60,1,92,700,0.13142857142857142
gcv,60,1,88,700,0.12571428571428572
forecast_cv_h,60,3,325,700,0.4642857142857143
forecast_cv_1,60,3,142,700,0.20285714285714285
cv,60,3,111,700,0.15857142857142856
gcv,60,3,62,700,0.08857142857142856
aicc,60,3,60,700,0.08571428571428572
forecast_cv_h,60,6,357,700,0.51
forecast_cv_1,60,6,128,700,0.18285714285714286
aicc,60,6,96,700,0.13714285714285715
cv,60,6,81,700,0.11571428571428571
gcv,60,6,38,700,0.054285714285714284
forecast_cv_h,60,12,365,700,0.5214285714285715
forecast_cv_1,60,12,159,700,0.22714285714285715
cv,60,12,85,700,0.12142857142857143
gcv,60,12,48,700,0.06857142857142857
aicc,60,12,43,700,0.06142857142857143
forecast_cv_h,96,1,350,700,0.5
cv,96,1,171,700,0.24428571428571427
aicc,96,1,90,700,0.12857142857142856
gcv,96,1,89,700,0.12714285714285714
forecast_cv_h,96,3,286,700,0.4085714285714286
forecast_cv_1,96,3,164,700,0.2342857142857143
cv,96,3,138,700,0.19714285714285715
gcv,96,3,63,700,0.09
aicc,96,3,49,700,0.07
forecast_cv_h,96,6,323,700,0.4614285714285714
cv,96,6,126,700,0.18
forecast_cv_1,96,6,125,700,0.17857142857142858
aicc,96,6,75,700,0.10714285714285714
gcv,96,6,51,700,0.07285714285714286
forecast_cv_h,96,12,366,700,0.5228571428571429
forecast_cv_1,96,12,154,700,0.22
cv,96,12,93,700,0.13285714285714287
gcv,96,12,67,700,0.09571428571428571
aicc,96,12,20,700,0.02857142857142857
