transition,horizon,seed,adaptive_rmse_vs_frozen_local,adaptive_rmse_vs_frozen_all_pre,adaptive_advantage_vs_frozen_local,adaptive_advantage_vs_frozen_all_pre
high_to_low_roughness,1,0,1.0663877163011781,1.0566505344903587,-0.050357283072579806,-0.04356069273714652
high_to_low_roughness,1,1,1.0637441589416403,1.028189164178674,-0.04586639841812762,-0.02133621482781284
high_to_low_roughness,1,2,0.9401629067528359,1.0714225413958038,0.032289788386100804,-0.031684377385774426
high_to_low_roughness,1,3,1.0576823393276207,1.065900056290119,-0.03719203973185614,-0.04200504267379407
high_to_low_roughness,3,0,1.0091208056204257,0.9999401064785808,-0.004742149843484922,3.156975448054267e-05
high_to_low_roughness,3,1,0.9832482577171989,0.9882677489308483,0.012756458363562928,0.00886597276930079
high_to_low_roughness,3,2,0.8427957559149745,1.0863387621311413,0.12752291929190634,-0.04772561665786307
high_to_low_roughness,3,3,0.7372253412569578,1.0495165360478218,0.27370572512553665,-0.030023952652956154
high_to_low_roughness,6,0,1.0273296641968823,1.009463921362953,-0.014382795351304434,-0.0051129791335606245
high_to_low_roughness,6,1,1.022682368068673,1.0282670061786883,-0.01786430803166572,-0.02208232469052057
high_to_low_roughness,6,2,0.8135149437382662,1.1115223291836918,0.19121418711749721,-0.07131931013471093
high_to_low_roughness,6,3,1.0804570036385093,1.0801378870598215,-0.054298342847014236,-0.05410664012104871
high_to_low_roughness,12,0,0.9983486057321321,0.998842215598486,0.0009402481007104724,0.0006587146166439073
high_to_low_roughness,12,1,1.0293833743013296,1.0372251847891965,-0.024855810623793273,-0.03113481268355861
high_to_low_roughness,12,2,0.9149210032003321,1.1652982371177252,0.1145193539051782,-0.1550902966118246
high_to_low_roughness,12,3,0.6584326398614574,1.1686235114447359,0.7268436662163925,-0.1489507057601096
low_to_high_roughness,1,0,0.7514249166549786,0.736907385053164,0.3025241298106645,0.33017302438463764
low_to_high_roughness,1,1,1.0533928872994838,1.0407002557446001,-0.03820278550960626,-0.02965141121952547
low_to_high_roughness,1,2,0.35615334716247493,0.9357860562966629,1.8812695487563675,0.038794253975467985
low_to_high_roughness,1,3,0.4979117820846754,0.4309652626958534,1.2437827400837447,1.7974896711150647
low_to_high_roughness,3,0,0.9303900574272145,0.9303466604963497,0.051966611135087215,0.0520026907909637
low_to_high_roughness,3,1,1.000065092158835,0.9749166359926629,-6.116587016230524e-05,0.024490208116321632
low_to_high_roughness,3,2,0.4052899631410001,0.4053590052543177,1.7941935082102034,1.7934622591381155
low_to_high_roughness,3,3,0.5323085392843702,0.48013104218182623,1.0015290308634146,1.321780158291426
low_to_high_roughness,6,0,0.9973137770929504,0.8990810207679243,0.0021305587042342866,0.0936456220190216
low_to_high_roughness,6,1,1.0024686799269764,0.9638411441999242,-0.002640642705932783,0.04103277243326897
low_to_high_roughness,6,2,0.42792790816870807,0.42792973089737607,2.059118710135457,2.059097236628566
low_to_high_roughness,6,3,0.581181047106715,0.5569402747978471,1.0451530478040723,1.1855280341629224
low_to_high_roughness,12,0,0.8928732761370164,1.0945726850927642,0.13767274687033337,-0.08949117420328484
low_to_high_roughness,12,1,1.3488698668450845,1.302474627394189,-0.5491626499675831,-0.5005689897120783
low_to_high_roughness,12,2,0.5446693011055063,0.5447399207513881,2.289302314764589,2.2884584382971322
low_to_high_roughness,12,3,0.6506088193372354,0.6285389523726047,1.332792759629298,1.4979366702197354
stable_high_roughness,1,0,0.9406931979910815,0.9927124228762909,0.05307499224159096,0.006013197047826324
stable_high_roughness,1,1,1.0742590027864958,1.0279834953381466,-0.053174732117407364,-0.02139465611870217
stable_high_roughness,1,2,0.6402204645407963,0.9673886975834318,0.42337236726522937,0.020160403886083422
stable_high_roughness,1,3,0.8854399391635391,0.9121798150035594,0.11341206084267741,0.08307946302273156
stable_high_roughness,3,0,1.0045433449393681,1.031408577686052,-0.003278686945167475,-0.021788645112777894
stable_high_roughness,3,1,1.0375037335305068,1.0352132340384241,-0.032019173869688,-0.030162875527929844
stable_high_roughness,3,2,0.5191603483766721,0.9889294824252948,1.0562677917959546,0.008774650752025437
stable_high_roughness,3,3,0.5424445065312152,0.9607185151824725,0.9069108811794486,0.031552425177051535
stable_high_roughness,6,0,1.0431479579089324,1.0805529029551302,-0.03625640719046502,-0.06423687663672861
stable_high_roughness,6,1,1.0714938630041253,1.068946804322516,-0.06843285719157949,-0.06622819417848347
stable_high_roughness,6,2,0.5115157489027752,0.9669996730809841,1.5149081869492662,0.037265844229626865
stable_high_roughness,6,3,1.0647871118833996,1.0582314628424976,-0.06406299036835217,-0.05811114751204921
stable_high_roughness,12,0,1.030252521869578,1.0375750407588007,-0.03534305453434361,-0.04343640276307692
stable_high_roughness,12,1,1.2189385846010286,1.219413152859115,-0.279233032282056,-0.27968032568665
stable_high_roughness,12,2,0.7484027570420546,1.0220228811123866,1.181137543003337,-0.06411547044967691
stable_high_roughness,12,3,0.5931020455336845,1.1526995454375881,2.058424793849561,-0.27634630735905674
stable_low_roughness,1,0,0.9972340719968774,0.9949573582596756,0.002115390788408944,0.003869882538371172
stable_low_roughness,1,1,1.0602538561809356,1.0611628298114546,-0.04137240762417399,-0.041943121483633994
stable_low_roughness,1,2,0.7866174298652063,1.0530013338697326,0.14249001002005568,-0.022695472438139574
stable_low_roughness,1,3,0.8027988388278512,0.7309602405130053,0.19094813225009366,0.3017089527197868
stable_low_roughness,3,0,1.0029158777298393,1.002903636425276,-0.0014921810726241658,-0.0014859438585235196
stable_low_roughness,3,1,0.980258528868144,1.0176790938076457,0.014636179503387858,-0.01239076069411743
stable_low_roughness,3,2,0.9148397967039102,0.9150967766698803,0.056905192341936583,0.0567092248590757
stable_low_roughness,3,3,0.8087696045194818,0.7570735632248077,0.15764295996248118,0.22201003782791412
stable_low_roughness,6,0,1.0328898027185403,1.0350290651632637,-0.016733686465862985,-0.01776718292557622
stable_low_roughness,6,1,1.012758026906842,1.0141987380682267,-0.009074642681744183,-0.01007794017415925
stable_low_roughness,6,2,0.9125207312612432,0.9125321025265675,0.06355024873873788,0.0635407821417166
stable_low_roughness,6,3,0.8524336800206845,0.8304964371853432,0.1358043297200654,0.16239665281376897
stable_low_roughness,12,0,1.0430510592335442,1.032982610005361,-0.023204750322020296,-0.01803672307888954
stable_low_roughness,12,1,1.0373724754331812,1.0418273452663385,-0.027200862069594267,-0.03024945972847376
stable_low_roughness,12,2,0.9345813005418463,0.9348329782955017,0.05438400044916869,0.05415265306440631
stable_low_roughness,12,3,0.8551615096114246,0.8352008970030071,0.17364802672019775,0.20490708751418996
