series,family,order,window,horizon,aggregate_val1_loss,aggregate_best_smoothness,n_origins,adaptive_evaluations,n_stationary_points,outer_number,outer_stop
AAPL,Stock,1,126,60,0.0032625991576427137,0.5945240826234479,30,64,1,1,1880
AAPL,Stock,2,504,60,0.005433825418107475,1.0,30,133,2,1,1880
AAPL,Stock,3,504,60,0.0070696764254637185,1.0,30,118,2,1,1880
AAPL,Stock,4,504,60,0.0832329094956134,0.9935510528877264,30,97,3,1,1880
AAPL,Stock,1,63,60,0.007091866903166183,0.11451395547431531,30,48,1,2,1940
AAPL,Stock,2,63,60,0.009529661706403673,0.9994591269776709,30,98,1,2,1940
AAPL,Stock,3,252,60,0.008296071137691034,0.9965976956483513,30,99,1,2,1940
AAPL,Stock,4,126,60,0.07085909380538626,0.9989299781768277,30,104,1,2,1940
AAPL,Stock,1,504,60,0.007102596811368825,0.9968524241842298,30,93,3,3,2000
AAPL,Stock,2,63,60,0.016298910925085088,0.9941243657296053,30,104,1,3,2000
AAPL,Stock,3,504,60,0.025920946346396023,0.9915441499474613,30,128,3,3,2000
AAPL,Stock,4,504,60,0.04839692229935027,0.9922676552610694,30,115,1,3,2000
AAPL,Stock,1,504,60,0.008335559959349233,0.19641488963757617,30,74,3,4,2060
AAPL,Stock,2,504,60,0.011227441221275596,0.9754572741757807,30,90,2,4,2060
AAPL,Stock,3,126,60,0.024673485171493887,0.9954364483433161,30,141,3,4,2060
AAPL,Stock,4,504,60,0.05786493273593616,0.9921835310014596,30,124,3,4,2060
BTC-USD,Crypto,1,252,60,0.010899854586252268,0.0,30,44,0,1,1880
BTC-USD,Crypto,2,504,60,0.0066900394205017125,0.9988822408132847,30,143,3,1,1880
BTC-USD,Crypto,3,504,60,0.007790502043647592,0.9996232002528707,30,112,3,1,1880
BTC-USD,Crypto,4,252,60,0.22182198346161888,0.9926409524620733,30,77,1,1,1880
BTC-USD,Crypto,1,126,60,0.0045691106550632505,0.6660817912701055,30,51,1,2,1940
BTC-USD,Crypto,2,126,60,0.007801691328996856,0.992746974725088,30,81,1,2,1940
BTC-USD,Crypto,3,504,60,0.0082305223012437,0.9987934431229486,30,121,3,2,1940
BTC-USD,Crypto,4,504,60,0.17273827654720877,0.9892898264775669,30,74,1,2,1940
BTC-USD,Crypto,1,126,60,0.010148988729352625,0.0,30,44,0,3,2000
BTC-USD,Crypto,2,126,60,0.014786163035192978,0.9910607293469325,30,104,1,3,2000
BTC-USD,Crypto,3,126,60,0.009843935674357995,1.0,30,80,0,3,2000
BTC-USD,Crypto,4,504,60,0.09078665895340035,0.9907556320644236,30,72,1,3,2000
BTC-USD,Crypto,1,63,60,0.02454830175092115,0.0,30,44,0,4,2060
BTC-USD,Crypto,2,126,60,0.0186544807829995,0.9968079218979217,30,100,1,4,2060
BTC-USD,Crypto,3,252,60,0.01778759386578391,0.9973560213520409,30,103,1,4,2060
BTC-USD,Crypto,4,504,60,0.103130748358787,0.9918781165078926,30,90,1,4,2060
GDPC1,GDP,1,40,8,0.0006000653212038789,0.0,24,44,0,1,224
GDPC1,GDP,2,40,8,0.001230468393327205,0.8721932953563277,24,100,1,1,224
GDPC1,GDP,3,60,8,0.001258743244470678,1.0,24,102,2,1,224
GDPC1,GDP,4,80,8,0.001585014739398273,1.0,24,92,0,1,224
GDPC1,GDP,1,80,8,0.0008459401673592677,0.0,24,44,0,2,232
GDPC1,GDP,2,80,8,0.0006459334328706184,0.9167060201282896,24,88,1,2,232
GDPC1,GDP,3,120,8,0.0014710551324975992,0.9656318149662239,24,138,3,2,232
GDPC1,GDP,4,120,8,0.001648465664616292,0.9770489503389772,24,129,2,2,232
GDPC1,GDP,1,80,8,0.0008627991008942166,0.0,24,44,0,3,240
GDPC1,GDP,2,40,8,7.904077039812087e-05,0.8703945884265452,24,106,3,3,240
GDPC1,GDP,3,40,8,0.0003234749717297852,0.9452787173425885,24,94,1,3,240
GDPC1,GDP,4,40,8,0.001150658944335966,0.9841579311525344,24,114,1,3,240
GDPC1,GDP,1,80,8,0.0010262372992388932,0.0,24,44,0,4,248
GDPC1,GDP,2,60,8,0.00012217996425161297,0.9175725430919637,24,116,3,4,248
GDPC1,GDP,3,40,8,0.00024367905031875696,0.9413589857544229,24,120,3,4,248
GDPC1,GDP,4,40,8,0.000511282365242837,0.9619502158169483,24,109,3,4,248
SPY,ETF,1,126,60,0.0014280880709428203,0.0,30,44,0,1,1880
SPY,ETF,2,126,60,0.0014939964737974993,1.0,30,90,0,1,1880
SPY,ETF,3,504,60,0.0017034618958424997,0.996593738392739,30,98,3,1,1880
SPY,ETF,4,504,60,0.003091304096774793,0.9913682558269818,30,57,1,1,1880
SPY,ETF,1,126,60,0.0030612407094463695,0.9526066539793738,30,75,1,2,1940
SPY,ETF,2,126,60,0.004948552591451798,0.9961779158259765,30,103,3,2,1940
SPY,ETF,3,504,60,0.004861962241690805,0.9970909594023349,30,102,1,2,1940
SPY,ETF,4,504,60,0.02508813249821936,0.9902560079002533,30,96,3,2,1940
SPY,ETF,1,252,60,0.004352310927017124,0.0,30,77,2,3,2000
SPY,ETF,2,252,60,0.007427883499274391,1.0,30,118,2,3,2000
SPY,ETF,3,504,60,0.010099422892124845,0.9994789676620555,30,98,1,3,2000
SPY,ETF,4,504,60,0.05221434420504132,0.9916612255836617,30,105,3,3,2000
SPY,ETF,1,252,60,0.003176033639320275,0.0,30,44,0,4,2060
SPY,ETF,2,504,60,0.002897598918938181,0.9995346218385567,30,86,1,4,2060
SPY,ETF,3,504,60,0.006178267347261399,0.9998464408533553,30,130,1,4,2060
SPY,ETF,4,504,60,0.057384108534102314,0.9919285185703837,30,103,3,4,2060
