selector_max_inner_origins,direction,horizon,relative_origin,transition_smoothness,start_reference_smoothness,target_reference_smoothness,mean_abs_smoothness_gap_to_target,mean_transition_order,mean_start_order,mean_target_order,mean_transition_window,mean_start_window,mean_target_window,order_match_target_share,window_match_target_share,discrete_config_match_target_share,mean_transition_window_post_fraction,reference_smoothness_shift,smoothness_progress,mean_inner_origin_post_fraction,mean_selected_window_post_fraction
5,high_to_low,1,-60,0.7913387351644955,0.7913387351644955,0.9994532046825092,0.2081144695180137,1.0,1.0,2.0,48.0,48.0,72.0,0.0,0.0,0.0,0.0,0.2081144695180137,0.0,0.0,0.0
5,high_to_low,1,-57,3.0459958161388936e-08,3.0459958161388936e-08,0.8093349425936662,0.8093349121337081,1.0,1.0,1.0,72.0,72.0,48.0,1.0,0.0,0.0,0.0,0.8093349121337081,0.0,0.0,0.0
5,high_to_low,1,-54,9.13798623055787e-08,9.13798623055787e-08,3.0459958161388936e-08,6.091990414418976e-08,2.0,2.0,1.0,72.0,72.0,72.0,0.0,1.0,0.0,0.0,-6.091990414418976e-08,-0.0,0.0,0.0
5,high_to_low,1,-51,3.0459958161388936e-08,3.0459958161388936e-08,1.00000035924574,1.000000328785782,1.0,1.0,2.0,72.0,72.0,72.0,0.0,1.0,0.0,0.0,1.000000328785782,0.0,0.0,0.0
5,high_to_low,1,-48,0.8293550160222383,0.8293550160222383,0.9999990215052298,0.17064400548299152,2.0,2.0,2.0,72.0,72.0,48.0,1.0,0.0,0.0,0.0,0.17064400548299152,0.0,0.0,0.0
5,high_to_low,1,-45,0.999996697296921,0.999996697296921,0.9999997922011691,3.094904248102104e-06,3.0,3.0,2.0,72.0,72.0,48.0,0.0,0.0,0.0,0.0,3.094904248102104e-06,0.0,0.0,0.0
5,high_to_low,1,-42,0.8640935901604121,0.8640935901604121,0.9999997845354986,0.13590619437508655,2.0,2.0,2.0,24.0,24.0,48.0,1.0,0.0,0.0,0.0,0.13590619437508655,0.0,0.0,0.0
5,high_to_low,1,-39,0.8871106808721967,0.8871106808721967,0.9999986914321985,0.11288801056000186,2.0,2.0,2.0,48.0,48.0,72.0,1.0,0.0,0.0,0.0,0.11288801056000186,0.0,0.0,0.0
5,high_to_low,1,-36,0.9913537986396068,0.9913537986396068,0.9999973225556567,0.008643523916049833,2.0,2.0,2.0,48.0,48.0,72.0,1.0,0.0,0.0,0.0,0.008643523916049833,0.0,0.0,0.0
5,high_to_low,1,-33,0.8786062715757371,0.8786062715757371,0.9999969638881969,0.1213906923124598,3.0,3.0,3.0,48.0,48.0,48.0,1.0,1.0,1.0,0.0,0.1213906923124598,0.0,0.0,0.0
5,high_to_low,1,-30,0.9990548745860378,0.9990548745860378,0.9999977518128592,0.0009428772268214036,3.0,3.0,2.0,48.0,48.0,72.0,0.0,0.0,0.0,0.0,0.0009428772268214036,0.0,0.0,0.0
5,high_to_low,1,-27,0.9999987523564559,0.9999987523564559,0.9999975064950021,1.2458614537802504e-06,3.0,3.0,2.0,72.0,72.0,72.0,0.0,1.0,0.0,0.0,-1.2458614537802504e-06,-0.0,0.0,0.0
5,high_to_low,1,-24,0.6577874254170444,0.6577874254170444,0.9999975273035391,0.3422101018864947,3.0,3.0,2.0,24.0,24.0,72.0,0.0,0.0,0.0,0.0,0.3422101018864947,0.0,0.0,0.0
5,high_to_low,1,-21,0.5977733576354488,0.5977733576354488,0.7502580035371209,0.1524846459016721,3.0,3.0,3.0,72.0,72.0,72.0,1.0,1.0,1.0,0.0,0.1524846459016721,0.0,0.0,0.0
5,high_to_low,1,-18,0.6405543724787949,0.6405543724787949,0.8259600494108627,0.18540567693206778,1.0,1.0,1.0,24.0,24.0,24.0,1.0,1.0,1.0,0.0,0.18540567693206778,0.0,0.0,0.0
5,high_to_low,1,-15,0.6711909750658397,0.6711909750658397,0.2796356784088778,0.39155529665696187,3.0,3.0,1.0,24.0,24.0,72.0,0.0,0.0,0.0,0.0,-0.39155529665696187,-0.0,0.0,0.0
5,high_to_low,1,-12,0.6686759973862474,0.6686759973862474,0.1389098919044718,0.5297661054817756,3.0,3.0,1.0,24.0,24.0,72.0,0.0,0.0,0.0,0.0,-0.5297661054817756,-0.0,0.0,0.0
5,high_to_low,1,-9,0.6791183543827923,0.6791183543827923,0.2534188451277954,0.42569950925499694,3.0,3.0,1.0,24.0,24.0,72.0,0.0,0.0,0.0,0.0,-0.42569950925499694,-0.0,0.0,0.0
5,high_to_low,1,-6,0.6934065479239558,0.6934065479239558,0.8483987877740413,0.15499223985008548,3.0,3.0,3.0,24.0,24.0,24.0,1.0,1.0,1.0,0.0,0.15499223985008548,0.0,0.0,0.0
5,high_to_low,1,-3,0.6456661403709508,0.6456661403709508,0.78939014813179,0.14372400776083916,3.0,3.0,3.0,48.0,48.0,48.0,1.0,1.0,1.0,0.0,0.14372400776083916,0.0,0.0,0.0
5,high_to_low,1,0,0.237631366801034,0.237631366801034,0.16465487611183038,0.07297649068920362,2.0,2.0,1.0,48.0,48.0,72.0,0.0,0.0,0.0,0.0,-0.07297649068920362,-0.0,0.0,0.0
5,high_to_low,1,3,0.9999981328771674,0.429211253228511,0.9929201103081955,0.007078022568971942,3.0,1.0,2.0,24.0,24.0,48.0,0.0,0.0,0.0,0.125,0.5637088570796844,1.0125561670356573,0.2,0.125
5,high_to_low,1,6,0.9726771121769359,0.3677995636478539,0.997031111394374,0.024353999217438083,2.0,1.0,2.0,24.0,48.0,48.0,1.0,0.0,0.0,0.25,0.62923154774652,0.9612956481526436,0.4,0.25
5,high_to_low,1,9,0.9999997663438226,0.987652689889689,0.9999990215052298,7.448385928032764e-07,2.0,2.0,2.0,48.0,72.0,48.0,1.0,1.0,1.0,0.1875,0.012346331615540773,1.0000603287369882,0.6,0.1875
5,high_to_low,1,12,0.9948212068088549,0.4096616253031201,0.9900072486763128,0.00481395813254204,2.0,1.0,2.0,72.0,24.0,72.0,1.0,1.0,1.0,0.16666666666666666,0.5803456233731927,1.0082949848136382,0.8,0.16666666666666666
5,high_to_low,1,15,0.9947081575216968,0.9876478095294615,0.9929086774202073,0.001799480101489559,2.0,3.0,2.0,72.0,48.0,72.0,1.0,1.0,1.0,0.20833333333333334,0.005260867890745757,1.3420500455171993,1.0,0.20833333333333334
5,high_to_low,1,18,0.999091103892752,0.993913530207974,0.9999953170608857,0.0009042131681337162,3.0,2.0,3.0,48.0,72.0,48.0,1.0,1.0,1.0,0.375,0.006081786852911719,0.8513244232324889,1.0,0.375
5,high_to_low,1,21,0.9999957026019973,0.9955442148725051,0.9981602337182938,0.0018354688837035615,3.0,3.0,2.0,48.0,48.0,72.0,0.0,0.0,0.0,0.4375,0.002616018845788659,1.70162678172535,1.0,0.4375
5,high_to_low,1,24,0.999990720774434,0.9999936216916763,0.9999985811628221,7.86038838818115e-06,3.0,2.0,2.0,48.0,72.0,72.0,0.0,0.0,0.0,0.5,4.9594711458711416e-06,-0.5849247141451926,1.0,0.5
5,high_to_low,1,27,0.9999939036535136,1.00000035924574,0.9999986160093113,4.712355797686918e-06,3.0,2.0,2.0,48.0,72.0,72.0,0.0,0.0,0.0,0.5625,-1.7432364287639501e-06,3.7032224200524744,1.0,0.5625
5,high_to_low,1,30,0.9999939036535136,0.9999990443027019,1.00000035924574,6.455592226450868e-06,3.0,2.0,2.0,48.0,72.0,72.0,0.0,0.0,0.0,0.625,1.314943038122074e-06,-3.9094082703919812,1.0,0.625
5,high_to_low,1,33,0.9999939036535136,1.00000035924574,0.9999939036535136,0.0,3.0,2.0,3.0,48.0,72.0,48.0,1.0,1.0,1.0,0.6875,-6.455592226450868e-06,1.0,1.0,0.6875
5,high_to_low,1,36,0.9957145948794395,1.00000035924574,0.5636405258456635,0.432074069033776,3.0,2.0,1.0,48.0,72.0,72.0,0.0,0.0,0.0,0.75,-0.43635983340007656,0.009821628936160967,1.0,0.75
5,high_to_low,1,39,0.9322681529457196,0.795457107616961,0.9324070350964142,0.00013888215069457477,1.0,1.0,1.0,72.0,48.0,72.0,1.0,1.0,1.0,0.5416666666666666,0.13694992747945323,0.9989858910241818,1.0,0.5416666666666666
5,high_to_low,1,42,0.9835910053939776,0.7935497817986031,0.9835910053939776,0.0,1.0,1.0,1.0,24.0,24.0,24.0,1.0,1.0,1.0,1.0,0.19004122359537445,1.0,1.0,1.0
5,high_to_low,1,45,0.9993263684858261,0.8316037424763012,0.9993263684858261,0.0,1.0,1.0,1.0,24.0,72.0,24.0,1.0,1.0,1.0,1.0,0.16772262600952492,1.0,1.0,1.0
5,high_to_low,1,48,0.9841994669520773,0.8549285145934401,0.9841994669520773,0.0,1.0,1.0,1.0,24.0,24.0,24.0,1.0,1.0,1.0,1.0,0.12927095235863717,1.0,1.0,1.0
5,high_to_low,1,51,0.9639945235592681,1.00000035924574,0.9639945235592681,0.0,1.0,2.0,1.0,24.0,72.0,24.0,1.0,1.0,1.0,1.0,-0.036005835686471976,1.0,1.0,1.0
5,high_to_low,1,54,0.9999939036535136,0.9999989443244915,0.9271457996686945,0.07284810398481911,3.0,2.0,1.0,48.0,72.0,24.0,0.0,0.0,0.0,1.0,-0.07285314465579706,6.918947701937644e-05,1.0,1.0
5,high_to_low,1,57,1.00000035924574,0.8068598861239364,1.00000035924574,0.0,2.0,2.0,2.0,72.0,24.0,72.0,1.0,1.0,1.0,0.7916666666666666,0.1931404731218036,1.0,1.0,0.7916666666666666
5,high_to_low,1,60,0.9969018529270364,0.9999988489161286,1.00000035924574,0.0030985063187036754,2.0,2.0,2.0,72.0,72.0,72.0,1.0,1.0,1.0,0.8333333333333334,1.5103296114871156e-06,-2050.543116904656,1.0,0.8333333333333334
5,high_to_low,1,63,0.9526631702719061,0.8862264579653331,0.9526631702719061,0.0,3.0,3.0,3.0,24.0,24.0,24.0,1.0,1.0,1.0,1.0,0.066436712306573,1.0,1.0,1.0
5,high_to_low,1,66,3.0459958149967166e-08,0.12406959849728562,3.0459958149967166e-08,0.0,1.0,2.0,1.0,24.0,48.0,24.0,1.0,1.0,1.0,1.0,-0.12406956803732747,1.0,1.0,1.0
5,high_to_low,1,69,0.4637090896272602,0.09296235378795918,0.4637090896272602,0.0,2.0,2.0,2.0,24.0,48.0,24.0,1.0,1.0,1.0,1.0,0.370746735839301,1.0,1.0,1.0
5,high_to_low,1,72,0.6515570822962317,0.4083567173979588,0.6515570822962317,0.0,3.0,3.0,3.0,24.0,24.0,24.0,1.0,1.0,1.0,1.0,0.24320036489827285,1.0,1.0,1.0
5,high_to_low,1,75,0.6341162008370101,0.9999999658895602,0.6341162008370053,4.884981308350689e-15,3.0,1.0,3.0,72.0,24.0,72.0,1.0,1.0,1.0,1.0,-0.36588376505255493,0.9999999999999867,1.0,1.0
5,high_to_low,1,78,0.9883498576414056,0.9959385884476781,0.9883498576414056,0.0,1.0,1.0,1.0,24.0,24.0,24.0,1.0,1.0,1.0,1.0,-0.007588730806272537,1.0,1.0,1.0
5,high_to_low,1,81,0.9820877064428254,0.9999939036535136,0.9819391554582003,0.0001485509846250732,1.0,3.0,1.0,72.0,48.0,72.0,1.0,1.0,1.0,1.0,-0.018054748195313275,0.9917721929423732,1.0,1.0
5,high_to_low,1,84,0.9999939036535136,0.9999939036535136,0.9999939036535136,0.0,3.0,3.0,3.0,48.0,48.0,48.0,1.0,1.0,1.0,1.0,0.0,,1.0,1.0
5,high_to_low,1,87,0.9995078238064652,0.8341879372579577,0.9995078238064652,0.0,1.0,3.0,1.0,48.0,72.0,48.0,1.0,1.0,1.0,1.0,0.1653198865485075,1.0,1.0,1.0
5,high_to_low,1,90,9.13798622857188e-08,3.045993872368464e-07,9.13798622857188e-08,0.0,2.0,3.0,2.0,48.0,24.0,48.0,1.0,1.0,1.0,1.0,-2.132195249511276e-07,1.0,1.0,1.0
5,high_to_low,1,93,0.14788314240228972,0.14508875624019218,0.14788314240228972,0.0,2.0,3.0,2.0,48.0,24.0,48.0,1.0,1.0,1.0,1.0,0.0027943861620975396,1.0,1.0,1.0
5,high_to_low,1,96,0.9971588990115933,0.2862717967308691,0.9971588990115933,0.0,2.0,3.0,2.0,72.0,24.0,72.0,1.0,1.0,1.0,1.0,0.7108871022807242,1.0,1.0,1.0
5,high_to_low,1,99,0.9999987424492848,0.9999981573654356,0.9999987424492848,0.0,2.0,2.0,2.0,72.0,72.0,72.0,1.0,1.0,1.0,1.0,5.850838491472388e-07,1.0,1.0,1.0
5,high_to_low,1,102,1.00000035924574,1.00000035924574,1.00000035924574,0.0,2.0,2.0,2.0,72.0,72.0,72.0,1.0,1.0,1.0,1.0,0.0,,1.0,1.0
5,high_to_low,1,105,0.9982693867615513,0.9332983095348943,0.9982693867615513,0.0,3.0,2.0,3.0,72.0,24.0,72.0,1.0,1.0,1.0,1.0,0.06497107722665696,1.0,1.0,1.0
5,high_to_low,1,108,0.9999989902053644,0.9051976442829103,0.9999989902053644,0.0,3.0,2.0,3.0,24.0,24.0,24.0,1.0,1.0,1.0,1.0,0.09480134592245415,1.0,1.0,1.0
5,high_to_low,1,111,0.9999987523564559,0.9089651905555612,0.9999987523564559,0.0,3.0,2.0,3.0,72.0,24.0,72.0,1.0,1.0,1.0,1.0,0.09103356180089461,1.0,1.0,1.0
5,high_to_low,1,114,0.9999958924587974,0.8972711400336565,0.9999958924587974,0.0,3.0,2.0,3.0,24.0,24.0,24.0,1.0,1.0,1.0,1.0,0.1027247524251409,1.0,1.0,1.0
5,high_to_low,1,117,0.9999958924587974,0.9454098972136554,0.9999958924587974,0.0,3.0,3.0,3.0,24.0,24.0,24.0,1.0,1.0,1.0,1.0,0.05458599524514196,1.0,1.0,1.0
5,low_to_high,1,-60,0.9994532046825092,0.9994532046825092,0.7913387351644955,0.2081144695180137,2.0,2.0,1.0,72.0,72.0,48.0,0.0,0.0,0.0,0.0,-0.2081144695180137,-0.0,0.0,0.0
5,low_to_high,1,-57,0.8093349425936662,0.8093349425936662,3.0459958161388936e-08,0.8093349121337081,1.0,1.0,1.0,48.0,48.0,72.0,1.0,0.0,0.0,0.0,-0.8093349121337081,-0.0,0.0,0.0
5,low_to_high,1,-54,3.0459958161388936e-08,3.0459958161388936e-08,9.13798623055787e-08,6.091990414418976e-08,1.0,1.0,2.0,72.0,72.0,72.0,0.0,1.0,0.0,0.0,6.091990414418976e-08,0.0,0.0,0.0
5,low_to_high,1,-51,1.00000035924574,1.00000035924574,3.0459958161388936e-08,1.000000328785782,2.0,2.0,1.0,72.0,72.0,72.0,0.0,1.0,0.0,0.0,-1.000000328785782,-0.0,0.0,0.0
5,low_to_high,1,-48,0.9999990215052298,0.9999990215052298,0.8293550160222383,0.17064400548299152,2.0,2.0,2.0,48.0,48.0,72.0,1.0,0.0,0.0,0.0,-0.17064400548299152,-0.0,0.0,0.0
5,low_to_high,1,-45,0.9999997922011691,0.9999997922011691,0.999996697296921,3.094904248102104e-06,2.0,2.0,3.0,48.0,48.0,72.0,0.0,0.0,0.0,0.0,-3.094904248102104e-06,-0.0,0.0,0.0
5,low_to_high,1,-42,0.9999997845354986,0.9999997845354986,0.8640935901604121,0.13590619437508655,2.0,2.0,2.0,48.0,48.0,24.0,1.0,0.0,0.0,0.0,-0.13590619437508655,-0.0,0.0,0.0
5,low_to_high,1,-39,0.9999986914321985,0.9999986914321985,0.8871106808721967,0.11288801056000186,2.0,2.0,2.0,72.0,72.0,48.0,1.0,0.0,0.0,0.0,-0.11288801056000186,-0.0,0.0,0.0
5,low_to_high,1,-36,0.9999973225556567,0.9999973225556567,0.9913537986396068,0.008643523916049833,2.0,2.0,2.0,72.0,72.0,48.0,1.0,0.0,0.0,0.0,-0.008643523916049833,-0.0,0.0,0.0
5,low_to_high,1,-33,0.9999969638881969,0.9999969638881969,0.8786062715757371,0.1213906923124598,3.0,3.0,3.0,48.0,48.0,48.0,1.0,1.0,1.0,0.0,-0.1213906923124598,-0.0,0.0,0.0
5,low_to_high,1,-30,0.9999977518128592,0.9999977518128592,0.9990548745860378,0.0009428772268214036,2.0,2.0,3.0,72.0,72.0,48.0,0.0,0.0,0.0,0.0,-0.0009428772268214036,-0.0,0.0,0.0
5,low_to_high,1,-27,0.9999975064950021,0.9999975064950021,0.9999987523564559,1.2458614537802504e-06,2.0,2.0,3.0,72.0,72.0,72.0,0.0,1.0,0.0,0.0,1.2458614537802504e-06,0.0,0.0,0.0
5,low_to_high,1,-24,0.9999975273035391,0.9999975273035391,0.6577874254170444,0.3422101018864947,2.0,2.0,3.0,72.0,72.0,24.0,0.0,0.0,0.0,0.0,-0.3422101018864947,-0.0,0.0,0.0
5,low_to_high,1,-21,0.7502580035371209,0.7502580035371209,0.5977733576354488,0.1524846459016721,3.0,3.0,3.0,72.0,72.0,72.0,1.0,1.0,1.0,0.0,-0.1524846459016721,-0.0,0.0,0.0
5,low_to_high,1,-18,0.8259600494108627,0.8259600494108627,0.6405543724787949,0.18540567693206778,1.0,1.0,1.0,24.0,24.0,24.0,1.0,1.0,1.0,0.0,-0.18540567693206778,-0.0,0.0,0.0
5,low_to_high,1,-15,0.2796356784088778,0.2796356784088778,0.6711909750658397,0.39155529665696187,1.0,1.0,3.0,72.0,72.0,24.0,0.0,0.0,0.0,0.0,0.39155529665696187,0.0,0.0,0.0
5,low_to_high,1,-12,0.1389098919044718,0.1389098919044718,0.6686759973862474,0.5297661054817756,1.0,1.0,3.0,72.0,72.0,24.0,0.0,0.0,0.0,0.0,0.5297661054817756,0.0,0.0,0.0
5,low_to_high,1,-9,0.2534188451277954,0.2534188451277954,0.6791183543827923,0.42569950925499694,1.0,1.0,3.0,72.0,72.0,24.0,0.0,0.0,0.0,0.0,0.42569950925499694,0.0,0.0,0.0
5,low_to_high,1,-6,0.8483987877740413,0.8483987877740413,0.6934065479239558,0.15499223985008548,3.0,3.0,3.0,24.0,24.0,24.0,1.0,1.0,1.0,0.0,-0.15499223985008548,-0.0,0.0,0.0
5,low_to_high,1,-3,0.78939014813179,0.78939014813179,0.6456661403709508,0.14372400776083916,3.0,3.0,3.0,48.0,48.0,48.0,1.0,1.0,1.0,0.0,-0.14372400776083916,-0.0,0.0,0.0
5,low_to_high,1,0,0.16465487611183038,0.16465487611183038,0.237631366801034,0.07297649068920362,1.0,1.0,2.0,72.0,72.0,48.0,0.0,0.0,0.0,0.0,0.07297649068920362,0.0,0.0,0.0
5,low_to_high,1,3,0.4557774450492521,0.9929201103081955,0.429211253228511,0.026566191820741103,1.0,2.0,1.0,24.0,48.0,24.0,1.0,1.0,1.0,0.125,-0.5637088570796844,0.9528724952835259,0.2,0.125
5,low_to_high,1,6,0.35480981274724543,0.997031111394374,0.3677995636478539,0.012989750900608443,1.0,2.0,1.0,24.0,48.0,48.0,1.0,0.0,0.0,0.25,-0.62923154774652,1.0206438328579184,0.4,0.25
5,low_to_high,1,9,0.33622371451247973,0.9999990215052298,0.987652689889689,0.6514289753772093,1.0,2.0,2.0,24.0,48.0,72.0,0.0,0.0,0.0,0.375,-0.012346331615540773,53.76295791028585,0.6,0.375
5,low_to_high,1,12,0.5580205031465773,0.9900072486763128,0.4096616253031201,0.14835887784345714,1.0,2.0,1.0,24.0,72.0,24.0,1.0,1.0,1.0,0.5,-0.5803456233731927,0.744361167090159,0.8,0.5
5,low_to_high,1,15,0.413078967097226,0.9929086774202073,0.9876478095294615,0.5745688424322355,1.0,2.0,3.0,48.0,72.0,48.0,0.0,1.0,0.0,0.3125,-0.005260867890745757,110.2155998524394,1.0,0.3125
5,low_to_high,1,18,0.9917484553210395,0.9999953170608857,0.993913530207974,0.002165074886934515,2.0,3.0,2.0,72.0,48.0,72.0,1.0,1.0,1.0,0.25,-0.006081786852911719,1.3559932202980711,1.0,0.25
5,low_to_high,1,21,0.9808500351556578,0.9981602337182938,0.9955442148725051,0.014694179716847278,3.0,2.0,3.0,24.0,72.0,48.0,1.0,0.0,0.0,0.875,-0.002616018845788659,6.617000711024075,1.0,0.875
5,low_to_high,1,24,0.999998276326873,0.9999985811628221,0.9999936216916763,4.6546351967213795e-06,2.0,2.0,2.0,72.0,72.0,72.0,1.0,1.0,1.0,0.3333333333333333,-4.9594711458711416e-06,0.06146541439273098,1.0,0.3333333333333333
5,low_to_high,1,27,1.00000035924574,0.9999986160093113,1.00000035924574,0.0,2.0,2.0,2.0,72.0,72.0,72.0,1.0,1.0,1.0,0.375,1.7432364287639501e-06,1.0,1.0,0.375
5,low_to_high,1,30,1.00000035924574,1.00000035924574,0.9999990443027019,1.314943038122074e-06,2.0,2.0,2.0,72.0,72.0,72.0,1.0,1.0,1.0,0.4166666666666667,-1.314943038122074e-06,-0.0,1.0,0.4166666666666667
5,low_to_high,1,33,0.9979908545616133,0.9999939036535136,1.00000035924574,0.0020095046841267505,2.0,3.0,2.0,72.0,48.0,72.0,1.0,1.0,1.0,0.4583333333333333,6.455592226450868e-06,-310.2812293027264,1.0,0.4583333333333333
5,low_to_high,1,36,3.045995807355589e-08,0.5636405258456635,1.00000035924574,1.000000328785782,1.0,1.0,2.0,48.0,72.0,72.0,0.0,0.0,0.0,0.75,0.43635983340007656,-1.291687392475768,1.0,0.75
5,low_to_high,1,39,0.8015503208908025,0.9324070350964142,0.795457107616961,0.006093213273841491,1.0,1.0,1.0,24.0,72.0,48.0,1.0,0.0,0.0,1.0,-0.13694992747945323,0.9555077290949594,1.0,1.0
5,low_to_high,1,42,0.7925358224192891,0.9835910053939776,0.7935497817986031,0.0010139593793140333,1.0,1.0,1.0,24.0,24.0,24.0,1.0,1.0,1.0,1.0,-0.19004122359537445,1.0053354706948894,1.0,1.0
5,low_to_high,1,45,0.8311231783568119,0.9993263684858261,0.8316037424763012,0.00048056411948926847,1.0,1.0,1.0,72.0,24.0,72.0,1.0,1.0,1.0,0.625,-0.16772262600952492,1.0028652313103061,1.0,0.625
5,low_to_high,1,48,0.854753009641387,0.9841994669520773,0.8549285145934401,0.00017550495205309602,1.0,1.0,1.0,24.0,24.0,24.0,1.0,1.0,1.0,1.0,-0.12927095235863717,1.0013576518842855,1.0,1.0
5,low_to_high,1,51,1.00000035924574,0.9639945235592681,1.00000035924574,0.0,2.0,1.0,2.0,72.0,24.0,72.0,1.0,1.0,1.0,0.7083333333333334,0.036005835686471976,1.0,1.0,0.7083333333333334
5,low_to_high,1,54,0.9999986857452863,0.9271457996686945,0.9999989443244915,2.5857920527005973e-07,2.0,1.0,2.0,72.0,24.0,72.0,1.0,1.0,1.0,0.75,0.07285314465579706,0.9999964506788761,1.0,0.75
5,low_to_high,1,57,0.8068556697114362,1.00000035924574,0.8068598861239364,4.216412500257505e-06,2.0,2.0,2.0,24.0,72.0,24.0,1.0,1.0,1.0,1.0,-0.1931404731218036,1.0000218308075572,1.0,1.0
5,low_to_high,1,60,3.045995807355589e-08,1.00000035924574,0.9999988489161286,0.9999988184561704,1.0,2.0,2.0,48.0,72.0,72.0,0.0,0.0,0.0,1.0,-1.5103296114871156e-06,662107.3447677105,1.0,1.0
5,low_to_high,1,63,0.8862262331288412,0.9526631702719061,0.8862264579653331,2.24836491868885e-07,3.0,3.0,3.0,24.0,24.0,24.0,1.0,1.0,1.0,1.0,-0.066436712306573,1.0000033842206224,1.0,1.0
5,low_to_high,1,66,0.12395561379186827,3.0459958149967166e-08,0.12406959849728562,0.00011398470541734707,2.0,1.0,2.0,72.0,24.0,48.0,1.0,0.0,0.0,0.9166666666666666,0.12406956803732747,0.9990812839343243,1.0,0.9166666666666666
5,low_to_high,1,69,0.09296234476217732,0.4637090896272602,0.09296235378795918,9.025781858018611e-09,2.0,2.0,2.0,48.0,24.0,48.0,1.0,1.0,1.0,1.0,-0.370746735839301,1.0000000243448721,1.0,1.0
5,low_to_high,1,72,0.4083567404723487,0.6515570822962317,0.4083567173979588,2.3074389898791736e-08,3.0,3.0,3.0,24.0,24.0,24.0,1.0,1.0,1.0,1.0,-0.24320036489827285,0.9999999051218944,1.0,1.0
5,low_to_high,1,75,0.9999999658925871,0.6341162008370053,0.9999999658895602,3.0269120543380268e-12,1.0,3.0,1.0,24.0,72.0,24.0,1.0,1.0,1.0,1.0,0.36588376505255493,1.000000000008273,1.0,1.0
5,low_to_high,1,78,0.9959367717786397,0.9883498576414056,0.9959385884476781,1.8166690384235906e-06,1.0,1.0,1.0,24.0,24.0,24.0,1.0,1.0,1.0,1.0,0.007588730806272537,0.9997606096348916,1.0,1.0
5,low_to_high,1,81,0.9999939036535136,0.9819391554582003,0.9999939036535136,0.0,3.0,1.0,3.0,48.0,72.0,48.0,1.0,1.0,1.0,1.0,0.018054748195313275,1.0,1.0,1.0
5,low_to_high,1,84,0.9999939036535136,0.9999939036535136,0.9999939036535136,0.0,3.0,3.0,3.0,48.0,48.0,48.0,1.0,1.0,1.0,1.0,0.0,,1.0,1.0
5,low_to_high,1,87,0.8341879400285109,0.9995078238064652,0.8341879372579577,2.7705532312793935e-09,3.0,1.0,3.0,72.0,48.0,72.0,1.0,1.0,1.0,1.0,-0.1653198865485075,0.9999999832412586,1.0,1.0
5,low_to_high,1,90,3.045993872368464e-07,9.13798622857188e-08,3.045993872368464e-07,0.0,3.0,2.0,3.0,24.0,48.0,24.0,1.0,1.0,1.0,1.0,2.132195249511276e-07,1.0,1.0,1.0
5,low_to_high,1,93,0.14508875636199633,0.14788314240228972,0.14508875624019218,1.2180415009943601e-10,3.0,2.0,3.0,24.0,48.0,24.0,1.0,1.0,1.0,1.0,-0.0027943861620975396,0.9999999564111246,1.0,1.0
5,low_to_high,1,96,0.2862717967747355,0.9971588990115933,0.2862717967308691,4.386641050402318e-11,3.0,2.0,3.0,24.0,72.0,24.0,1.0,1.0,1.0,1.0,-0.7108871022807242,0.9999999999382934,1.0,1.0
5,low_to_high,1,99,0.9999980093509093,0.9999987424492848,0.9999981573654356,1.4801452630219813e-07,2.0,2.0,2.0,72.0,72.0,72.0,1.0,1.0,1.0,1.0,-5.850838491472388e-07,1.2529800241759017,1.0,1.0
5,low_to_high,1,102,1.00000035924574,1.00000035924574,1.00000035924574,0.0,2.0,2.0,2.0,72.0,72.0,72.0,1.0,1.0,1.0,1.0,0.0,,1.0,1.0
5,low_to_high,1,105,0.9332983089609588,0.9982693867615513,0.9332983095348943,5.739355657397027e-10,2.0,3.0,2.0,24.0,72.0,24.0,1.0,1.0,1.0,1.0,-0.06497107722665696,1.0000000088337087,1.0,1.0
5,low_to_high,1,108,0.9051976442215787,0.9999989902053644,0.9051976442829103,6.133160646015767e-11,2.0,3.0,2.0,24.0,24.0,24.0,1.0,1.0,1.0,1.0,-0.09480134592245415,1.0000000006469487,1.0,1.0
5,low_to_high,1,111,0.9089651905196803,0.9999987523564559,0.9089651905555612,3.5880964865953047e-11,2.0,3.0,2.0,24.0,72.0,24.0,1.0,1.0,1.0,1.0,-0.09103356180089461,1.000000000394151,1.0,1.0
5,low_to_high,1,114,0.8972711400186442,0.9999958924587974,0.8972711400336565,1.5012324716678904e-11,2.0,3.0,2.0,24.0,24.0,24.0,1.0,1.0,1.0,1.0,-0.1027247524251409,1.0000000001461413,1.0,1.0
5,low_to_high,1,117,0.9454098972052677,0.9999958924587974,0.9454098972136554,8.387734951043058e-12,3.0,3.0,3.0,24.0,24.0,24.0,1.0,1.0,1.0,1.0,-0.05458599524514196,1.0000000001536609,1.0,1.0
10,high_to_low,1,-60,0.4119874628836854,0.4119874628836854,0.9668406604406117,0.5548531975569263,1.0,1.0,2.0,48.0,48.0,24.0,0.0,0.0,0.0,0.0,0.5548531975569263,0.0,0.0,0.0
10,high_to_low,1,-57,0.2973641085789618,0.2973641085789618,0.9999958924587974,0.7026317838798356,1.0,1.0,3.0,48.0,48.0,24.0,0.0,0.0,0.0,0.0,0.7026317838798356,0.0,0.0,0.0
10,high_to_low,1,-54,0.015552176150991345,0.015552176150991345,0.9999958924587974,0.984443716307806,1.0,1.0,3.0,48.0,48.0,24.0,0.0,0.0,0.0,0.0,0.984443716307806,0.0,0.0,0.0
10,high_to_low,1,-51,0.18810768009615514,0.18810768009615514,0.9870586657166935,0.7989509856205383,1.0,1.0,2.0,48.0,48.0,72.0,0.0,0.0,0.0,0.0,0.7989509856205383,0.0,0.0,0.0
10,high_to_low,1,-48,0.843289736397094,0.843289736397094,0.9913952632294614,0.14810552683236733,2.0,2.0,2.0,72.0,72.0,72.0,1.0,1.0,1.0,0.0,0.14810552683236733,0.0,0.0,0.0
10,high_to_low,1,-45,0.3410597946177302,0.3410597946177302,0.9977913228674296,0.6567315282496993,1.0,1.0,2.0,48.0,48.0,72.0,0.0,0.0,0.0,0.0,0.6567315282496993,0.0,0.0,0.0
10,high_to_low,1,-42,0.050342293273765396,0.050342293273765396,0.9965911494613858,0.9462488561876204,1.0,1.0,2.0,48.0,48.0,72.0,0.0,0.0,0.0,0.0,0.9462488561876204,0.0,0.0,0.0
10,high_to_low,1,-39,0.8451956826262405,0.8451956826262405,0.9999996260882208,0.15480394346198034,2.0,2.0,2.0,72.0,72.0,72.0,1.0,1.0,1.0,0.0,0.15480394346198034,0.0,0.0,0.0
10,high_to_low,1,-36,0.8686432351191633,0.8686432351191633,0.9999996219308538,0.13135638681169048,2.0,2.0,2.0,24.0,24.0,72.0,1.0,0.0,0.0,0.0,0.13135638681169048,0.0,0.0,0.0
10,high_to_low,1,-33,0.840281863900701,0.840281863900701,0.9950929100558488,0.15481104615514774,2.0,2.0,2.0,24.0,24.0,72.0,1.0,0.0,0.0,0.0,0.15481104615514774,0.0,0.0,0.0
10,high_to_low,1,-30,0.9999987523564559,0.9999987523564559,0.9951823710981235,0.004816381258332392,3.0,3.0,2.0,72.0,72.0,72.0,0.0,1.0,0.0,0.0,-0.004816381258332392,-0.0,0.0,0.0
10,high_to_low,1,-27,0.9999987523564559,0.9999987523564559,0.9951707683795772,0.004827983976878669,3.0,3.0,2.0,72.0,72.0,72.0,0.0,1.0,0.0,0.0,-0.004827983976878669,-0.0,0.0,0.0
10,high_to_low,1,-24,0.9999987523564559,0.9999987523564559,0.9999980242418438,7.281146120474702e-07,3.0,3.0,2.0,72.0,72.0,72.0,0.0,1.0,0.0,0.0,-7.281146120474702e-07,-0.0,0.0,0.0
10,high_to_low,1,-21,0.8737087048400605,0.8737087048400605,0.9999987918658274,0.12629008702576694,2.0,2.0,2.0,24.0,24.0,72.0,1.0,0.0,0.0,0.0,0.12629008702576694,0.0,0.0,0.0
10,high_to_low,1,-18,0.3298567008506992,0.3298567008506992,1.00000035924574,0.6701436583950409,1.0,1.0,2.0,48.0,48.0,72.0,0.0,0.0,0.0,0.0,0.6701436583950409,0.0,0.0,0.0
10,high_to_low,1,-15,3.045995807355589e-08,3.045995807355589e-08,0.9999939036535136,0.9999938731935555,1.0,1.0,3.0,48.0,48.0,48.0,0.0,1.0,0.0,0.0,0.9999938731935555,0.0,0.0,0.0
10,high_to_low,1,-12,0.6858544755085914,0.6858544755085914,1.00000035924574,0.3141458837371487,3.0,3.0,2.0,24.0,24.0,72.0,0.0,0.0,0.0,0.0,0.3141458837371487,0.0,0.0,0.0
10,high_to_low,1,-9,0.6752486451682181,0.6752486451682181,0.8326689491341698,0.15742030396595164,3.0,3.0,3.0,24.0,24.0,24.0,1.0,1.0,1.0,0.0,0.15742030396595164,0.0,0.0,0.0
10,high_to_low,1,-6,0.6824041625911234,0.6824041625911234,0.80824162343429,0.1258374608431666,3.0,3.0,3.0,24.0,24.0,48.0,1.0,0.0,0.0,0.0,0.1258374608431666,0.0,0.0,0.0
10,high_to_low,1,-3,0.6518713376449874,0.6518713376449874,0.7950511331277432,0.14317979548275583,3.0,3.0,3.0,48.0,48.0,48.0,1.0,1.0,1.0,0.0,0.14317979548275583,0.0,0.0,0.0
10,high_to_low,1,0,0.2738463649423755,0.2738463649423755,0.20695726269662354,0.06688910224575198,2.0,2.0,1.0,48.0,48.0,72.0,0.0,0.0,0.0,0.0,-0.06688910224575198,-0.0,0.0,0.0
10,high_to_low,1,3,0.9868749452041147,3.045995807355589e-08,0.9999993091495679,0.013124363945453243,3.0,1.0,3.0,24.0,48.0,24.0,1.0,1.0,1.0,0.125,0.9999992786896098,0.9868756265877998,0.1,0.125
10,high_to_low,1,6,0.8309207458019626,3.045995807355589e-08,0.9763661629730399,0.14544541717107728,1.0,1.0,2.0,24.0,48.0,48.0,0.0,0.0,0.0,0.25,0.9763661325130818,0.8510339386755321,0.2,0.25
10,high_to_low,1,9,0.8331538241022408,3.045995807355589e-08,0.9820585394847103,0.14890471538246952,1.0,1.0,2.0,24.0,48.0,48.0,0.0,0.0,0.0,0.375,0.9820585090247522,0.8483749043319816,0.3,0.375
10,high_to_low,1,12,0.9558522150543933,3.045995807355589e-08,0.9806447710113498,0.024792555956956508,2.0,1.0,2.0,48.0,48.0,72.0,1.0,0.0,0.0,0.25,0.9806447405513917,0.9747181064337159,0.4,0.25
10,high_to_low,1,15,0.97681404612803,0.9729962559542773,0.9873233993454122,0.010509353217382222,2.0,2.0,2.0,48.0,48.0,72.0,1.0,0.0,0.0,0.3125,0.014327143391134944,0.26647253185970177,0.5,0.3125
10,high_to_low,1,18,0.9935932750545741,0.3521389146873829,0.9877914675497151,0.005801807504858925,2.0,1.0,2.0,24.0,48.0,72.0,1.0,0.0,0.0,0.75,0.6356525528623322,1.0091273251066695,0.6,0.75
10,high_to_low,1,21,0.9977810848706815,0.9749599965696134,0.9912449807223014,0.0065361041483801285,2.0,2.0,2.0,24.0,24.0,72.0,1.0,0.0,0.0,0.875,0.016284984152687976,1.4013577223715805,0.7,0.875
10,high_to_low,1,24,0.9945208483914938,0.9896940829906591,0.9985217750372858,0.004000926645791991,2.0,2.0,2.0,72.0,72.0,72.0,1.0,1.0,1.0,0.3333333333333333,0.0088276920466267,0.5467754624130944,0.8,0.3333333333333333
10,high_to_low,1,27,0.9964564871701742,0.9910673701135045,0.9935602584971678,0.002896228673006429,2.0,2.0,2.0,72.0,72.0,72.0,1.0,1.0,1.0,0.375,0.0024928883836632387,2.1617963692183007,0.9,0.375
10,high_to_low,1,30,0.9966642880610459,0.9881799084441752,0.9951285394458642,0.0015357486151816868,2.0,3.0,2.0,72.0,48.0,72.0,1.0,1.0,1.0,0.4166666666666667,0.006948631001688965,1.2210145588114265,1.0,0.4166666666666667
10,high_to_low,1,33,0.9990724908197358,0.994443242473748,0.9999969315477281,0.0009244407279922484,3.0,2.0,3.0,48.0,72.0,48.0,1.0,1.0,1.0,0.6875,0.005553689073980017,0.8335447455415876,1.0,0.6875
10,high_to_low,1,36,0.9999939036535136,0.9937975809627694,0.9999976767964438,3.773142930207918e-06,3.0,3.0,3.0,48.0,48.0,48.0,1.0,1.0,1.0,0.75,0.006200095833674424,0.9993914379662142,1.0,0.75
10,high_to_low,1,39,0.9961548325826991,1.00000035924574,0.9999977324726035,0.003842899889904383,3.0,2.0,3.0,48.0,72.0,48.0,1.0,1.0,1.0,0.8125,-2.6267731365603453e-06,1463.9736525083042,1.0,0.8125
10,high_to_low,1,42,0.9999939036535136,1.00000035924574,0.9999939036535136,0.0,3.0,2.0,3.0,48.0,72.0,48.0,1.0,1.0,1.0,0.875,-6.455592226450868e-06,1.0,1.0,0.875
10,high_to_low,1,45,0.9999939036535136,1.00000035924574,0.9999939036535136,0.0,3.0,2.0,3.0,48.0,72.0,48.0,1.0,1.0,1.0,0.9375,-6.455592226450868e-06,1.0,1.0,0.9375
10,high_to_low,1,48,0.9999939036535136,1.00000035924574,0.9999939036535136,0.0,3.0,2.0,3.0,48.0,72.0,48.0,1.0,1.0,1.0,1.0,-6.455592226450868e-06,1.0,1.0,1.0
10,high_to_low,1,51,0.9999939036535136,1.00000035924574,0.9249837428274162,0.07501016082609735,3.0,2.0,1.0,48.0,72.0,24.0,0.0,0.0,0.0,1.0,-0.0750166164183238,8.605549723079758e-05,1.0,1.0
10,high_to_low,1,54,0.9371206326669848,1.00000035924574,0.9371206326669848,0.0,1.0,2.0,1.0,24.0,72.0,24.0,1.0,1.0,1.0,1.0,-0.06287972657875529,1.0,1.0,1.0
10,high_to_low,1,57,0.9999939036535136,0.9999989028641554,0.9999939036535136,0.0,3.0,2.0,3.0,48.0,72.0,48.0,1.0,1.0,1.0,1.0,-4.999210641787322e-06,1.0,1.0,1.0
10,high_to_low,1,60,0.9230601580587359,1.00000035924574,0.9229482399187656,0.00011191813997024624,1.0,2.0,1.0,48.0,72.0,48.0,1.0,1.0,1.0,1.0,-0.07705211932697442,0.9985475008221991,1.0,1.0
10,high_to_low,1,63,0.9224415586157194,0.40978778433811364,0.9192878976475923,0.003153660968127081,1.0,1.0,1.0,48.0,72.0,72.0,1.0,0.0,0.0,1.0,0.5095001133094788,1.0061897159308608,1.0,1.0
10,high_to_low,1,66,0.9184921487867156,0.3508724507530899,0.9184121942793961,7.995450731945741e-05,1.0,1.0,1.0,48.0,72.0,48.0,1.0,1.0,1.0,1.0,0.5675397435263062,1.0001408791335435,1.0,1.0
10,high_to_low,1,69,0.921763191083519,0.43724586295962753,0.9216758833172469,8.730776627208225e-05,1.0,1.0,1.0,48.0,72.0,48.0,1.0,1.0,1.0,1.0,0.4844300203576194,1.0001802278195056,1.0,1.0
10,high_to_low,1,72,0.4529172558531481,3.0459958161388936e-08,0.4529172558531396,8.548717289613705e-15,1.0,1.0,1.0,72.0,72.0,72.0,1.0,1.0,1.0,1.0,0.4529172253931814,1.0000000000000189,1.0,1.0
10,high_to_low,1,75,0.4418689095440291,3.0459958161388936e-08,0.441868909544035,5.9396931817445875e-15,1.0,1.0,1.0,72.0,72.0,72.0,1.0,1.0,1.0,1.0,0.44186887908407685,0.9999999999999866,1.0,1.0
10,high_to_low,1,78,0.8535820240324535,3.0459958161388936e-08,0.8535818394450695,1.8458738404447672e-07,1.0,1.0,1.0,72.0,72.0,72.0,1.0,1.0,1.0,1.0,0.8535818089851114,1.0000002162503723,1.0,1.0
10,high_to_low,1,81,0.8917433977176676,3.0459958161388936e-08,0.8917428373941357,5.603235319062705e-07,1.0,1.0,1.0,72.0,72.0,72.0,1.0,1.0,1.0,1.0,0.8917428069341776,1.0000006283465677,1.0,1.0
10,high_to_low,1,84,0.950292699052155,9.13798622857188e-08,0.9503981567911185,0.0001054577389635325,1.0,2.0,1.0,72.0,48.0,72.0,1.0,1.0,1.0,1.0,0.9503980654112563,0.9998890383484547,1.0,1.0
10,high_to_low,1,87,0.3315070017065932,0.9717592472355702,0.3315070017065932,0.0,2.0,1.0,2.0,24.0,48.0,24.0,1.0,1.0,1.0,1.0,-0.640252245528977,1.0,1.0,1.0
10,high_to_low,1,90,0.2948694008085745,0.23661867887954088,0.2948694008085745,0.0,2.0,3.0,2.0,48.0,72.0,48.0,1.0,1.0,1.0,1.0,0.058250721929033605,1.0,1.0,1.0
10,high_to_low,1,93,0.9583273642610528,0.7806704287291203,0.9583273642610528,0.0,1.0,1.0,1.0,48.0,48.0,48.0,1.0,1.0,1.0,1.0,0.1776569355319325,1.0,1.0,1.0
10,high_to_low,1,96,0.9776063855088126,0.6122381104962391,0.9776063855088126,0.0,1.0,1.0,1.0,48.0,48.0,48.0,1.0,1.0,1.0,1.0,0.3653682750125735,1.0,1.0,1.0
10,high_to_low,1,99,1.0000041241331297,0.5746449897506875,1.0000041241331297,0.0,2.0,1.0,2.0,24.0,48.0,24.0,1.0,1.0,1.0,1.0,0.4253591343824422,1.0,1.0,1.0
10,high_to_low,1,102,0.9858531427821007,0.5455565546664186,0.9858531427821007,0.0,3.0,1.0,3.0,48.0,48.0,48.0,1.0,1.0,1.0,1.0,0.44029658811568206,1.0,1.0,1.0
10,high_to_low,1,105,0.9813664023367075,0.5585186784983913,0.9813664023367075,0.0,3.0,1.0,3.0,48.0,72.0,48.0,1.0,1.0,1.0,1.0,0.42284772383831615,1.0,1.0,1.0
10,high_to_low,1,108,0.9790205910294768,0.8287870368899011,0.9790205910294768,0.0,3.0,2.0,3.0,48.0,24.0,48.0,1.0,1.0,1.0,1.0,0.15023355413957573,1.0,1.0,1.0
10,high_to_low,1,111,0.9909683628496443,0.5965087260114089,0.9909683628496443,0.0,2.0,1.0,2.0,72.0,24.0,72.0,1.0,1.0,1.0,1.0,0.3944596368382354,1.0,1.0,1.0
10,high_to_low,1,114,0.9776453522435471,0.8740365277837654,0.9776453522435471,0.0,3.0,2.0,3.0,48.0,24.0,48.0,1.0,1.0,1.0,1.0,0.1036088244597817,1.0,1.0,1.0
10,high_to_low,1,117,0.9808538470528643,0.8977214117166858,0.9808538470528643,0.0,3.0,2.0,3.0,48.0,24.0,48.0,1.0,1.0,1.0,1.0,0.08313243533617842,1.0,1.0,1.0
10,low_to_high,1,-60,0.9668406604406117,0.9668406604406117,0.4119874628836854,0.5548531975569263,2.0,2.0,1.0,24.0,24.0,48.0,0.0,0.0,0.0,0.0,-0.5548531975569263,-0.0,0.0,0.0
10,low_to_high,1,-57,0.9999958924587974,0.9999958924587974,0.2973641085789618,0.7026317838798356,3.0,3.0,1.0,24.0,24.0,48.0,0.0,0.0,0.0,0.0,-0.7026317838798356,-0.0,0.0,0.0
10,low_to_high,1,-54,0.9999958924587974,0.9999958924587974,0.015552176150991345,0.984443716307806,3.0,3.0,1.0,24.0,24.0,48.0,0.0,0.0,0.0,0.0,-0.984443716307806,-0.0,0.0,0.0
10,low_to_high,1,-51,0.9870586657166935,0.9870586657166935,0.18810768009615514,0.7989509856205383,2.0,2.0,1.0,72.0,72.0,48.0,0.0,0.0,0.0,0.0,-0.7989509856205383,-0.0,0.0,0.0
10,low_to_high,1,-48,0.9913952632294614,0.9913952632294614,0.843289736397094,0.14810552683236733,2.0,2.0,2.0,72.0,72.0,72.0,1.0,1.0,1.0,0.0,-0.14810552683236733,-0.0,0.0,0.0
10,low_to_high,1,-45,0.9977913228674296,0.9977913228674296,0.3410597946177302,0.6567315282496993,2.0,2.0,1.0,72.0,72.0,48.0,0.0,0.0,0.0,0.0,-0.6567315282496993,-0.0,0.0,0.0
10,low_to_high,1,-42,0.9965911494613858,0.9965911494613858,0.050342293273765396,0.9462488561876204,2.0,2.0,1.0,72.0,72.0,48.0,0.0,0.0,0.0,0.0,-0.9462488561876204,-0.0,0.0,0.0
10,low_to_high,1,-39,0.9999996260882208,0.9999996260882208,0.8451956826262405,0.15480394346198034,2.0,2.0,2.0,72.0,72.0,72.0,1.0,1.0,1.0,0.0,-0.15480394346198034,-0.0,0.0,0.0
10,low_to_high,1,-36,0.9999996219308538,0.9999996219308538,0.8686432351191633,0.13135638681169048,2.0,2.0,2.0,72.0,72.0,24.0,1.0,0.0,0.0,0.0,-0.13135638681169048,-0.0,0.0,0.0
10,low_to_high,1,-33,0.9950929100558488,0.9950929100558488,0.840281863900701,0.15481104615514774,2.0,2.0,2.0,72.0,72.0,24.0,1.0,0.0,0.0,0.0,-0.15481104615514774,-0.0,0.0,0.0
10,low_to_high,1,-30,0.9951823710981235,0.9951823710981235,0.9999987523564559,0.004816381258332392,2.0,2.0,3.0,72.0,72.0,72.0,0.0,1.0,0.0,0.0,0.004816381258332392,0.0,0.0,0.0
10,low_to_high,1,-27,0.9951707683795772,0.9951707683795772,0.9999987523564559,0.004827983976878669,2.0,2.0,3.0,72.0,72.0,72.0,0.0,1.0,0.0,0.0,0.004827983976878669,0.0,0.0,0.0
10,low_to_high,1,-24,0.9999980242418438,0.9999980242418438,0.9999987523564559,7.281146120474702e-07,2.0,2.0,3.0,72.0,72.0,72.0,0.0,1.0,0.0,0.0,7.281146120474702e-07,0.0,0.0,0.0
10,low_to_high,1,-21,0.9999987918658274,0.9999987918658274,0.8737087048400605,0.12629008702576694,2.0,2.0,2.0,72.0,72.0,24.0,1.0,0.0,0.0,0.0,-0.12629008702576694,-0.0,0.0,0.0
10,low_to_high,1,-18,1.00000035924574,1.00000035924574,0.3298567008506992,0.6701436583950409,2.0,2.0,1.0,72.0,72.0,48.0,0.0,0.0,0.0,0.0,-0.6701436583950409,-0.0,0.0,0.0
10,low_to_high,1,-15,0.9999939036535136,0.9999939036535136,3.045995807355589e-08,0.9999938731935555,3.0,3.0,1.0,48.0,48.0,48.0,0.0,1.0,0.0,0.0,-0.9999938731935555,-0.0,0.0,0.0
10,low_to_high,1,-12,1.00000035924574,1.00000035924574,0.6858544755085914,0.3141458837371487,2.0,2.0,3.0,72.0,72.0,24.0,0.0,0.0,0.0,0.0,-0.3141458837371487,-0.0,0.0,0.0
10,low_to_high,1,-9,0.8326689491341698,0.8326689491341698,0.6752486451682181,0.15742030396595164,3.0,3.0,3.0,24.0,24.0,24.0,1.0,1.0,1.0,0.0,-0.15742030396595164,-0.0,0.0,0.0
10,low_to_high,1,-6,0.80824162343429,0.80824162343429,0.6824041625911234,0.1258374608431666,3.0,3.0,3.0,48.0,48.0,24.0,1.0,0.0,0.0,0.0,-0.1258374608431666,-0.0,0.0,0.0
10,low_to_high,1,-3,0.7950511331277432,0.7950511331277432,0.6518713376449874,0.14317979548275583,3.0,3.0,3.0,48.0,48.0,48.0,1.0,1.0,1.0,0.0,-0.14317979548275583,-0.0,0.0,0.0
10,low_to_high,1,0,0.20695726269662354,0.20695726269662354,0.2738463649423755,0.06688910224575198,1.0,1.0,2.0,72.0,72.0,48.0,0.0,0.0,0.0,0.0,0.06688910224575198,0.0,0.0,0.0
10,low_to_high,1,3,0.32116853862380795,0.9999993091495679,3.045995807355589e-08,0.3211685081638499,1.0,3.0,1.0,72.0,24.0,48.0,1.0,0.0,0.0,0.041666666666666664,-0.9999992786896098,0.678831260173801,0.1,0.041666666666666664
10,low_to_high,1,6,0.3134858897763126,0.9763661629730399,3.045995807355589e-08,0.31348585931635453,1.0,2.0,1.0,72.0,48.0,48.0,1.0,0.0,0.0,0.08333333333333333,-0.9763661325130818,0.6789259183852793,0.2,0.08333333333333333
10,low_to_high,1,9,0.31634187320936363,0.9820585394847103,3.045995807355589e-08,0.3163418427494056,1.0,2.0,1.0,72.0,48.0,48.0,1.0,0.0,0.0,0.125,-0.9820585090247522,0.6778788230616183,0.3,0.125
10,low_to_high,1,12,0.22967325779640727,0.9806447710113498,3.045995807355589e-08,0.22967322733644918,1.0,2.0,1.0,48.0,72.0,48.0,1.0,1.0,1.0,0.25,-0.9806447405513917,0.7657936479552119,0.4,0.25
10,low_to_high,1,15,0.30234734475138253,0.9873233993454122,0.9729962559542773,0.6706489112028948,1.0,2.0,2.0,24.0,72.0,48.0,0.0,0.0,0.0,0.625,-0.014327143391134944,47.809673979941124,0.5,0.625
10,low_to_high,1,18,0.38245465601545375,0.9877914675497151,0.3521389146873829,0.030315741328070855,1.0,2.0,1.0,24.0,72.0,48.0,1.0,0.0,0.0,0.75,-0.6356525528623322,0.9523076857135875,0.6,0.75
10,low_to_high,1,21,0.35069541827200573,0.9912449807223014,0.9749599965696134,0.6242645782976077,1.0,2.0,2.0,24.0,72.0,24.0,0.0,1.0,0.0,0.875,-0.016284984152687976,39.33375411633836,0.7,0.875
10,low_to_high,1,24,0.30539808802755064,0.9985217750372858,0.9896940829906591,0.6842959949631084,1.0,2.0,2.0,48.0,72.0,72.0,0.0,0.0,0.0,0.5,-0.0088276920466267,78.51697627746275,0.8,0.5
10,low_to_high,1,27,0.5049597565900603,0.9935602584971678,0.9910673701135045,0.4861076135234442,1.0,2.0,2.0,48.0,72.0,72.0,0.0,0.0,0.0,0.5625,-0.0024928883836632387,195.99774506916387,0.9,0.5625
10,low_to_high,1,30,0.36067175817735614,0.9951285394458642,0.9881799084441752,0.6275081502668192,1.0,2.0,3.0,48.0,72.0,48.0,0.0,1.0,0.0,0.625,-0.006948631001688965,91.30673093941729,1.0,0.625
10,low_to_high,1,33,0.9925966864445729,0.9999969315477281,0.994443242473748,0.0018465560291751615,2.0,3.0,2.0,72.0,48.0,72.0,1.0,1.0,1.0,0.4583333333333333,-0.005553689073980017,1.3324917914160144,1.0,0.4583333333333333
10,low_to_high,1,36,0.9943667086148196,0.9999976767964438,0.9937975809627694,0.0005691276520501942,2.0,3.0,3.0,72.0,48.0,48.0,0.0,0.0,0.0,0.5,-0.006200095833674424,0.9082066362653451,1.0,0.5
10,low_to_high,1,39,1.00000035924574,0.9999977324726035,1.00000035924574,0.0,2.0,3.0,2.0,72.0,48.0,72.0,1.0,1.0,1.0,0.5416666666666666,2.6267731365603453e-06,1.0,1.0,0.5416666666666666
10,low_to_high,1,42,1.00000035924574,0.9999939036535136,1.00000035924574,0.0,2.0,3.0,2.0,72.0,48.0,72.0,1.0,1.0,1.0,0.5833333333333334,6.455592226450868e-06,1.0,1.0,0.5833333333333334
10,low_to_high,1,45,1.00000035924574,0.9999939036535136,1.00000035924574,0.0,2.0,3.0,2.0,72.0,48.0,72.0,1.0,1.0,1.0,0.625,6.455592226450868e-06,1.0,1.0,0.625
10,low_to_high,1,48,1.00000035924574,0.9999939036535136,1.00000035924574,0.0,2.0,3.0,2.0,72.0,48.0,72.0,1.0,1.0,1.0,0.6666666666666666,6.455592226450868e-06,1.0,1.0,0.6666666666666666
10,low_to_high,1,51,1.00000035924574,0.9249837428274162,1.00000035924574,0.0,2.0,1.0,2.0,72.0,24.0,72.0,1.0,1.0,1.0,0.7083333333333334,0.0750166164183238,1.0,1.0,0.7083333333333334
10,low_to_high,1,54,0.604783788568016,0.9371206326669848,1.00000035924574,0.3952165706777241,1.0,1.0,2.0,48.0,24.0,72.0,0.0,0.0,0.0,1.0,0.06287972657875529,-5.285278136232434,1.0,1.0
10,low_to_high,1,57,0.9692024500944836,0.9999939036535136,0.9999989028641554,0.0307964527696718,3.0,3.0,2.0,48.0,48.0,72.0,0.0,0.0,0.0,1.0,4.999210641787322e-06,-6159.263084786007,1.0,1.0
10,low_to_high,1,60,1.00000035924574,0.9229482399187656,1.00000035924574,0.0,2.0,1.0,2.0,72.0,48.0,72.0,1.0,1.0,1.0,0.8333333333333334,0.07705211932697442,1.0,1.0,0.8333333333333334
10,low_to_high,1,63,0.4097949788386222,0.9192878976475923,0.40978778433811364,7.194500508567181e-06,1.0,1.0,1.0,72.0,72.0,72.0,1.0,1.0,1.0,0.875,-0.5095001133094788,0.9999858792955669,1.0,0.875
10,low_to_high,1,66,0.35085010623727947,0.9184121942793961,0.3508724507530899,2.2344515810457377e-05,1.0,1.0,1.0,72.0,48.0,72.0,1.0,1.0,1.0,0.9166666666666666,-0.5675397435263062,1.0000393708388977,1.0,0.9166666666666666
10,low_to_high,1,69,0.4372377217945444,0.9216758833172469,0.43724586295962753,8.141165083130897e-06,1.0,1.0,1.0,72.0,48.0,72.0,1.0,1.0,1.0,0.9583333333333334,-0.4844300203576194,1.0000168056576615,1.0,0.9583333333333334
10,low_to_high,1,72,3.0459958161388936e-08,0.4529172558531396,3.0459958161388936e-08,0.0,1.0,1.0,1.0,72.0,72.0,72.0,1.0,1.0,1.0,1.0,-0.4529172253931814,1.0,1.0,1.0
10,low_to_high,1,75,3.045995807355589e-08,0.441868909544035,3.0459958161388936e-08,8.783304837831017e-17,1.0,1.0,1.0,48.0,72.0,72.0,1.0,0.0,0.0,1.0,-0.44186887908407685,1.0000000000000002,1.0,1.0
10,low_to_high,1,78,3.0459958161388936e-08,0.8535818394450695,3.0459958161388936e-08,0.0,1.0,1.0,1.0,72.0,72.0,72.0,1.0,1.0,1.0,1.0,-0.8535818089851114,1.0,1.0,1.0
10,low_to_high,1,81,3.0459958161388936e-08,0.8917428373941357,3.0459958161388936e-08,0.0,1.0,1.0,1.0,72.0,72.0,72.0,1.0,1.0,1.0,1.0,-0.8917428069341776,1.0,1.0,1.0
10,low_to_high,1,84,9.13798622857188e-08,0.9503981567911185,9.13798622857188e-08,0.0,2.0,1.0,2.0,48.0,72.0,48.0,1.0,1.0,1.0,1.0,-0.9503980654112563,1.0,1.0,1.0
10,low_to_high,1,87,0.971675734725967,0.3315070017065932,0.9717592472355702,8.351250960314527e-05,1.0,2.0,1.0,48.0,24.0,48.0,1.0,1.0,1.0,1.0,0.640252245528977,0.9998695631133099,1.0,1.0
10,low_to_high,1,90,0.2366186843779666,0.2948694008085745,0.23661867887954088,5.498425714733912e-09,3.0,2.0,3.0,72.0,48.0,72.0,1.0,1.0,1.0,1.0,-0.058250721929033605,0.9999999056075953,1.0,1.0
10,low_to_high,1,93,0.7806701663492538,0.9583273642610528,0.7806704287291203,2.623798665002397e-07,1.0,1.0,1.0,48.0,48.0,48.0,1.0,1.0,1.0,1.0,-0.1776569355319325,1.0000014768906471,1.0,1.0
10,low_to_high,1,96,0.6109074773884098,0.9776063855088126,0.6122381104962391,0.0013306331078293265,1.0,1.0,1.0,72.0,48.0,48.0,1.0,0.0,0.0,1.0,-0.3653682750125735,1.0036418955854434,1.0,1.0
10,low_to_high,1,99,0.5746449706987662,1.0000041241331297,0.5746449897506875,1.9051921262835947e-08,1.0,2.0,1.0,48.0,24.0,48.0,1.0,1.0,1.0,1.0,-0.4253591343824422,1.0000000447902013,1.0,1.0
10,low_to_high,1,102,0.5444985238702629,0.9858531427821007,0.5455565546664186,0.00105803079615574,1.0,3.0,1.0,72.0,48.0,48.0,1.0,0.0,0.0,1.0,-0.44029658811568206,1.002402995673175,1.0,1.0
10,low_to_high,1,105,0.5585186944906968,0.9813664023367075,0.5585186784983913,1.599230547988384e-08,1.0,3.0,1.0,72.0,48.0,72.0,1.0,1.0,1.0,1.0,-0.42284772383831615,0.9999999621795163,1.0,1.0
10,low_to_high,1,108,0.8287870356688194,0.9790205910294768,0.8287870368899011,1.2210816802138424e-09,2.0,3.0,2.0,24.0,48.0,24.0,1.0,1.0,1.0,1.0,-0.15023355413957573,1.0000000081278893,1.0,1.0
10,low_to_high,1,111,0.5965087234113624,0.9909683628496443,0.5965087260114089,2.6000465114250915e-09,1.0,2.0,1.0,24.0,72.0,24.0,1.0,1.0,1.0,1.0,-0.3944596368382354,1.0000000065914134,1.0,1.0
10,low_to_high,1,114,0.8740365282386449,0.9776453522435471,0.8740365277837654,4.548794674263945e-10,2.0,3.0,2.0,24.0,48.0,24.0,1.0,1.0,1.0,1.0,-0.1036088244597817,0.9999999956096455,1.0,1.0
10,low_to_high,1,117,0.8977214118770823,0.9808538470528643,0.8977214117166858,1.60396473880553e-10,2.0,3.0,2.0,24.0,48.0,24.0,1.0,1.0,1.0,1.0,-0.08313243533617842,0.9999999980705909,1.0,1.0
