date,value
2017-11-09,0.2239689975976944
2017-11-10,0.1876019984483719
2017-11-11,0.17976999282836914
2017-11-12,0.17089800536632538
2017-11-13,0.18307100236415863
2017-11-14,0.1881140023469925
2017-11-15,0.18613800406455994
2017-11-16,0.16976100206375122
2017-11-17,0.15964899957180023
2017-11-18,0.17087200284004211
2017-11-19,0.1623540073633194
2017-11-20,0.1621830016374588
2017-11-21,0.15497200191020966
2017-11-22,0.16851499676704407
2017-11-23,0.16438399255275726
2017-11-24,0.1929209977388382
2017-11-25,0.18095900118350983
2017-11-26,0.182888001203537
2017-11-27,0.1841679960489273
2017-11-28,0.17642399668693542
2017-11-29,0.14525499939918518
2017-11-30,0.1704609990119934
2017-12-01,0.177823007106781
2017-12-02,0.20789800584316254
2017-12-03,0.23062899708747864
2017-12-04,0.22958099842071533
2017-12-05,0.3138769865036011
2017-12-06,0.2915700078010559
2017-12-07,0.2600640058517456
2017-12-08,0.24522599577903748
2017-12-09,0.23885899782180786
2017-12-10,0.2528980076313019
2017-12-11,0.2605920135974884
2017-12-12,0.2314240038394928
2017-12-13,0.26187801361083984
2017-12-14,0.30850300192832947
2017-12-15,0.3207930028438568
2017-12-16,0.34139299392700195
2017-12-17,0.4175960123538971
2017-12-18,0.4349069893360138
2017-12-19,0.4393559992313385
2017-12-20,0.3727959990501404
2017-12-21,0.42428699135780334
2017-12-22,0.4268780052661896
2017-12-23,0.5776799917221069
2017-12-24,0.5441619753837585
2017-12-25,0.5019329786300659
2017-12-26,0.5214210152626038
2017-12-27,0.5055009722709656
2017-12-28,0.5066969990730286
2017-12-29,0.4863480031490326
2017-12-30,0.5861279964447021
2017-12-31,0.6015520095825195
2018-01-01,0.7335630059242249
2018-01-02,0.6737120151519775
2018-01-03,0.6811670064926147
2018-01-04,0.9843680262565613
2018-01-05,0.9074860215187073
2018-01-06,1.0635700225830078
2018-01-07,1.2704600095748901
2018-01-08,1.3773000240325928
2018-01-09,1.228279948234558
2018-01-10,1.1887099742889404
2018-01-11,1.0103299617767334
2018-01-12,1.0515600442886353
2018-01-13,1.1012300252914429
2018-01-14,1.0108400583267212
2018-01-15,0.8776879906654358
2018-01-16,0.7564529776573181
2018-01-17,0.6986340284347534
2018-01-18,0.7442299723625183
2018-01-19,0.8129050135612488
2018-01-20,1.2193000316619873
2018-01-21,0.88782799243927
2018-01-22,0.8028579950332642
2018-01-23,0.8019170165061951
2018-01-24,0.7928630113601685
2018-01-25,0.76043701171875
2018-01-26,0.7098529934883118
2018-01-27,0.7806749939918518
2018-01-28,0.7606009840965271
2018-01-29,0.6977120041847229
2018-01-30,0.5967779755592346
2018-01-31,0.6201459765434265
2018-02-01,0.520346999168396
2018-02-02,0.49457401037216187
2018-02-03,0.5185580253601074
2018-02-04,0.4343709945678711
2018-02-05,0.3415060043334961
2018-02-06,0.42524799704551697
2018-02-07,0.3767710030078888
2018-02-08,0.411080002784729
2018-02-09,0.4351939857006073
2018-02-10,0.41987401247024536
2018-02-11,0.4161570072174072
2018-02-12,0.49028199911117554
2018-02-13,0.5707589983940125
2018-02-14,0.5682529807090759
2018-02-15,0.5652509927749634
2018-02-16,0.639627993106842
2018-02-17,0.6724870204925537
2018-02-18,0.7617610096931458
2018-02-19,0.7743620276451111
2018-02-20,0.6999260187149048
2018-02-21,0.653668999671936
2018-02-22,0.6019229888916016
2018-02-23,0.6747909784317017
2018-02-24,0.6509580016136169
2018-02-25,0.6757150292396545
2018-02-26,0.6914460062980652
2018-02-27,0.7239570021629333
2018-02-28,0.6614469885826111
2018-03-01,0.6630650162696838
2018-03-02,0.6527420282363892
2018-03-03,0.6287059783935547
2018-03-04,0.592818021774292
2018-03-05,0.5867379903793335
2018-03-06,0.5338699817657471
2018-03-07,0.5211480259895325
2018-03-08,0.48642200231552124
2018-03-09,0.48087701201438904
2018-03-10,0.4677099883556366
2018-03-11,0.5135239958763123
2018-03-12,0.5101979970932007
2018-03-13,0.5638409852981567
2018-03-14,0.44360899925231934
2018-03-15,0.4197370111942291
2018-03-16,0.42441999912261963
2018-03-17,0.37386101484298706
2018-03-18,0.3733380138874054
2018-03-19,0.38164401054382324
2018-03-20,0.3917129933834076
2018-03-21,0.4454210102558136
2018-03-22,0.41929200291633606
2018-03-23,0.4091399908065796
2018-03-24,0.41908499598503113
2018-03-25,0.40610501170158386
2018-03-26,0.3714959919452667
2018-03-27,0.3426249921321869
2018-03-28,0.3513669967651367
2018-03-29,0.2801609933376312
2018-03-30,0.2874940037727356
2018-03-31,0.2801710069179535
2018-04-01,0.2615799903869629
2018-04-02,0.27368399500846863
2018-04-03,0.29547300934791565
2018-04-04,0.29016101360321045
2018-04-05,0.28692498803138733
2018-04-06,0.2750619947910309
2018-04-07,0.30412399768829346
2018-04-08,0.3270939886569977
2018-04-09,0.3115279972553253
2018-04-10,0.35583600401878357
2018-04-11,0.35928699374198914
2018-04-12,0.3868109881877899
2018-04-13,0.38154301047325134
2018-04-14,0.39400699734687805
2018-04-15,0.42394599318504333
2018-04-16,0.40953800082206726
2018-04-17,0.4167940020561218
2018-04-18,0.446289986371994
2018-04-19,0.48279500007629395
2018-04-20,0.4814159870147705
2018-04-21,0.4913490116596222
2018-04-22,0.49931100010871887
2018-04-23,0.49238499999046326
2018-04-24,0.5368239879608154
2018-04-25,0.43436700105667114
2018-04-26,0.49014800786972046
2018-04-27,0.452004998922348
2018-04-28,0.4844760000705719
2018-04-29,0.5157139897346497
2018-04-30,0.5446910262107849
2018-05-01,0.550400972366333
2018-05-02,0.5647010207176208
2018-05-03,0.5676689743995667
2018-05-04,0.5825830101966858
2018-05-05,0.5715349912643433
2018-05-06,0.5383989810943604
2018-05-07,0.5730180144309998
2018-05-08,0.552856981754303
2018-05-09,0.5395119786262512
2018-05-10,0.526373028755188
2018-05-11,0.46784400939941406
2018-05-12,0.4647639989852905
2018-05-13,0.5034570097923279
2018-05-14,0.5169119834899902
2018-05-15,0.5040040016174316
2018-05-16,0.48089098930358887
2018-05-17,0.44444701075553894
2018-05-18,0.45684099197387695
2018-05-19,0.4530859887599945
2018-05-20,0.4531710147857666
2018-05-21,0.42435601353645325
2018-05-22,0.3769969940185547
2018-05-23,0.348690003156662
2018-05-24,0.3605259954929352
2018-05-25,0.342848002910614
2018-05-26,0.36462000012397766
2018-05-27,0.3452489972114563
2018-05-28,0.31584998965263367
2018-05-29,0.35125699639320374
2018-05-30,0.33583399653434753
2018-05-31,0.34477299451828003
2018-06-01,0.3495030105113983
2018-06-02,0.3673099875450134
2018-06-03,0.3622939884662628
2018-06-04,0.34050899744033813
2018-06-05,0.33619099855422974
2018-06-06,0.3298639953136444
2018-06-07,0.306769996881485
2018-06-08,0.29353100061416626
2018-06-09,0.29762399196624756
2018-06-10,0.24182799458503723
2018-06-11,0.2629750072956085
2018-06-12,0.2286359965801239
2018-06-13,0.2145259976387024
2018-06-14,0.23996399343013763
2018-06-15,0.2235569953918457
2018-06-16,0.22202199697494507
2018-06-17,0.21400199830532074
2018-06-18,0.21007999777793884
2018-06-19,0.22076499462127686
2018-06-20,0.22558100521564484
2018-06-21,0.21288099884986877
2018-06-22,0.18608899414539337
2018-06-23,0.19366000592708588
2018-06-24,0.18694399297237396
2018-06-25,0.17969700694084167
2018-06-26,0.17077100276947021
2018-06-27,0.17199499905109406
2018-06-28,0.16627800464630127
2018-06-29,0.18107199668884277
2018-06-30,0.22661900520324707
2018-07-01,0.22120000422000885
2018-07-02,0.24899999797344208
2018-07-03,0.236517995595932
2018-07-04,0.2322860062122345
2018-07-05,0.2184939980506897
2018-07-06,0.2299489974975586
2018-07-07,0.24994200468063354
2018-07-08,0.2467450052499771
2018-07-09,0.23521600663661957
2018-07-10,0.21116699278354645
2018-07-11,0.20673500001430511
2018-07-12,0.20459400117397308
2018-07-13,0.2006949931383133
2018-07-14,0.194691002368927
2018-07-15,0.19931000471115112
2018-07-16,0.22255900502204895
2018-07-17,0.24867400527000427
2018-07-18,0.239779993891716
2018-07-19,0.22967299818992615
2018-07-20,0.21645000576972961
2018-07-21,0.2229910045862198
2018-07-22,0.20142200589179993
2018-07-23,0.19705000519752502
2018-07-24,0.20262399315834045
2018-07-25,0.24370799958705902
2018-07-26,0.2518309950828552
2018-07-27,0.26684001088142395
2018-07-28,0.27998098731040955
2018-07-29,0.32867899537086487
2018-07-30,0.31827399134635925
2018-07-31,0.2939339876174927
2018-08-01,0.28727999329566956
2018-08-02,0.309579998254776
2018-08-03,0.284745991230011
2018-08-04,0.25798898935317993
2018-08-05,0.253946989774704
2018-08-06,0.2364709973335266
2018-08-07,0.23399700224399567
2018-08-08,0.22803999483585358
2018-08-09,0.27612799406051636
2018-08-10,0.2747269868850708
2018-08-11,0.27066999673843384
2018-08-12,0.2835969924926758
2018-08-13,0.25929200649261475
2018-08-14,0.27191001176834106
2018-08-15,0.257546991109848
2018-08-16,0.2682439982891083
2018-08-17,0.291826993227005
2018-08-18,0.2733199894428253
2018-08-19,0.3022719919681549
2018-08-20,0.2872619926929474
2018-08-21,0.3119269907474518
2018-08-22,0.31463199853897095
2018-08-23,0.32102200388908386
2018-08-24,0.33692699670791626
2018-08-25,0.3197669982910156
2018-08-26,0.3288779854774475
2018-08-27,0.3360849916934967
2018-08-28,0.33579298853874207
2018-08-29,0.3087100088596344
2018-08-30,0.30539000034332275
2018-08-31,0.32809901237487793
2018-09-01,0.3282580077648163
2018-09-02,0.3109380006790161
2018-09-03,0.3039399981498718
2018-09-04,0.29971998929977417
2018-09-05,0.2686989903450012
2018-09-06,0.2723900079727173
2018-09-07,0.2606619894504547
2018-09-08,0.241907000541687
2018-09-09,0.2397409975528717
2018-09-10,0.24780699610710144
2018-09-11,0.2604289948940277
2018-09-12,0.2534950077533722
2018-09-13,0.2717759907245636
2018-09-14,0.26889801025390625
2018-09-15,0.26928800344467163
2018-09-16,0.2738650143146515
2018-09-17,0.2687210142612457
2018-09-18,0.2912119925022125
2018-09-19,0.3291729986667633
2018-09-20,0.3584029972553253
2018-09-21,0.3533029854297638
2018-09-22,0.33785998821258545
2018-09-23,0.3436090052127838
2018-09-24,0.3346570134162903
2018-09-25,0.3264929950237274
2018-09-26,0.34892401099205017
2018-09-27,0.3455899953842163
2018-09-28,0.3349829912185669
2018-09-29,0.32920199632644653
2018-09-30,0.3318980038166046
2018-10-01,0.32523199915885925
2018-10-02,0.3211050033569336
2018-10-03,0.31033799052238464
2018-10-04,0.3209399878978729
2018-10-05,0.35650399327278137
2018-10-06,0.3380979895591736
2018-10-07,0.3376370072364807
2018-10-08,0.3435850143432617
2018-10-09,0.339711993932724
2018-10-10,0.34786099195480347
2018-10-11,0.30320098996162415
2018-10-12,0.31127798557281494
2018-10-13,0.3188430070877075
2018-10-14,0.3252840042114258
2018-10-15,0.33963799476623535
2018-10-16,0.3588449954986572
2018-10-17,0.37696799635887146
2018-10-18,0.37691301107406616
2018-10-19,0.3619770109653473
2018-10-20,0.3707660138607025
2018-10-21,0.3717910051345825
2018-10-22,0.3904309868812561
2018-10-23,0.4378829896450043
2018-10-24,0.412075012922287
2018-10-25,0.43774300813674927
2018-10-26,0.43212300539016724
2018-10-27,0.4443640112876892
2018-10-28,0.44044798612594604
2018-10-29,0.418148010969162
2018-10-30,0.45041000843048096
2018-10-31,0.5060439705848694
2018-11-01,0.5140219926834106
2018-11-02,0.5007830262184143
2018-11-03,0.5430309772491455
2018-11-04,0.5039960145950317
2018-11-05,0.4813680052757263
2018-11-06,0.48411500453948975
2018-11-07,0.48214098811149597
2018-11-08,0.4979740083217621
2018-11-09,0.4924769997596741
2018-11-10,0.5211430191993713
2018-11-11,0.5096359848976135
2018-11-12,0.5627989768981934
2018-11-13,0.5814419984817505
2018-11-14,0.5478429794311523
2018-11-15,0.5416330099105835
2018-11-16,0.5128939747810364
2018-11-17,0.4851199984550476
2018-11-18,0.5242379903793335
2018-11-19,0.4112899899482727
2018-11-20,0.34181299805641174
2018-11-21,0.3675070106983185
2018-11-22,0.34296101331710815
2018-11-23,0.3293429911136627
2018-11-24,0.28456801176071167
2018-11-25,0.2594279944896698
2018-11-26,0.2838659882545471
2018-11-27,0.28758400678634644
2018-11-28,0.33145999908447266
2018-11-29,0.3447819948196411
2018-11-30,0.32224199175834656
2018-12-01,0.3326919972896576
2018-12-02,0.31565698981285095
2018-12-03,0.28848201036453247
2018-12-04,0.2878119945526123
2018-12-05,0.25661298632621765
2018-12-06,0.22273199260234833
2018-12-07,0.21646800637245178
2018-12-08,0.22828300297260284
2018-12-09,0.23979100584983826
2018-12-10,0.21907199919223785
2018-12-11,0.22339099645614624
2018-12-12,0.22675900161266327
2018-12-13,0.2056960016489029
2018-12-14,0.20293200016021729
2018-12-15,0.20335699617862701
2018-12-16,0.20688199996948242
2018-12-17,0.23342199623584747
2018-12-18,0.27022498846054077
2018-12-19,0.2963460087776184
2018-12-20,0.3385060131549835
2018-12-21,0.2984830141067505
2018-12-22,0.3113059997558594
2018-12-23,0.3132610023021698
2018-12-24,0.30795198678970337
2018-12-25,0.31766200065612793
2018-12-26,0.3075830042362213
2018-12-27,0.2751710116863251
2018-12-28,0.29837900400161743
2018-12-29,0.29997000098228455
2018-12-30,0.29864299297332764
2018-12-31,0.2894439995288849
2019-01-01,0.29937100410461426
2019-01-02,0.31648901104927063
2019-01-03,0.3659740090370178
2019-01-04,0.4371750056743622
2019-01-05,0.39594799280166626
2019-01-06,0.3970099985599518
2019-01-07,0.376473993062973
2019-01-08,0.4241980016231537
2019-01-09,0.40180501341819763
2019-01-10,0.35460400581359863
2019-01-11,0.4441930055618286
2019-01-12,0.4122439920902252
2019-01-13,0.44426101446151733
2019-01-14,0.48565998673439026
2019-01-15,0.5187950134277344
2019-01-16,0.4973739981651306
2019-01-17,0.48301199078559875
2019-01-18,0.5007320046424866
2019-01-19,0.49147000908851624
2019-01-20,0.4901230037212372
2019-01-21,0.5034120082855225
2019-01-22,0.5403349995613098
2019-01-23,0.5099760293960571
2019-01-24,0.5042420029640198
2019-01-25,0.47954899072647095
2019-01-26,0.4721490144729614
2019-01-27,0.4337489902973175
2019-01-28,0.4134899973869324
2019-01-29,0.45523500442504883
2019-01-30,0.4269289970397949
2019-01-31,0.387690007686615
2019-02-01,0.41926300525665283
2019-02-02,0.41492700576782227
2019-02-03,0.39614200592041016
2019-02-04,0.3944520056247711
2019-02-05,0.4217759966850281
2019-02-06,0.399619996547699
2019-02-07,0.4014739990234375
2019-02-08,0.43651899695396423
2019-02-09,0.46433401107788086
2019-02-10,0.4521859884262085
2019-02-11,0.42945098876953125
2019-02-12,0.42539501190185547
2019-02-13,0.44404399394989014
2019-02-14,0.4283759891986847
2019-02-15,0.43296900391578674
2019-02-16,0.44051098823547363
2019-02-17,0.4574989974498749
2019-02-18,0.4743329882621765
2019-02-19,0.4581559896469116
2019-02-20,0.4661099910736084
2019-02-21,0.44546300172805786
2019-02-22,0.4520289897918701
2019-02-23,0.46188899874687195
2019-02-24,0.41064000129699707
2019-02-25,0.4706380069255829
2019-02-26,0.4374319911003113
2019-02-27,0.43147900700569153
2019-02-28,0.4274210035800934
2019-03-01,0.431784987449646
2019-03-02,0.42778700590133667
2019-03-03,0.42416900396347046
2019-03-04,0.4078109860420227
2019-03-05,0.4329969882965088
2019-03-06,0.43182098865509033
2019-03-07,0.45583200454711914
2019-03-08,0.4662019908428192
2019-03-09,0.4774560034275055
2019-03-10,0.5017679929733276
2019-03-11,0.46748998761177063
2019-03-12,0.4885520040988922
2019-03-13,0.48451000452041626
2019-03-14,0.49109700322151184
2019-03-15,0.49008700251579285
2019-03-16,0.48559901118278503
2019-03-17,0.4836849868297577
2019-03-18,0.48071399331092834
2019-03-19,0.4853909909725189
2019-03-20,0.48608601093292236
2019-03-21,0.4610610008239746
2019-03-22,0.46644601225852966
2019-03-23,0.46308401226997375
2019-03-24,0.45640501379966736
2019-03-25,0.47639501094818115
2019-03-26,0.4636009931564331
2019-03-27,0.49987098574638367
2019-03-28,0.5034589767456055
2019-03-29,0.4995020031929016
2019-03-30,0.4942780137062073
2019-03-31,0.5076130032539368
2019-04-01,0.5561379790306091
2019-04-02,0.5842790007591248
2019-04-03,0.5654529929161072
2019-04-04,0.5422400236129761
2019-04-05,0.5774679780006409
2019-04-06,0.570110023021698
2019-04-07,0.577118992805481
2019-04-08,0.5688989758491516
2019-04-09,0.5346800088882446
2019-04-10,0.5202569961547852
2019-04-11,0.4861229956150055
2019-04-12,0.4953500032424927
2019-04-13,0.5392079949378967
2019-04-14,0.5287399888038635
2019-04-15,0.49221399426460266
2019-04-16,0.5030540227890015
2019-04-17,0.5002589821815491
2019-04-18,0.5243620276451111
2019-04-19,0.514270007610321
2019-04-20,0.5156610012054443
2019-04-21,0.49949800968170166
2019-04-22,0.49666398763656616
2019-04-23,0.48148301243782043
2019-04-24,0.47831299901008606
2019-04-25,0.4455060064792633
2019-04-26,0.436926007270813
2019-04-27,0.4415709972381592
2019-04-28,0.4482179880142212
2019-04-29,0.4335010051727295
2019-04-30,0.4731700122356415
2019-05-01,0.4760249853134155
2019-05-02,0.4634209871292114
2019-05-03,0.5121650099754333
2019-05-04,0.49499499797821045
2019-05-05,0.5069789886474609
2019-05-06,0.5781199932098389
2019-05-07,0.5447239875793457
2019-05-08,0.5915369987487793
2019-05-09,0.6398490071296692
2019-05-10,0.671459972858429
2019-05-11,0.6788229942321777
2019-05-12,0.6579899787902832
2019-05-13,0.6466969847679138
2019-05-14,0.8230819702148438
2019-05-15,0.8455740213394165
2019-05-16,0.9261249899864197
2019-05-17,0.8877310156822205
2019-05-18,0.9341539740562439
2019-05-19,0.994350016117096
2019-05-20,1.1289379596710205
2019-05-21,1.1859229803085327
2019-05-22,1.2200440168380737
2019-05-23,1.3449909687042236
2019-05-24,1.336959958076477
2019-05-25,1.1293120384216309
2019-05-26,1.0870649814605713
2019-05-27,1.2110110521316528
2019-05-28,1.2753889560699463
2019-05-29,1.1827880144119263
2019-05-30,1.0247509479522705
2019-05-31,1.0215200185775757
2019-06-01,0.9651319980621338
2019-06-02,1.0124340057373047
2019-06-03,0.9109690189361572
2019-06-04,0.8832499980926514
2019-06-05,1.0771180391311646
2019-06-06,1.1196329593658447
2019-06-07,1.1776130199432373
2019-06-08,1.1526199579238892
2019-06-09,1.0732530355453491
2019-06-10,1.191715955734253
2019-06-11,1.1383049488067627
2019-06-12,1.1427589654922485
2019-06-13,1.8479199409484863
2019-06-14,1.676558017730713
2019-06-15,1.7213029861450195
2019-06-16,1.6734319925308228
2019-06-17,1.9716349840164185
2019-06-18,1.8185369968414307
2019-06-19,1.838441014289856
2019-06-20,1.765550971031189
2019-06-21,1.7028709650039673
2019-06-22,1.8385529518127441
2019-06-23,1.8013750314712524
2019-06-24,1.860334038734436
2019-06-25,2.1897120475769043
2019-06-26,2.2615599632263184
2019-06-27,2.267606019973755
2019-06-28,2.9618260860443115
2019-06-29,3.7031519412994385
2019-06-30,3.4468889236450195
2019-07-01,3.591973066329956
2019-07-02,3.6454360485076904
2019-07-03,3.5331640243530273
2019-07-04,3.484890937805176
2019-07-05,3.6221530437469482
2019-07-06,3.4768800735473633
2019-07-07,3.3143560886383057
2019-07-08,3.3357579708099365
2019-07-09,3.1129488945007324
2019-07-10,3.118319034576416
2019-07-11,2.8271400928497314
2019-07-12,3.1738510131835938
2019-07-13,3.170485019683838
2019-07-14,2.7873799800872803
2019-07-15,2.728492021560669
2019-07-16,2.1976499557495117
2019-07-17,2.379703998565674
2019-07-18,2.679090976715088
2019-07-19,2.6088509559631348
2019-07-20,2.6446409225463867
2019-07-21,2.5503549575805664
2019-07-22,2.4257290363311768
2019-07-23,2.3709909915924072
2019-07-24,2.405395984649658
2019-07-25,2.3842530250549316
2019-07-26,2.403562068939209
2019-07-27,2.2584800720214844
2019-07-28,2.217729091644287
2019-07-29,2.1403040885925293
2019-07-30,2.089138984680176
2019-07-31,2.196837902069092
2019-08-01,2.1812570095062256
2019-08-02,2.3997950553894043
2019-08-03,2.425478935241699
2019-08-04,2.497683048248291
2019-08-05,2.484375
2019-08-06,2.460669994354248
2019-08-07,2.391855001449585
2019-08-08,2.289083957672119
2019-08-09,2.179155111312866
2019-08-10,2.322568893432617
2019-08-11,2.396836042404175
2019-08-12,2.3799779415130615
2019-08-13,2.4130799770355225
2019-08-14,2.2711479663848877
2019-08-15,2.4127449989318848
2019-08-16,2.3218929767608643
2019-08-17,2.393389940261841
2019-08-18,2.4996399879455566
2019-08-19,2.5051519870758057
2019-08-20,2.380462884902954
2019-08-21,2.2163140773773193
2019-08-22,2.229581117630005
2019-08-23,2.2533020973205566
2019-08-24,2.185192108154297
2019-08-25,2.0850770473480225
2019-08-26,2.076848030090332
2019-08-27,2.1071810722351074
2019-08-28,1.9003870487213135
2019-08-29,1.783432960510254
2019-08-30,1.806380033493042
2019-08-31,1.7902309894561768
2019-09-01,1.775217056274414
2019-09-02,1.833488941192627
2019-09-03,1.854688048362732
2019-09-04,1.7852449417114258
2019-09-05,1.7978839874267578
2019-09-06,1.731495976448059
2019-09-07,1.776960015296936
2019-09-08,1.8309639692306519
2019-09-09,1.7968930006027222
2019-09-10,1.8021299839019775
2019-09-11,1.7348270416259766
2019-09-12,1.7076389789581299
2019-09-13,1.5809329748153687
2019-09-14,1.5651049613952637
2019-09-15,1.6175249814987183
2019-09-16,1.581434965133667
2019-09-17,1.629438042640686
2019-09-18,1.8098210096359253
2019-09-19,1.8758699893951416
2019-09-20,1.8277499675750732
2019-09-21,1.8894050121307373
2019-09-22,1.8214000463485718
2019-09-23,1.807347059249878
2019-09-24,1.7358089685440063
2019-09-25,1.7601890563964844
2019-09-26,1.6589759588241577
2019-09-27,1.6701610088348389
2019-09-28,1.6873680353164673
2019-09-29,1.7172199487686157
2019-09-30,1.7635070085525513
2019-10-01,1.8393080234527588
2019-10-02,2.01665997505188
2019-10-03,1.9510380029678345
2019-10-04,1.9788180589675903
2019-10-05,1.9660040140151978
2019-10-06,2.188102960586548
2019-10-07,2.4018590450286865
2019-10-08,2.578110933303833
2019-10-09,2.8038530349731445
2019-10-10,2.6354880332946777
2019-10-11,2.7723610401153564
2019-10-12,2.6071228981018066
2019-10-13,2.497457981109619
2019-10-14,2.5396668910980225
2019-10-15,2.394792079925537
2019-10-16,2.391248941421509
2019-10-17,2.4241130352020264
2019-10-18,2.358566999435425
2019-10-19,2.359457015991211
2019-10-20,2.4414639472961426
2019-10-21,2.6320440769195557
2019-10-22,2.6055479049682617
2019-10-23,2.6124989986419678
2019-10-24,2.75163197517395
2019-10-25,2.838089942932129
2019-10-26,2.7519969940185547
2019-10-27,2.675462007522583
2019-10-28,2.671973943710327
2019-10-29,2.6700439453125
2019-10-30,2.624211072921753
2019-10-31,2.7379300594329834
2019-11-01,2.720021963119507
2019-11-02,2.7103660106658936
2019-11-03,2.67179799079895
2019-11-04,2.6867520809173584
2019-11-05,2.682662010192871
2019-11-06,2.7402150630950928
2019-11-07,2.690742015838623
2019-11-08,2.7166409492492676
2019-11-09,2.8039510250091553
2019-11-10,2.7826459407806396
2019-11-11,2.750325918197632
2019-11-12,2.8178110122680664
2019-11-13,3.0182900428771973
2019-11-14,3.0630359649658203
2019-11-15,3.035151958465576
2019-11-16,3.01033091545105
2019-11-17,2.9318909645080566
2019-11-18,2.8266100883483887
2019-11-19,2.7565701007843018
2019-11-20,2.708266019821167
2019-11-21,2.5496668815612793
2019-11-22,2.35186505317688
2019-11-23,2.4474239349365234
2019-11-24,2.2557899951934814
2019-11-25,2.2750649452209473
2019-11-26,2.276427984237671
2019-11-27,2.229166030883789
2019-11-28,2.2719249725341797
2019-11-29,2.3426198959350586
2019-11-30,2.2420759201049805
2019-12-01,2.1671319007873535
2019-12-02,2.0949759483337402
2019-12-03,2.1299850940704346
2019-12-04,2.048651933670044
2019-12-05,2.0258069038391113
2019-12-06,2.092442035675049
2019-12-07,2.061192035675049
2019-12-08,2.0590059757232666
2019-12-09,2.091032028198242
2019-12-10,2.2706570625305176
2019-12-11,2.178049087524414
2019-12-12,2.1190710067749023
2019-12-13,2.077310085296631
2019-12-14,2.010685920715332
2019-12-15,2.0868399143218994
2019-12-16,1.9815829992294312
2019-12-17,1.7563519477844238
2019-12-18,1.8807209730148315
2019-12-19,1.8204929828643799
2019-12-20,1.9234329462051392
2019-12-21,1.873682975769043
2019-12-22,1.935425043106079
2019-12-23,1.8768500089645386
2019-12-24,1.8631199598312378
2019-12-25,1.8047579526901245
2019-12-26,1.861799955368042
2019-12-27,1.8865059614181519
2019-12-28,1.8743380308151245
2019-12-29,1.9024039506912231
2019-12-30,1.8389739990234375
2019-12-31,1.7694710493087769
2020-01-01,1.8066400289535522
2020-01-02,1.7411439418792725
2020-01-03,1.8097079992294312
2020-01-04,1.8401329517364502
2020-01-05,1.8077869415283203
2020-01-06,1.937466025352478
2020-01-07,2.114098072052002
2020-01-08,2.183605909347534
2020-01-09,2.186048984527588
2020-01-10,2.223958969116211
2020-01-11,2.2832469940185547
2020-01-12,2.2451930046081543
2020-01-13,2.192452907562256
2020-01-14,2.3899269104003906
2020-01-15,2.4049770832061768
2020-01-16,2.4844789505004883
2020-01-17,2.724108934402466
2020-01-18,2.7741050720214844
2020-01-19,2.6189510822296143
2020-01-20,2.697299003601074
2020-01-21,2.6735498905181885
2020-01-22,2.6455819606781006
2020-01-23,2.462109088897705
2020-01-24,2.504390001296997
2020-01-25,2.456526041030884
2020-01-26,2.571582078933716
2020-01-27,2.609652042388916
2020-01-28,2.655339002609253
2020-01-29,2.7853240966796875
2020-01-30,2.9129879474639893
2020-01-31,2.823791027069092
2020-02-01,2.8389530181884766
2020-02-02,2.832581043243408
2020-02-03,2.7746589183807373
2020-02-04,2.7411210536956787
2020-02-05,2.8456289768218994
2020-02-06,2.8846819400787354
2020-02-07,3.3085319995880127
2020-02-08,3.414457082748413
2020-02-09,3.4773130416870117
2020-02-10,3.4114840030670166
2020-02-11,3.9755589962005615
2020-02-12,4.025118827819824
2020-02-13,3.8744349479675293
2020-02-14,4.41437292098999
2020-02-15,4.304660797119141
2020-02-16,4.504170894622803
2020-02-17,4.297008991241455
2020-02-18,4.543797016143799
2020-02-19,4.4013261795043945
2020-02-20,4.271368980407715
2020-02-21,4.292057991027832
2020-02-22,4.1029372215271
2020-02-23,4.243481159210205
2020-02-24,3.913672924041748
2020-02-25,3.51310396194458
2020-02-26,3.600724935531616
2020-02-27,3.9485950469970703
2020-02-28,4.161910057067871
2020-02-29,4.108541011810303
2020-03-01,3.879533052444458
2020-03-02,4.2150068283081055
2020-03-03,4.583631992340088
2020-03-04,4.644871234893799
2020-03-05,4.721253871917725
2020-03-06,4.678497791290283
2020-03-07,4.344593048095703
2020-03-08,4.0896711349487305
2020-03-09,4.063914775848389
2020-03-10,4.08493185043335
2020-03-11,3.817517042160034
2020-03-12,2.064779043197632
2020-03-13,2.4211349487304688
2020-03-14,2.1435179710388184
2020-03-15,2.109210968017578
2020-03-16,1.779876947402954
2020-03-17,1.842805027961731
2020-03-18,1.8876999616622925
2020-03-19,2.2466659545898438
2020-03-20,2.2479000091552734
2020-03-21,2.2716150283813477
2020-03-22,1.9888650178909302
2020-03-23,2.23779296875
2020-03-24,2.3078970909118652
2020-03-25,2.2596750259399414
2020-03-26,2.295137882232666
2020-03-27,2.174971103668213
2020-03-28,2.1367108821868896
2020-03-29,2.025167942047119
2020-03-30,2.153320074081421
2020-03-31,2.2703440189361572
2020-04-01,2.2782599925994873
2020-04-02,2.301708936691284
2020-04-03,2.3050670623779297
2020-04-04,2.3262128829956055
2020-04-05,2.277324914932251
2020-04-06,2.513413906097412
2020-04-07,2.717984914779663
2020-04-08,3.139040946960449
2020-04-09,3.3216938972473145
2020-04-10,3.217099905014038
2020-04-11,3.282313108444214
2020-04-12,3.4626119136810303
2020-04-13,3.369805097579956
2020-04-14,3.236891984939575
2020-04-15,3.1290149688720703
2020-04-16,3.4686479568481445
2020-04-17,3.477046012878418
2020-04-18,3.783458948135376
2020-04-19,3.6375679969787598
2020-04-20,3.458327054977417
2020-04-21,3.4762790203094482
2020-04-22,3.6788148880004883
2020-04-23,3.7250099182128906
2020-04-24,3.804795026779175
2020-04-25,3.8030879497528076
2020-04-26,3.716778039932251
2020-04-27,3.6418991088867188
2020-04-28,3.6753249168395996
2020-04-29,3.906069040298462
2020-04-30,3.7204771041870117
2020-05-01,3.783184051513672
2020-05-02,3.8221828937530518
2020-05-03,3.7221689224243164
2020-05-04,3.767899990081787
2020-05-05,3.6876931190490723
2020-05-06,3.636457920074463
2020-05-07,3.7540180683135986
2020-05-08,3.8221089839935303
2020-05-09,4.040320873260498
2020-05-10,3.761324882507324
2020-05-11,3.5850648880004883
2020-05-12,3.6923739910125732
2020-05-13,3.7604238986968994
2020-05-14,3.799386978149414
2020-05-15,3.6746530532836914
2020-05-16,3.7600948810577393
2020-05-17,3.7843289375305176
2020-05-18,3.885345935821533
2020-05-19,3.922476053237915
2020-05-20,4.071049213409424
2020-05-21,3.8477509021759033
2020-05-22,4.070281982421875
2020-05-23,3.9550609588623047
2020-05-24,3.836322069168091
2020-05-25,3.8699328899383545
2020-05-26,3.8362770080566406
2020-05-27,3.8577029705047607
2020-05-28,4.025351047515869
2020-05-29,3.9865939617156982
2020-05-30,4.1684489250183105
2020-05-31,4.129938125610352
2020-06-01,4.380641937255859
2020-06-02,4.386834144592285
2020-06-03,4.490728855133057
2020-06-04,4.433020114898682
2020-06-05,4.377437114715576
2020-06-06,4.342623233795166
2020-06-07,4.34993314743042
2020-06-08,4.45782995223999
2020-06-09,4.450149059295654
2020-06-10,4.4203009605407715
2020-06-11,3.9712119102478027
2020-06-12,4.090941905975342
2020-06-13,4.11465311050415
2020-06-14,3.9550130367279053
2020-06-15,3.9339029788970947
2020-06-16,4.0487141609191895
2020-06-17,4.163669109344482
2020-06-18,4.168980121612549
2020-06-19,4.079961776733398
2020-06-20,4.170770168304443
2020-06-21,4.189149856567383
2020-06-22,4.4679341316223145
2020-06-23,4.8062520027160645
2020-06-24,4.719017028808594
2020-06-25,4.814206123352051
2020-06-26,4.680805206298828
2020-06-27,4.426551818847656
2020-06-28,4.563483238220215
2020-06-29,4.617929935455322
2020-06-30,4.569189071655273
2020-07-01,4.698256015777588
2020-07-02,4.846618175506592
2020-07-03,4.744166851043701
2020-07-04,4.804557800292969
2020-07-05,4.7421698570251465
2020-07-06,5.365053176879883
2020-07-07,5.712817192077637
2020-07-08,6.475725173950195
2020-07-09,6.104310989379883
2020-07-10,6.138474941253662
2020-07-11,6.119687080383301
2020-07-12,7.309183120727539
2020-07-13,7.182291030883789
2020-07-14,8.10346508026123
2020-07-15,8.643122673034668
2020-07-16,8.337705612182617
2020-07-17,8.28039264678955
2020-07-18,7.959280014038086
2020-07-19,8.065190315246582
2020-07-20,7.272983074188232
2020-07-21,7.281577110290527
2020-07-22,7.466975212097168
2020-07-23,7.874476909637451
2020-07-24,7.432153224945068
2020-07-25,7.6578240394592285
2020-07-26,7.49900484085083
2020-07-27,7.095582962036133
2020-07-28,7.2234601974487305
2020-07-29,7.116083145141602
2020-07-30,7.4169921875
2020-07-31,7.77291202545166
2020-08-01,8.304458618164062
2020-08-02,8.27177619934082
2020-08-03,9.164758682250977
2020-08-04,9.821836471557617
2020-08-05,9.5587739944458
2020-08-06,10.140254974365234
2020-08-07,10.06336498260498
2020-08-08,12.689207077026367
2020-08-09,13.853204727172852
2020-08-10,13.441035270690918
2020-08-11,13.105990409851074
2020-08-12,16.621543884277344
2020-08-13,17.32600212097168
2020-08-14,16.92643165588379
2020-08-15,19.098751068115234
2020-08-16,18.80418586730957
2020-08-17,16.70554542541504
2020-08-18,16.241374969482422
2020-08-19,16.2399845123291
2020-08-20,16.091297149658203
2020-08-21,13.80085563659668
2020-08-22,15.96019172668457
2020-08-23,15.174675941467285
2020-08-24,15.18336009979248
2020-08-25,14.216811180114746
2020-08-26,15.251754760742188
2020-08-27,14.497711181640625
2020-08-28,15.156061172485352
2020-08-29,16.56707763671875
2020-08-30,16.472963333129883
2020-08-31,15.708488464355469
2020-09-01,16.121492385864258
2020-09-02,14.8973970413208
2020-09-03,12.016677856445312
2020-09-04,12.492865562438965
2020-09-05,10.611472129821777
2020-09-06,12.913728713989258
2020-09-07,12.426576614379883
2020-09-08,11.785032272338867
2020-09-09,12.37729263305664
2020-09-10,12.551313400268555
2020-09-11,12.501497268676758
2020-09-12,12.769030570983887
2020-09-13,11.993545532226562
2020-09-14,12.119579315185547
2020-09-15,10.978154182434082
2020-09-16,10.761816024780273
2020-09-17,10.988880157470703
2020-09-18,10.081642150878906
2020-09-19,10.147276878356934
2020-09-20,9.768121719360352
2020-09-21,8.759941101074219
2020-09-22,8.764184951782227
2020-09-23,7.702259063720703
2020-09-24,9.817477226257324
2020-09-25,10.711363792419434
2020-09-26,10.341658592224121
2020-09-27,10.76908016204834
2020-09-28,10.333558082580566
2020-09-29,10.115015983581543
2020-09-30,9.85120964050293
2020-10-01,9.64990520477295
2020-10-02,9.22470474243164
2020-10-03,9.304492950439453
2020-10-04,9.40491008758545
2020-10-05,9.623703002929688
2020-10-06,8.779272079467773
2020-10-07,8.957850456237793
2020-10-08,9.508817672729492
2020-10-09,10.346901893615723
2020-10-10,10.524792671203613
2020-10-11,10.847407341003418
2020-10-12,11.452909469604492
2020-10-13,10.995448112487793
2020-10-14,10.949109077453613
2020-10-15,10.737751960754395
2020-10-16,10.619549751281738
2020-10-17,10.6525239944458
2020-10-18,10.88071346282959
2020-10-19,10.886282920837402
2020-10-20,9.878593444824219
2020-10-21,10.804607391357422
2020-10-22,11.939334869384766
2020-10-23,12.163795471191406
2020-10-24,12.731548309326172
2020-10-25,12.160058975219727
2020-10-26,11.747901916503906
2020-10-27,11.973836898803711
2020-10-28,11.461742401123047
2020-10-29,11.265140533447266
2020-10-30,11.098557472229004
2020-10-31,11.22083854675293
2020-11-01,11.536629676818848
2020-11-02,10.797578811645508
2020-11-03,10.387001991271973
2020-11-04,10.472586631774902
2020-11-05,10.990669250488281
2020-11-06,12.118071556091309
2020-11-07,11.757224082946777
2020-11-08,12.656035423278809
2020-11-09,12.520734786987305
2020-11-10,13.003462791442871
2020-11-11,12.807538032531738
2020-11-12,12.423222541809082
2020-11-13,12.887977600097656
2020-11-14,12.576959609985352
2020-11-15,12.12181282043457
2020-11-16,12.590789794921875
2020-11-17,13.244711875915527
2020-11-18,13.592995643615723
2020-11-19,13.621882438659668
2020-11-20,14.078272819519043
2020-11-21,15.355934143066406
2020-11-22,14.444801330566406
2020-11-23,15.270844459533691
2020-11-24,15.620664596557617
2020-11-25,14.260965347290039
2020-11-26,12.575363159179688
2020-11-27,12.490259170532227
2020-11-28,13.078346252441406
2020-11-29,13.372918128967285
2020-11-30,14.225639343261719
2020-12-01,13.389534950256348
2020-12-02,13.98736572265625
2020-12-03,13.97472095489502
2020-12-04,12.74124526977539
2020-12-05,13.1730375289917
2020-12-06,13.49239730834961
2020-12-07,13.080948829650879
2020-12-08,12.145713806152344
2020-12-09,12.633390426635742
2020-12-10,11.922199249267578
2020-12-11,11.66010570526123
2020-12-12,12.20915699005127
2020-12-13,12.933703422546387
2020-12-14,12.827552795410156
2020-12-15,12.70547103881836
2020-12-16,13.45108699798584
2020-12-17,13.467132568359375
2020-12-18,13.51119327545166
2020-12-19,13.492186546325684
2020-12-20,13.070074081420898
2020-12-21,12.341995239257812
2020-12-22,12.793932914733887
2020-12-23,10.83131217956543
2020-12-24,11.575453758239746
2020-12-25,11.546685218811035
2020-12-26,10.964874267578125
2020-12-27,12.129708290100098
2020-12-28,12.62838077545166
2020-12-29,11.771124839782715
2020-12-30,11.253575325012207
2020-12-31,11.270538330078125
2021-01-01,11.872554779052734
2021-01-02,12.220136642456055
2021-01-03,13.650172233581543
2021-01-04,13.571063041687012
2021-01-05,14.539868354797363
2021-01-06,17.155256271362305
2021-01-07,16.031967163085938
2021-01-08,15.288084983825684
2021-01-09,17.607513427734375
2021-01-10,16.2474308013916
2021-01-11,14.556933403015137
2021-01-12,13.915848731994629
2021-01-13,15.93009090423584
2021-01-14,17.826250076293945
2021-01-15,20.709726333618164
2021-01-16,20.21839714050293
2021-01-17,23.166772842407227
2021-01-18,22.03626251220703
2021-01-19,20.754093170166016
2021-01-20,21.846776962280273
2021-01-21,18.424272537231445
2021-01-22,21.629497528076172
2021-01-23,24.761531829833984
2021-01-24,24.701858520507812
2021-01-25,23.54012107849121
2021-01-26,23.025863647460938
2021-01-27,21.07044792175293
2021-01-28,23.110902786254883
2021-01-29,22.7734432220459
2021-01-30,23.59402847290039
2021-01-31,22.598434448242188
2021-02-01,22.839641571044922
2021-02-02,23.713613510131836
2021-02-03,25.073034286499023
2021-02-04,24.49896240234375
2021-02-05,26.363325119018555
2021-02-06,25.04932975769043
2021-02-07,24.79012107849121
2021-02-08,25.45610237121582
2021-02-09,27.594215393066406
2021-02-10,26.859596252441406
2021-02-11,27.874238967895508
2021-02-12,30.64073944091797
2021-02-13,34.10197830200195
2021-02-14,33.290321350097656
2021-02-15,32.575897216796875
2021-02-16,31.973480224609375
2021-02-17,32.256797790527344
2021-02-18,32.44149398803711
2021-02-19,34.7152099609375
2021-02-20,34.10981750488281
2021-02-21,34.152740478515625
2021-02-22,31.530805587768555
2021-02-23,25.800342559814453
2021-02-24,28.086719512939453
2021-02-25,24.668046951293945
2021-02-26,25.187313079833984
2021-02-27,26.235097885131836
2021-02-28,24.663532257080078
2021-03-01,27.6070613861084
2021-03-02,28.51118278503418
2021-03-03,29.990028381347656
2021-03-04,27.718738555908203
2021-03-05,27.87541389465332
2021-03-06,28.165103912353516
2021-03-07,28.5482120513916
2021-03-08,31.69816017150879
2021-03-09,31.499252319335938
2021-03-10,29.94671630859375
2021-03-11,30.07517433166504
2021-03-12,28.461523056030273
2021-03-13,29.779226303100586
2021-03-14,28.789424896240234
2021-03-15,27.491762161254883
2021-03-16,27.91741943359375
2021-03-17,31.0097599029541
2021-03-18,29.504812240600586
2021-03-19,29.909875869750977
2021-03-20,29.676925659179688
2021-03-21,29.272838592529297
2021-03-22,27.398113250732422
2021-03-23,26.915058135986328
2021-03-24,25.053884506225586
2021-03-25,25.696287155151367
2021-03-26,27.401567459106445
2021-03-27,26.87954330444336
2021-03-28,26.69699478149414
2021-03-29,28.052568435668945
2021-03-30,27.904048919677734
2021-03-31,29.351137161254883
2021-04-01,30.233219146728516
2021-04-02,32.53324890136719
2021-04-03,29.534889221191406
2021-04-04,30.9572811126709
2021-04-05,32.39665603637695
2021-04-06,34.79787826538086
2021-04-07,31.17518424987793
2021-04-08,32.74489974975586
2021-04-09,31.63246726989746
2021-04-10,31.899261474609375
2021-04-11,33.91918182373047
2021-04-12,33.10542678833008
2021-04-13,35.456634521484375
2021-04-14,41.423709869384766
2021-04-15,42.7531623840332
2021-04-16,42.10155487060547
2021-04-17,40.372066497802734
2021-04-18,39.06591033935547
2021-04-19,35.8793830871582
2021-04-20,38.95063400268555
2021-04-21,36.43635940551758
2021-04-22,35.23340606689453
2021-04-23,35.05847930908203
2021-04-24,31.125198364257812
2021-04-25,31.540620803833008
2021-04-26,35.135986328125
2021-04-27,36.808067321777344
2021-04-28,36.2208366394043
2021-04-29,36.44501876831055
2021-04-30,38.12850570678711
2021-05-01,41.11626052856445
2021-05-02,39.50485610961914
2021-05-03,42.05980682373047
2021-05-04,45.68613815307617
2021-05-05,49.42929458618164
2021-05-06,47.127403259277344
2021-05-07,49.31119918823242
2021-05-08,48.60890579223633
2021-05-09,52.19869613647461
2021-05-10,46.46869659423828
2021-05-11,48.754764556884766
2021-05-12,41.03371047973633
2021-05-13,43.0898323059082
2021-05-14,46.54690170288086
2021-05-15,41.498313903808594
2021-05-16,40.73714828491211
2021-05-17,37.19443893432617
2021-05-18,42.54531478881836
2021-05-19,26.70195960998535
2021-05-20,30.78122901916504
2021-05-21,25.577577590942383
2021-05-22,23.292158126831055
2021-05-23,20.008373260498047
2021-05-24,26.362958908081055
2021-05-25,27.629838943481445
2021-05-26,33.9848747253418
2021-05-27,31.514713287353516
2021-05-28,27.951692581176758
2021-05-29,25.398639678955078
2021-05-30,26.86960220336914
2021-05-31,32.088584899902344
2021-06-01,30.699012756347656
2021-06-02,30.656301498413086
2021-06-03,32.19055938720703
2021-06-04,28.87575340270996
2021-06-05,27.12679672241211
2021-06-06,27.551576614379883
2021-06-07,24.527210235595703
2021-06-08,24.174898147583008
2021-06-09,25.5693416595459
2021-06-10,23.100679397583008
2021-06-11,21.478967666625977
2021-06-12,21.686546325683594
2021-06-13,23.337600708007812
2021-06-14,23.860898971557617
2021-06-15,26.084226608276367
2021-06-16,23.015077590942383
2021-06-17,23.35679054260254
2021-06-18,21.211151123046875
2021-06-19,20.423982620239258
2021-06-20,21.735416412353516
2021-06-21,17.424097061157227
2021-06-22,16.80649185180664
2021-06-23,18.387203216552734
2021-06-24,19.037357330322266
2021-06-25,16.930967330932617
2021-06-26,16.95522117614746
2021-06-27,18.344139099121094
2021-06-28,18.773988723754883
2021-06-29,19.460010528564453
2021-06-30,19.497236251831055
2021-07-01,18.273292541503906
2021-07-02,18.28356170654297
2021-07-03,18.538818359375
2021-07-04,19.26283836364746
2021-07-05,18.37158966064453
2021-07-06,20.08046531677246
2021-07-07,19.764127731323242
2021-07-08,18.42205047607422
2021-07-09,18.63038444519043
2021-07-10,18.207788467407227
2021-07-11,18.363967895507812
2021-07-12,17.55035400390625
2021-07-13,16.866161346435547
2021-07-14,16.945682525634766
2021-07-15,15.681652069091797
2021-07-16,15.26286506652832
2021-07-17,15.360055923461914
2021-07-18,15.502411842346191
2021-07-19,14.509061813354492
2021-07-20,13.775897026062012
2021-07-21,15.268477439880371
2021-07-22,16.085718154907227
2021-07-23,16.51156234741211
2021-07-24,16.70583152770996
2021-07-25,16.759658813476562
2021-07-26,18.08965301513672
2021-07-27,19.4996337890625
2021-07-28,19.0302734375
2021-07-29,19.345849990844727
2021-07-30,22.315961837768555
2021-07-31,22.75370216369629
2021-08-01,22.12683868408203
2021-08-02,23.480348587036133
2021-08-03,23.875957489013672
2021-08-04,24.188875198364258
2021-08-05,24.050495147705078
2021-08-06,23.85933494567871
2021-08-07,24.63165283203125
2021-08-08,23.045608520507812
2021-08-09,24.287246704101562
2021-08-10,24.566286087036133
2021-08-11,25.9465389251709
2021-08-12,24.917234420776367
2021-08-13,27.733137130737305
2021-08-14,27.15542221069336
2021-08-15,27.90401268005371
2021-08-16,28.084339141845703
2021-08-17,26.15813636779785
2021-08-18,25.512895584106445
2021-08-19,27.064760208129883
2021-08-20,28.701841354370117
2021-08-21,27.861591339111328
2021-08-22,28.022817611694336
2021-08-23,28.554101943969727
2021-08-24,25.752197265625
2021-08-25,26.520479202270508
2021-08-26,24.426326751708984
2021-08-27,26.018299102783203
2021-08-28,25.729089736938477
2021-08-29,25.813661575317383
2021-08-30,24.980934143066406
2021-08-31,26.750707626342773
2021-09-01,29.73518180847168
2021-09-02,29.985244750976562
2021-09-03,30.784265518188477
2021-09-04,29.897823333740234
2021-09-05,33.5034294128418
2021-09-06,34.78485870361328
2021-09-07,28.11425018310547
2021-09-08,27.15100860595703
2021-09-09,27.978628158569336
2021-09-10,26.387523651123047
2021-09-11,27.041149139404297
2021-09-12,29.379243850708008
2021-09-13,26.918481826782227
2021-09-14,30.746164321899414
2021-09-15,30.779600143432617
2021-09-16,29.82655143737793
2021-09-17,27.694597244262695
2021-09-18,28.39057731628418
2021-09-19,27.395748138427734
2021-09-20,23.43109893798828
2021-09-21,21.432621002197266
2021-09-22,24.493072509765625
2021-09-23,25.453983306884766
2021-09-24,23.280738830566406
2021-09-25,24.52366065979004
2021-09-26,24.602155685424805
2021-09-27,23.06629753112793
2021-09-28,22.101900100708008
2021-09-29,22.880529403686523
2021-09-30,23.98634910583496
2021-10-01,26.297439575195312
2021-10-02,26.94674301147461
2021-10-03,27.559040069580078
2021-10-04,26.559356689453125
2021-10-05,27.24262809753418
2021-10-06,26.83726692199707
2021-10-07,26.834035873413086
2021-10-08,26.40096092224121
2021-10-09,27.417076110839844
2021-10-10,25.648935317993164
2021-10-11,25.25881576538086
2021-10-12,24.623647689819336
2021-10-13,25.61174964904785
2021-10-14,26.647485733032227
2021-10-15,26.94454574584961
2021-10-16,27.228479385375977
2021-10-17,26.54088592529297
2021-10-18,25.70457649230957
2021-10-19,25.936241149902344
2021-10-20,27.419164657592773
2021-10-21,28.268346786499023
2021-10-22,28.661046981811523
2021-10-23,31.459808349609375
2021-10-24,29.770856857299805
2021-10-25,32.46010971069336
2021-10-26,32.503047943115234
2021-10-27,28.88567352294922
2021-10-28,30.227046966552734
2021-10-29,30.934831619262695
2021-10-30,29.78166961669922
2021-10-31,29.98500633239746
2021-11-01,31.565237045288086
2021-11-02,32.265533447265625
2021-11-03,31.99086570739746
2021-11-04,31.02092933654785
2021-11-05,32.917903900146484
2021-11-06,32.083438873291016
2021-11-07,32.34956359863281
2021-11-08,34.47759246826172
2021-11-09,33.85927200317383
2021-11-10,34.34270477294922
2021-11-11,34.8371696472168
2021-11-12,34.26552200317383
2021-11-13,34.0648307800293
2021-11-14,33.77658462524414
2021-11-15,32.0107536315918
2021-11-16,29.225008010864258
2021-11-17,29.19304847717285
2021-11-18,26.525693893432617
2021-11-19,28.29111671447754
2021-11-20,28.334068298339844
2021-11-21,29.036161422729492
2021-11-22,26.758991241455078
2021-11-23,26.93367576599121
2021-11-24,26.259172439575195
2021-11-25,26.18510627746582
2021-11-26,23.856281280517578
2021-11-27,24.11475944519043
2021-11-28,24.823909759521484
2021-11-29,25.017925262451172
2021-11-30,25.341773986816406
2021-12-01,25.356210708618164
2021-12-02,24.537094116210938
2021-12-03,23.291526794433594
2021-12-04,20.667728424072266
2021-12-05,19.47732162475586
2021-12-06,19.884267807006836
2021-12-07,21.09157371520996
2021-12-08,22.886016845703125
2021-12-09,20.306026458740234
2021-12-10,18.583904266357422
2021-12-11,19.949310302734375
2021-12-12,20.456584930419922
2021-12-13,17.77545928955078
2021-12-14,17.587615966796875
2021-12-15,19.71448516845703
2021-12-16,18.78617286682129
2021-12-17,18.291275024414062
2021-12-18,19.518829345703125
2021-12-19,18.85244369506836
2021-12-20,18.747501373291016
2021-12-21,19.454204559326172
2021-12-22,19.91473960876465
2021-12-23,22.141969680786133
2021-12-24,21.47300910949707
2021-12-25,22.12022590637207
2021-12-26,23.00971221923828
2021-12-27,22.982036590576172
2021-12-28,20.391454696655273
2021-12-29,19.70285415649414
2021-12-30,19.9703426361084
2021-12-31,19.59232521057129
2022-01-01,20.665088653564453
2022-01-02,21.831890106201172
2022-01-03,23.57390594482422
2022-01-04,23.52586555480957
2022-01-05,25.44780158996582
2022-01-06,25.377212524414062
2022-01-07,25.96063995361328
2022-01-08,25.47480010986328
2022-01-09,27.56621742248535
2022-01-10,27.88326644897461
2022-01-11,26.690950393676758
2022-01-12,26.777944564819336
2022-01-13,24.872852325439453
2022-01-14,25.781768798828125
2022-01-15,25.252832412719727
2022-01-16,25.55315589904785
2022-01-17,23.8410587310791
2022-01-18,23.003719329833984
2022-01-19,21.653993606567383
2022-01-20,20.195138931274414
2022-01-21,17.426189422607422
2022-01-22,15.82758617401123
2022-01-23,16.56523323059082
2022-01-24,15.584161758422852
2022-01-25,15.527324676513672
2022-01-26,15.270565032958984
2022-01-27,15.18051815032959
2022-01-28,16.1232852935791
2022-01-29,16.205904006958008
2022-01-30,17.76853370666504
2022-01-31,17.240427017211914
2022-02-01,17.0242919921875
2022-02-02,15.819188117980957
2022-02-03,16.178110122680664
2022-02-04,17.4454402923584
2022-02-05,17.80269432067871
2022-02-06,18.039453506469727
2022-02-07,18.876794815063477
2022-02-08,18.426355361938477
2022-02-09,18.64273452758789
2022-02-10,17.525623321533203
2022-02-11,16.184280395507812
2022-02-12,15.951390266418457
2022-02-13,15.735865592956543
2022-02-14,15.939895629882812
2022-02-15,17.319860458374023
2022-02-16,17.17413330078125
2022-02-17,15.572244644165039
2022-02-18,15.232380867004395
2022-02-19,15.521562576293945
2022-02-20,14.649103164672852
2022-02-21,13.538114547729492
2022-02-22,14.026960372924805
2022-02-23,13.407191276550293
2022-02-24,13.267228126525879
2022-02-25,14.338565826416016
2022-02-26,14.690320014953613
2022-02-27,13.654266357421875
2022-02-28,15.116470336914062
2022-03-01,15.334708213806152
2022-03-02,15.29494857788086
2022-03-03,14.897106170654297
2022-03-04,13.714876174926758
2022-03-05,14.022286415100098
2022-03-06,13.338134765625
2022-03-07,12.71272087097168
2022-03-08,13.077510833740234
2022-03-09,14.015893936157227
2022-03-10,13.195725440979004
2022-03-11,13.07819938659668
2022-03-12,13.186159133911133
2022-03-13,12.740457534790039
2022-03-14,13.401471138000488
2022-03-15,13.714278221130371
2022-03-16,14.696399688720703
2022-03-17,14.421710968017578
2022-03-18,15.028580665588379
2022-03-19,14.97515869140625
2022-03-20,14.552144050598145
2022-03-21,15.007802963256836
2022-03-22,15.450860977172852
2022-03-23,15.800262451171875
2022-03-24,16.171621322631836
2022-03-25,15.584914207458496
2022-03-26,15.821913719177246
2022-03-27,16.84952735900879
2022-03-28,16.517032623291016
2022-03-29,16.973129272460938
2022-03-30,17.209745407104492
2022-03-31,16.910993576049805
2022-04-01,17.312368392944336
2022-04-02,17.403167724609375
2022-04-03,18.09421730041504
2022-04-04,17.474639892578125
2022-04-05,16.77373504638672
2022-04-06,15.427790641784668
2022-04-07,15.775300025939941
2022-04-08,15.135031700134277
2022-04-09,15.433225631713867
2022-04-10,15.34876823425293
2022-04-11,13.75277042388916
2022-04-12,13.973590850830078
2022-04-13,14.183897972106934
2022-04-14,13.646020889282227
2022-04-15,14.120528221130371
2022-04-16,14.150530815124512
2022-04-17,13.76498794555664
2022-04-18,14.037701606750488
2022-04-19,14.258341789245605
2022-04-20,14.024039268493652
2022-04-21,13.588746070861816
2022-04-22,13.609354019165039
2022-04-23,13.34372615814209
2022-04-24,13.287423133850098
2022-04-25,13.45869255065918
2022-04-26,12.35457706451416
2022-04-27,12.733110427856445
2022-04-28,12.662813186645508
2022-04-29,11.970266342163086
2022-04-30,10.997047424316406
2022-05-01,11.312018394470215
2022-05-02,11.178779602050781
2022-05-03,11.121427536010742
2022-05-04,12.145609855651855
2022-05-05,10.917400360107422
2022-05-06,10.799843788146973
2022-05-07,10.23990535736084
2022-05-08,9.990030288696289
2022-05-09,8.272896766662598
2022-05-10,8.584442138671875
2022-05-11,6.916926860809326
2022-05-12,6.569270133972168
2022-05-13,7.147284984588623
2022-05-14,7.28469181060791
2022-05-15,7.941104888916016
2022-05-16,7.418417930603027
2022-05-17,7.725452899932861
2022-05-18,6.82554292678833
2022-05-19,7.219192981719971
2022-05-20,6.890322208404541
2022-05-21,7.058111190795898
2022-05-22,7.356995105743408
2022-05-23,7.028613090515137
2022-05-24,7.234004974365234
2022-05-25,6.97707986831665
2022-05-26,6.608133792877197
2022-05-27,6.273192882537842
2022-05-28,6.5723958015441895
2022-05-29,6.7126288414001465
2022-05-30,7.45792293548584
2022-05-31,7.594669818878174
2022-06-01,6.926414966583252
2022-06-02,7.20100212097168
2022-06-03,6.862430095672607
2022-06-04,7.396090030670166
2022-06-05,7.636984825134277
2022-06-06,7.966335773468018
2022-06-07,8.732022285461426
2022-06-08,8.71743106842041
2022-06-09,9.276540756225586
2022-06-10,8.04669189453125
2022-06-11,7.016141891479492
2022-06-12,6.341506004333496
2022-06-13,5.887118816375732
2022-06-14,6.759265899658203
2022-06-15,7.3247151374816895
2022-06-16,6.336337089538574
2022-06-17,6.363194942474365
2022-06-18,5.93533992767334
2022-06-19,6.599023818969727
2022-06-20,7.002992153167725
2022-06-21,6.838943004608154
2022-06-22,6.633892059326172
2022-06-23,7.001298904418945
2022-06-24,7.2897748947143555
2022-06-25,7.2714080810546875
2022-06-26,6.745378017425537
2022-06-27,6.558154106140137
2022-06-28,6.322357177734375
2022-06-29,6.2102251052856445
2022-06-30,6.252963066101074
2022-07-01,6.069790840148926
2022-07-02,6.2256269454956055
2022-07-03,6.2058610916137695
2022-07-04,6.431877136230469
2022-07-05,6.321958065032959
2022-07-06,6.338929176330566
2022-07-07,6.641354084014893
2022-07-08,6.379156112670898
2022-07-09,6.503009796142578
2022-07-10,6.201322078704834
2022-07-11,6.044690132141113
2022-07-12,5.968434810638428
2022-07-13,6.177943229675293
2022-07-14,6.268181800842285
2022-07-15,6.327785015106201
2022-07-16,6.577694892883301
2022-07-17,6.348729133605957
2022-07-18,7.059539794921875
2022-07-19,7.256052017211914
2022-07-20,6.872341156005859
2022-07-21,6.9986982345581055
2022-07-22,6.8113532066345215
2022-07-23,6.857292175292969
2022-07-24,7.106037139892578
2022-07-25,6.465126037597656
2022-07-26,6.341288089752197
2022-07-27,6.855407238006592
2022-07-28,7.219182014465332
2022-07-29,7.912095069885254
2022-07-30,7.80338716506958
2022-07-31,7.666137218475342
2022-08-01,7.58688497543335
2022-08-02,7.208191871643066
2022-08-03,7.2863311767578125
2022-08-04,7.356004238128662
2022-08-05,7.864570140838623
2022-08-06,7.802283763885498
2022-08-07,8.307045936584473
2022-08-08,8.645899772644043
2022-08-09,8.758238792419434
2022-08-10,9.055891036987305
2022-08-11,8.965302467346191
2022-08-12,9.333063125610352
2022-08-13,9.13301944732666
2022-08-14,8.774847984313965
2022-08-15,8.659610748291016
2022-08-16,8.466906547546387
2022-08-17,8.04944133758545
2022-08-18,7.6731181144714355
2022-08-19,6.907883167266846
2022-08-20,6.905580997467041
2022-08-21,7.087409019470215
2022-08-22,7.034696102142334
2022-08-23,7.244895935058594
2022-08-24,7.135585784912109
2022-08-25,7.133749008178711
2022-08-26,6.486523151397705
2022-08-27,6.537517070770264
2022-08-28,6.263700008392334
2022-08-29,6.703226089477539
2022-08-30,6.557106971740723
2022-08-31,6.630672931671143
2022-09-01,6.895674228668213
2022-09-02,6.923276901245117
2022-09-03,6.8400068283081055
2022-09-04,7.145918846130371
2022-09-05,7.364040851593018
2022-09-06,6.672347068786621
2022-09-07,7.082168102264404
2022-09-08,7.407059192657471
2022-09-09,7.747072219848633
2022-09-10,7.913443088531494
2022-09-11,8.01537799835205
2022-09-12,7.747560977935791
2022-09-13,7.128942012786865
2022-09-14,7.4550018310546875
2022-09-15,7.545806884765625
2022-09-16,7.644145965576172
2022-09-17,8.10516357421875
2022-09-18,7.507727146148682
2022-09-19,7.312716960906982
2022-09-20,6.8872880935668945
2022-09-21,6.712920188903809
2022-09-22,7.118292808532715
2022-09-23,7.4476189613342285
2022-09-24,7.636966228485107
2022-09-25,7.865859031677246
2022-09-26,7.928506851196289
2022-09-27,8.074233055114746
2022-09-28,7.814181804656982
2022-09-29,7.901172161102295
2022-09-30,7.581145763397217
2022-10-01,7.387452125549316
2022-10-02,7.13367223739624
2022-10-03,7.335093021392822
2022-10-04,7.72127103805542
2022-10-05,7.875545024871826
2022-10-06,7.637218952178955
2022-10-07,7.606438159942627
2022-10-08,7.448554992675781
2022-10-09,7.62626314163208
2022-10-10,7.381631851196289
2022-10-11,7.128554821014404
2022-10-12,7.149956226348877
2022-10-13,7.038730144500732
2022-10-14,6.896554946899414
2022-10-15,6.886902809143066
2022-10-16,7.175411224365234
2022-10-17,7.333412170410156
2022-10-18,7.117894172668457
2022-10-19,6.778677940368652
2022-10-20,6.666734218597412
2022-10-21,6.813488960266113
2022-10-22,6.870748996734619
2022-10-23,7.0656352043151855
2022-10-24,6.913847923278809
2022-10-25,7.080036163330078
2022-10-26,7.15816593170166
2022-10-27,6.908006191253662
2022-10-28,7.116174221038818
2022-10-29,7.613306999206543
2022-10-30,7.788180828094482
2022-10-31,7.861647129058838
2022-11-01,7.6939520835876465
2022-11-02,7.427645206451416
2022-11-03,7.714237213134766
2022-11-04,8.741551399230957
2022-11-05,8.665481567382812
2022-11-06,8.121048927307129
2022-11-07,8.895980834960938
2022-11-08,7.6830339431762695
2022-11-09,6.224503040313721
2022-11-10,7.214661121368408
2022-11-11,7.009961128234863
2022-11-12,6.259308815002441
2022-11-13,6.072445869445801
2022-11-14,6.264420986175537
2022-11-15,6.419929027557373
2022-11-16,6.187088966369629
2022-11-17,6.234342098236084
2022-11-18,6.185774803161621
2022-11-19,6.1502180099487305
2022-11-20,5.771728038787842
2022-11-21,5.869119167327881
2022-11-22,6.397805213928223
2022-11-23,6.7013068199157715
2022-11-24,6.831646919250488
2022-11-25,6.842341899871826
2022-11-26,7.146820068359375
2022-11-27,6.902108192443848
2022-11-28,7.207573890686035
2022-11-29,7.320946216583252
2022-11-30,7.680302143096924
2022-12-01,7.687326908111572
2022-12-02,7.615397930145264
2022-12-03,7.2436041831970215
2022-12-04,7.446814060211182
2022-12-05,7.2758378982543945
2022-12-06,7.13372802734375
2022-12-07,6.887232780456543
2022-12-08,7.00632381439209
2022-12-09,6.8592848777771
2022-12-10,6.852805137634277
2022-12-11,6.714855194091797
2022-12-12,6.691596984863281
2022-12-13,6.9113569259643555
2022-12-14,6.728827953338623
2022-12-15,6.4513630867004395
2022-12-16,5.900253772735596
2022-12-17,6.029943943023682
2022-12-18,5.963430881500244
2022-12-19,5.790945053100586
2022-12-20,6.020202159881592
2022-12-21,5.98125696182251
2022-12-22,6.0027689933776855
2022-12-23,5.942527770996094
2022-12-24,5.920003890991211
2022-12-25,5.985958099365234
2022-12-26,6.0376691818237305
2022-12-27,5.899226188659668
2022-12-28,5.676936149597168
2022-12-29,5.603007793426514
2022-12-30,5.467444896697998
2022-12-31,5.568657875061035
2023-01-01,5.622443199157715
2023-01-02,5.687626838684082
2023-01-03,5.622096061706543
2023-01-04,5.804031848907471
2023-01-05,5.647834777832031
2023-01-06,5.7108001708984375
2023-01-07,5.829194068908691
2023-01-08,5.933166027069092
2023-01-09,6.072278022766113
2023-01-10,6.153703212738037
2023-01-11,6.285185813903809
2023-01-12,6.381331920623779
2023-01-13,6.601778984069824
2023-01-14,6.860321998596191
2023-01-15,6.6939568519592285
2023-01-16,6.66686487197876
2023-01-17,6.820442199707031
2023-01-18,6.350072860717773
2023-01-19,6.513941764831543
2023-01-20,6.95069694519043
2023-01-21,6.870330810546875
2023-01-22,6.985128879547119
2023-01-23,7.026174068450928
2023-01-24,6.659311771392822
2023-01-25,6.960362911224365
2023-01-26,7.174172878265381
2023-01-27,7.371270179748535
2023-01-28,7.207572937011719
2023-01-29,7.387718200683594
2023-01-30,6.906291961669922
2023-01-31,6.952308177947998
2023-02-01,7.216623783111572
2023-02-02,7.102139949798584
2023-02-03,7.290623188018799
2023-02-04,7.238030910491943
2023-02-05,6.984615802764893
2023-02-06,6.832168102264404
2023-02-07,7.198653221130371
2023-02-08,7.121416091918945
2023-02-09,6.98314094543457
2023-02-10,6.902423858642578
2023-02-11,7.006326198577881
2023-02-12,6.807923793792725
2023-02-13,6.67165994644165
2023-02-14,6.806429862976074
2023-02-15,7.270598888397217
2023-02-16,7.0281548500061035
2023-02-17,7.66677188873291
2023-02-18,8.00831413269043
2023-02-19,7.99688720703125
2023-02-20,8.00644588470459
2023-02-21,7.636673927307129
2023-02-22,7.708319187164307
2023-02-23,7.936591148376465
2023-02-24,7.45567512512207
2023-02-25,7.376634120941162
2023-02-26,7.491860866546631
2023-02-27,7.27908992767334
2023-02-28,7.1926960945129395
2023-03-01,7.52876615524292
2023-03-02,7.267749786376953
2023-03-03,6.948713779449463
2023-03-04,6.852447032928467
2023-03-05,6.94422721862793
2023-03-06,6.862199783325195
2023-03-07,6.871420860290527
2023-03-08,6.584420204162598
2023-03-09,6.158695220947266
2023-03-10,6.225045204162598
2023-03-11,6.207980155944824
2023-03-12,6.589978218078613
2023-03-13,6.776379108428955
2023-03-14,6.975945949554443
2023-03-15,6.55108118057251
2023-03-16,6.674513816833496
2023-03-17,7.225374221801758
2023-03-18,6.933574199676514
2023-03-19,7.102636814117432
2023-03-20,7.057743072509766
2023-03-21,7.407576084136963
2023-03-22,7.180304050445557
2023-03-23,7.621306896209717
2023-03-24,7.206892013549805
2023-03-25,7.084826946258545
2023-03-26,7.262111186981201
2023-03-27,6.872753143310547
2023-03-28,6.955334186553955
2023-03-29,7.382523059844971
2023-03-30,7.232709884643555
2023-03-31,7.594569206237793
2023-04-01,7.47448205947876
2023-04-02,7.259294033050537
2023-04-03,7.239348888397217
2023-04-04,7.379016876220703
2023-04-05,7.325242042541504
2023-04-06,7.200003147125244
2023-04-07,7.277441024780273
2023-04-08,7.137541770935059
2023-04-09,7.212092876434326
2023-04-10,7.344665050506592
2023-04-11,7.313779830932617
2023-04-12,7.250481128692627
2023-04-13,7.464562892913818
2023-04-14,7.752357006072998
2023-04-15,8.013286590576172
2023-04-16,8.136897087097168
2023-04-17,8.164322853088379
2023-04-18,8.576398849487305
2023-04-19,7.770359992980957
2023-04-20,7.51875114440918
2023-04-21,7.117650032043457
2023-04-22,7.179794788360596
2023-04-23,7.079930782318115
2023-04-24,7.076444149017334
2023-04-25,7.27154016494751
2023-04-26,7.00423002243042
2023-04-27,7.170403957366943
2023-04-28,7.050134181976318
2023-04-29,7.187723159790039
2023-04-30,7.052085876464844
2023-05-01,6.901027202606201
2023-05-02,6.986553192138672
2023-05-03,7.123072147369385
2023-05-04,6.997713088989258
2023-05-05,7.2359209060668945
2023-05-06,6.943518161773682
2023-05-07,6.909634113311768
2023-05-08,6.591795921325684
2023-05-09,6.52426290512085
2023-05-10,6.5959038734436035
2023-05-11,6.366950988769531
2023-05-12,6.621963977813721
2023-05-13,6.50039005279541
2023-05-14,6.543808937072754
2023-05-15,6.6380510330200195
2023-05-16,6.659043788909912
2023-05-17,6.753897190093994
2023-05-18,6.534811973571777
2023-05-19,6.508409023284912
2023-05-20,6.512510776519775
2023-05-21,6.429470062255859
2023-05-22,6.52993106842041
2023-05-23,6.50832986831665
2023-05-24,6.327065944671631
2023-05-25,6.279226779937744
2023-05-26,6.352190971374512
2023-05-27,6.440199851989746
2023-05-28,6.638851165771484
2023-05-29,6.640285015106201
2023-05-30,6.613655090332031
2023-05-31,6.480094909667969
2023-06-01,6.346456050872803
2023-06-02,6.456369876861572
2023-06-03,6.416921138763428
2023-06-04,6.456024169921875
2023-06-05,6.0659499168396
2023-06-06,6.260660171508789
2023-06-07,5.914066791534424
2023-06-08,5.995314121246338
2023-06-09,5.986426830291748
2023-06-10,5.241125106811523
2023-06-11,5.173130989074707
2023-06-12,5.163537979125977
2023-06-13,5.293571949005127
2023-06-14,5.242557048797607
2023-06-15,5.30604887008667
2023-06-16,5.319080829620361
2023-06-17,5.283658027648926
2023-06-18,5.161345958709717
2023-06-19,5.1191558837890625
2023-06-20,5.263209819793701
2023-06-21,5.563837051391602
2023-06-22,5.5680670738220215
2023-06-23,6.059010028839111
2023-06-24,6.136025905609131
2023-06-25,6.150530815124512
2023-06-26,6.066921234130859
2023-06-27,6.198840141296387
2023-06-28,5.821579933166504
2023-06-29,5.9014787673950195
2023-06-30,6.3084540367126465
2023-07-01,6.497599124908447
2023-07-02,6.530424118041992
2023-07-03,6.620471954345703
2023-07-04,6.526224136352539
2023-07-05,6.30457878112793
2023-07-06,6.091969966888428
2023-07-07,6.154138088226318
2023-07-08,6.193655967712402
2023-07-09,6.148781776428223
2023-07-10,6.168487071990967
2023-07-11,6.204080104827881
2023-07-12,6.2490739822387695
2023-07-13,7.092254161834717
2023-07-14,6.9449357986450195
2023-07-15,6.915660858154297
2023-07-16,6.616024971008301
2023-07-17,7.191557884216309
2023-07-18,6.923120021820068
2023-07-19,6.917884826660156
2023-07-20,8.342902183532715
2023-07-21,8.142471313476562
2023-07-22,7.869027137756348
2023-07-23,7.895740032196045
2023-07-24,7.590983867645264
2023-07-25,7.4025959968566895
2023-07-26,7.753373146057129
2023-07-27,7.988918781280518
2023-07-28,7.801767826080322
2023-07-29,7.852121829986572
2023-07-30,7.5561699867248535
2023-07-31,7.544678211212158
2023-08-01,7.628017902374268
2023-08-02,7.349018096923828
2023-08-03,7.125888824462891
2023-08-04,7.132810115814209
2023-08-05,7.220318794250488
2023-08-06,7.1017937660217285
2023-08-07,7.296730041503906
2023-08-08,7.450203895568848
2023-08-09,7.694713115692139
2023-08-10,7.608376979827881
2023-08-11,7.484983921051025
2023-08-12,7.439908027648926
2023-08-13,7.369263172149658
2023-08-14,7.414638042449951
2023-08-15,7.039225101470947
2023-08-16,6.753678798675537
2023-08-17,6.209252834320068
2023-08-18,6.170827865600586
2023-08-19,6.172726154327393
2023-08-20,6.216061115264893
2023-08-21,6.179046154022217
2023-08-22,6.108273029327393
2023-08-23,6.345688819885254
2023-08-24,6.077850818634033
2023-08-25,6.007421016693115
2023-08-26,6.002890110015869
2023-08-27,6.023508071899414
2023-08-28,5.978857040405273
2023-08-29,6.192354202270508
2023-08-30,5.937586784362793
2023-08-31,5.875496864318848
2023-09-01,5.933749198913574
2023-09-02,5.966878890991211
2023-09-03,6.025086879730225
2023-09-04,6.0111541748046875
2023-09-05,6.135129928588867
2023-09-06,6.293778896331787
2023-09-07,6.384524822235107
2023-09-08,6.27710485458374
2023-09-09,6.16731595993042
2023-09-10,6.017714023590088
2023-09-11,5.823768138885498
2023-09-12,5.9593892097473145
2023-09-13,6.021813869476318
2023-09-14,6.153502941131592
2023-09-15,6.36220121383667
2023-09-16,6.283411979675293
2023-09-17,6.143582820892334
2023-09-18,6.5657548904418945
2023-09-19,6.863012790679932
2023-09-20,6.910942077636719
2023-09-21,6.682000160217285
2023-09-22,6.939219951629639
2023-09-23,7.1928229331970215
2023-09-24,6.989484786987305
2023-09-25,7.484897136688232
2023-09-26,7.363938808441162
2023-09-27,7.642251014709473
2023-09-28,7.822662830352783
2023-09-29,7.954563140869141
2023-09-30,8.180992126464844
2023-10-01,8.047098159790039
2023-10-02,7.471463203430176
2023-10-03,7.419229030609131
2023-10-04,7.679328918457031
2023-10-05,7.474690914154053
2023-10-06,7.652021884918213
2023-10-07,7.532812118530273
2023-10-08,7.69350004196167
2023-10-09,7.283275127410889
2023-10-10,7.266600131988525
2023-10-11,7.393107891082764
2023-10-12,7.201082229614258
2023-10-13,7.259515762329102
2023-10-14,7.322572231292725
2023-10-15,7.422249794006348
2023-10-16,7.539670944213867
2023-10-17,7.332848072052002
2023-10-18,7.3619208335876465
2023-10-19,7.3109822273254395
2023-10-20,7.581277847290039
2023-10-21,8.90384578704834
2023-10-22,10.132683753967285
2023-10-23,10.546121597290039
2023-10-24,10.394031524658203
2023-10-25,11.026677131652832
2023-10-26,10.929611206054688
2023-10-27,11.204940795898438
2023-10-28,10.925374031066895
2023-10-29,11.103344917297363
2023-10-30,11.237469673156738
2023-10-31,11.37502670288086
2023-11-01,11.624006271362305
2023-11-02,11.004575729370117
2023-11-03,11.484772682189941
2023-11-04,11.49703598022461
2023-11-05,12.227702140808105
2023-11-06,13.009284019470215
2023-11-07,13.068292617797852
2023-11-08,14.93785572052002
2023-11-09,14.635876655578613
2023-11-10,15.509591102600098
2023-11-11,16.422510147094727
2023-11-12,16.001081466674805
2023-11-13,14.407805442810059
2023-11-14,13.968098640441895
2023-11-15,15.017497062683105
2023-11-16,13.88802433013916
2023-11-17,13.68433952331543
2023-11-18,13.74829387664795
2023-11-19,14.939276695251465
2023-11-20,14.465622901916504
2023-11-21,13.5319185256958
2023-11-22,14.236408233642578
2023-11-23,14.402031898498535
2023-11-24,14.46033000946045
2023-11-25,14.756277084350586
2023-11-26,14.789013862609863
2023-11-27,14.20132827758789
2023-11-28,14.519681930541992
2023-11-29,14.511725425720215
2023-11-30,14.404431343078613
2023-12-01,14.98322868347168
2023-12-02,15.994240760803223
2023-12-03,15.7426118850708
2023-12-04,15.764348983764648
2023-12-05,15.720780372619629
2023-12-06,15.29030704498291
2023-12-07,15.712053298950195
2023-12-08,16.942026138305664
2023-12-09,16.218416213989258
2023-12-10,16.333545684814453
2023-12-11,14.765364646911621
2023-12-12,14.521307945251465
2023-12-13,14.778791427612305
2023-12-14,15.393107414245605
2023-12-15,14.327272415161133
2023-12-16,14.318156242370605
2023-12-17,14.020898818969727
2023-12-18,14.645723342895508
2023-12-19,14.095596313476562
2023-12-20,14.225022315979004
2023-12-21,15.286552429199219
2023-12-22,15.497312545776367
2023-12-23,15.687339782714844
2023-12-24,15.31032657623291
2023-12-25,15.608394622802734
2023-12-26,15.090892791748047
2023-12-27,16.672073364257812
2023-12-28,16.051332473754883
2023-12-29,15.533926010131836
2023-12-30,15.19324779510498
2023-12-31,14.946123123168945
2024-01-01,15.535808563232422
2024-01-02,15.165292739868164
2024-01-03,14.150558471679688
2024-01-04,14.5540189743042
2024-01-05,14.065112113952637
2024-01-06,13.42838191986084
2024-01-07,13.140296936035156
2024-01-08,14.156993865966797
2024-01-09,13.705975532531738
2024-01-10,15.031819343566895
2024-01-11,15.032686233520508
2024-01-12,14.134305000305176
2024-01-13,14.364034652709961
2024-01-14,14.79709243774414
2024-01-15,15.195074081420898
2024-01-16,15.261761665344238
2024-01-17,15.730317115783691
2024-01-18,14.649992942810059
2024-01-19,16.04130744934082
2024-01-20,15.742375373840332
2024-01-21,15.391012191772461
2024-01-22,14.544947624206543
2024-01-23,14.274681091308594
2024-01-24,14.23513412475586
2024-01-25,13.757712364196777
2024-01-26,14.195534706115723
2024-01-27,14.34029769897461
2024-01-28,14.517561912536621
2024-01-29,14.988256454467773
2024-01-30,15.467368125915527
2024-01-31,15.39860725402832
2024-02-01,17.184246063232422
2024-02-02,17.791160583496094
2024-02-03,17.661924362182617
2024-02-04,18.17605972290039
2024-02-05,19.131561279296875
2024-02-06,18.29801368713379
2024-02-07,18.85492515563965
2024-02-08,18.231304168701172
2024-02-09,18.46788215637207
2024-02-10,19.091100692749023
2024-02-11,20.12895965576172
2024-02-12,20.491962432861328
2024-02-13,19.88628387451172
2024-02-14,20.277942657470703
2024-02-15,19.94938087463379
2024-02-16,19.57235336303711
2024-02-17,20.03460693359375
2024-02-18,20.096508026123047
2024-02-19,19.820606231689453
2024-02-20,19.295194625854492
2024-02-21,18.58225440979004
2024-02-22,18.112953186035156
2024-02-23,17.939098358154297
2024-02-24,18.52635955810547
2024-02-25,18.704635620117188
2024-02-26,19.116256713867188
2024-02-27,19.036426544189453
2024-02-28,19.431785583496094
2024-02-29,19.287715911865234
2024-03-01,20.0609073638916
2024-03-02,21.421598434448242
2024-03-03,20.513017654418945
2024-03-04,20.44875717163086
2024-03-05,19.010520935058594
2024-03-06,20.075965881347656
2024-03-07,20.127426147460938
2024-03-08,19.741352081298828
2024-03-09,20.028526306152344
2024-03-10,21.75461196899414
2024-03-11,21.289613723754883
2024-03-12,20.66677474975586
2024-03-13,20.7681884765625
2024-03-14,20.906293869018555
2024-03-15,19.60538673400879
2024-03-16,18.12628936767578
2024-03-17,18.674497604370117
2024-03-18,18.32435417175293
2024-03-19,16.809295654296875
2024-03-20,18.406482696533203
2024-03-21,18.43138313293457
2024-03-22,18.290664672851562
2024-03-23,18.07221794128418
2024-03-24,18.532669067382812
2024-03-25,19.359712600708008
2024-03-26,20.01067543029785
2024-03-27,19.302181243896484
2024-03-28,19.16071319580078
2024-03-29,18.993438720703125
2024-03-30,18.943042755126953
2024-03-31,19.137727737426758
2024-04-01,18.38026237487793
2024-04-02,17.963333129882812
2024-04-03,17.706615447998047
2024-04-04,17.793916702270508
2024-04-05,17.347497940063477
2024-04-06,17.57422637939453
2024-04-07,17.922143936157227
2024-04-08,18.100648880004883
2024-04-09,17.36273765563965
2024-04-10,17.42534637451172
2024-04-11,17.550020217895508
2024-04-12,15.157100677490234
2024-04-13,13.3458251953125
2024-04-14,14.119750022888184
2024-04-15,13.582572937011719
2024-04-16,13.488032341003418
2024-04-17,13.135204315185547
2024-04-18,13.89305305480957
2024-04-19,13.966599464416504
2024-04-20,14.964591979980469
2024-04-21,15.080411911010742
2024-04-22,15.465097427368164
2024-04-23,15.196627616882324
2024-04-24,14.537848472595215
2024-04-25,14.599360466003418
2024-04-26,14.480972290039062
2024-04-27,14.252129554748535
2024-04-28,13.808069229125977
2024-04-29,14.073784828186035
2024-04-30,13.13352108001709
2024-05-01,13.344388008117676
2024-05-02,13.59581470489502
2024-05-03,14.109475135803223
2024-05-04,14.31827163696289
2024-05-05,14.375481605529785
2024-05-06,14.50192928314209
2024-05-07,14.01184368133545
2024-05-08,13.899291038513184
2024-05-09,14.23800277709961
2024-05-10,13.568572998046875
2024-05-11,13.301305770874023
2024-05-12,13.546971321105957
2024-05-13,13.378436088562012
2024-05-14,12.975332260131836
2024-05-15,13.888160705566406
2024-05-16,15.509692192077637
2024-05-17,16.252931594848633
2024-05-18,16.31100845336914
2024-05-19,16.581558227539062
2024-05-20,17.277952194213867
2024-05-21,16.735185623168945
2024-05-22,16.347694396972656
2024-05-23,16.605215072631836
2024-05-24,17.247709274291992
2024-05-25,17.441204071044922
2024-05-26,17.046470642089844
2024-05-27,18.778060913085938
2024-05-28,18.52767562866211
2024-05-29,18.452091217041016
2024-05-30,17.944950103759766
2024-05-31,18.422332763671875
2024-06-01,18.41452407836914
2024-06-02,18.148576736450195
2024-06-03,17.613609313964844
2024-06-04,17.72248077392578
2024-06-05,17.738054275512695
2024-06-06,17.268896102905273
2024-06-07,16.32770347595215
2024-06-08,15.944519996643066
2024-06-09,16.357593536376953
2024-06-10,15.89479923248291
2024-06-11,14.996339797973633
2024-06-12,16.001293182373047
2024-06-13,15.136268615722656
2024-06-14,14.741475105285645
2024-06-15,14.858819961547852
2024-06-16,15.126066207885742
2024-06-17,14.534425735473633
2024-06-18,13.96777057647705
2024-06-19,14.334752082824707
2024-06-20,14.259183883666992
2024-06-21,13.862212181091309
2024-06-22,13.48008918762207
2024-06-23,13.177005767822266
2024-06-24,13.614714622497559
2024-06-25,14.195656776428223
2024-06-26,13.904292106628418
2024-06-27,14.387674331665039
2024-06-28,13.75875473022461
2024-06-29,13.511537551879883
2024-06-30,14.260198593139648
2024-07-01,14.327778816223145
2024-07-02,14.404244422912598
2024-07-03,13.620819091796875
2024-07-04,12.553675651550293
2024-07-05,12.305855751037598
2024-07-06,13.201163291931152
2024-07-07,12.351334571838379
2024-07-08,13.114887237548828
2024-07-09,12.820453643798828
2024-07-10,12.796518325805664
2024-07-11,12.350228309631348
2024-07-12,12.738323211669922
2024-07-13,13.021286964416504
2024-07-14,13.426870346069336
2024-07-15,14.422126770019531
2024-07-16,14.221345901489258
2024-07-17,13.754619598388672
2024-07-18,13.600837707519531
2024-07-19,14.075929641723633
2024-07-20,14.26817512512207
2024-07-21,14.806570053100586
2024-07-22,13.929006576538086
2024-07-23,13.919931411743164
2024-07-24,13.395511627197266
2024-07-25,12.946199417114258
2024-07-26,13.54045295715332
2024-07-27,13.567426681518555
2024-07-28,13.293225288391113
2024-07-29,13.543046951293945
2024-07-30,13.140531539916992
2024-07-31,12.82884693145752
2024-08-01,12.89976692199707
2024-08-02,11.917962074279785
2024-08-03,11.70133113861084
2024-08-04,10.871526718139648
2024-08-05,9.501569747924805
2024-08-06,10.0545654296875
2024-08-07,9.485442161560059
2024-08-08,10.736471176147461
2024-08-09,10.548673629760742
2024-08-10,10.554250717163086
2024-08-11,10.008923530578613
2024-08-12,10.557686805725098
2024-08-13,10.576763153076172
2024-08-14,10.401407241821289
2024-08-15,10.173847198486328
2024-08-16,10.143065452575684
2024-08-17,10.150433540344238
2024-08-18,10.095947265625
2024-08-19,10.183764457702637
2024-08-20,10.245038986206055
2024-08-21,11.214466094970703
2024-08-22,11.467951774597168
2024-08-23,12.062475204467773
2024-08-24,12.347853660583496
2024-08-25,12.108485221862793
2024-08-26,11.854799270629883
2024-08-27,11.170317649841309
2024-08-28,11.181870460510254
2024-08-29,10.937602996826172
2024-08-30,11.119160652160645
2024-08-31,11.024574279785156
2024-09-01,10.372398376464844
2024-09-02,10.761754989624023
2024-09-03,10.314515113830566
2024-09-04,10.335187911987305
2024-09-05,10.016019821166992
2024-09-06,9.575072288513184
2024-09-07,10.018677711486816
2024-09-08,10.335866928100586
2024-09-09,10.545119285583496
2024-09-10,10.597155570983887
2024-09-11,10.406829833984375
2024-09-12,10.786038398742676
2024-09-13,11.458701133728027
2024-09-14,11.297834396362305
2024-09-15,10.823186874389648
2024-09-16,10.554821014404297
2024-09-17,10.627530097961426
2024-09-18,10.853248596191406
2024-09-19,11.205124855041504
2024-09-20,11.426664352416992
2024-09-21,11.51356315612793
2024-09-22,11.132943153381348
2024-09-23,11.398932456970215
2024-09-24,12.162094116210938
2024-09-25,12.111525535583496
2024-09-26,12.551836967468262
2024-09-27,12.680974960327148
2024-09-28,12.943387985229492
2024-09-29,12.48232364654541
2024-09-30,11.85057258605957
2024-10-01,11.025396347045898
2024-10-02,10.662163734436035
2024-10-03,10.650412559509277
2024-10-04,11.068582534790039
2024-10-05,11.261728286743164
2024-10-06,11.276307106018066
2024-10-07,11.160425186157227
2024-10-08,10.825778007507324
2024-10-09,10.529767990112305
2024-10-10,10.538860321044922
2024-10-11,10.898591995239258
2024-10-12,11.0164155960083
2024-10-13,10.731656074523926
2024-10-14,11.26422119140625
2024-10-15,11.436711311340332
2024-10-16,11.238662719726562
2024-10-17,11.021685600280762
2024-10-18,11.477060317993164
2024-10-19,11.42170238494873
2024-10-20,11.962789535522461
2024-10-21,11.709382057189941
2024-10-22,11.966221809387207
2024-10-23,11.24693775177002
2024-10-24,11.59044075012207
2024-10-25,11.09341812133789
2024-10-26,11.00280475616455
2024-10-27,10.980671882629395
2024-10-28,11.178171157836914
2024-10-29,11.788102149963379
2024-10-30,12.394707679748535
2024-10-31,11.422245979309082
2024-11-01,11.265908241271973
2024-11-02,11.174641609191895
2024-11-03,10.764084815979004
2024-11-04,10.2481689453125
2024-11-05,10.842791557312012
2024-11-06,12.168525695800781
2024-11-07,12.606694221496582
2024-11-08,13.718581199645996
2024-11-09,13.762722969055176
2024-11-10,14.289252281188965
2024-11-11,14.895793914794922
2024-11-12,14.004612922668457
2024-11-13,13.475764274597168
2024-11-14,12.971002578735352
2024-11-15,13.84998893737793
2024-11-16,14.526206016540527
2024-11-17,13.778284072875977
2024-11-18,15.22088623046875
2024-11-19,14.646309852600098
2024-11-20,14.247101783752441
2024-11-21,14.908040046691895
2024-11-22,16.531856536865234
2024-11-23,17.38550567626953
2024-11-24,17.94485855102539
2024-11-25,17.387096405029297
2024-11-26,17.338844299316406
2024-11-27,18.696128845214844
2024-11-28,17.960947036743164
2024-11-29,18.2906436920166
2024-11-30,19.022661209106445
2024-12-01,18.889429092407227
2024-12-02,25.091211318969727
2024-12-03,24.2171630859375
2024-12-04,24.105140686035156
2024-12-05,23.40096664428711
2024-12-06,25.811050415039062
2024-12-07,24.800466537475586
2024-12-08,26.144575119018555
2024-12-09,22.34653663635254
2024-12-10,22.216991424560547
2024-12-11,24.093059539794922
2024-12-12,29.28685188293457
2024-12-13,29.024141311645508
2024-12-14,29.112491607666016
2024-12-15,29.2235107421875
2024-12-16,28.744182586669922
2024-12-17,27.823747634887695
2024-12-18,24.89114761352539
2024-12-19,22.892488479614258
2024-12-20,23.364501953125
2024-12-21,22.126737594604492
2024-12-22,22.04706573486328
2024-12-23,24.479013442993164
2024-12-24,25.439577102661133
2024-12-25,24.431169509887695
2024-12-26,22.65229034423828
2024-12-27,21.529094696044922
2024-12-28,21.966081619262695
2024-12-29,20.938785552978516
2024-12-30,20.583473205566406
2024-12-31,20.001365661621094
2025-01-01,21.67484474182129
2025-01-02,22.040437698364258
2025-01-03,23.39835548400879
2025-01-04,23.613359451293945
2025-01-05,23.63523292541504
2025-01-06,23.81981086730957
2025-01-07,21.39488410949707
2025-01-08,20.45516014099121
2025-01-09,19.645790100097656
2025-01-10,20.266521453857422
2025-01-11,20.192392349243164
2025-01-12,19.837339401245117
2025-01-13,19.361106872558594
2025-01-14,20.310087203979492
2025-01-15,22.114240646362305
2025-01-16,23.005603790283203
2025-01-17,25.112716674804688
2025-01-18,24.112377166748047
2025-01-19,24.2492733001709
2025-01-20,25.068965911865234
2025-01-21,26.594463348388672
2025-01-22,25.2911434173584
2025-01-23,25.655147552490234
2025-01-24,25.189668655395508
2025-01-25,24.92470932006836
2025-01-26,24.911712646484375
2025-01-27,24.14933967590332
2025-01-28,22.615997314453125
2025-01-29,23.62223243713379
2025-01-30,24.47380828857422
2025-01-31,25.148338317871094
2025-02-01,23.048158645629883
2025-02-02,20.42749786376953
2025-02-03,21.643274307250977
2025-02-04,20.0632381439209
2025-02-05,19.204370498657227
2025-02-06,18.59428596496582
2025-02-07,18.386972427368164
2025-02-08,18.464569091796875
2025-02-09,18.30515480041504
2025-02-10,18.766145706176758
2025-02-11,18.642301559448242
2025-02-12,19.180673599243164
2025-02-13,18.558940887451172
2025-02-14,19.41437530517578
2025-02-15,18.98305892944336
2025-02-16,18.70529556274414
2025-02-17,19.099895477294922
2025-02-18,17.83260726928711
2025-02-19,17.978578567504883
2025-02-20,18.298744201660156
2025-02-21,17.39421272277832
2025-02-22,17.76429557800293
2025-02-23,17.6387882232666
2025-02-24,15.247294425964355
2025-02-25,15.29446029663086
2025-02-26,15.207539558410645
2025-02-27,15.106882095336914
2025-02-28,14.81668758392334
2025-03-01,14.788805961608887
2025-03-02,17.41300392150879
2025-03-03,14.450200080871582
2025-03-04,14.875398635864258
2025-03-05,16.462270736694336
2025-03-06,17.070051193237305
2025-03-07,15.938858985900879
2025-03-08,15.251073837280273
2025-03-09,13.77341079711914
2025-03-10,12.69313907623291
2025-03-11,13.099883079528809
2025-03-12,13.482376098632812
2025-03-13,13.027454376220703
2025-03-14,13.679569244384766
2025-03-15,14.037820816040039
2025-03-16,13.371051788330078
2025-03-17,14.035404205322266
2025-03-18,13.92329216003418
2025-03-19,15.012786865234375
2025-03-20,14.215102195739746
2025-03-21,13.95905876159668
2025-03-22,14.22672176361084
2025-03-23,14.435689926147461
2025-03-24,15.089212417602539
2025-03-25,15.455079078674316
2025-03-26,15.259174346923828
2025-03-27,15.507801055908203
2025-03-28,14.244855880737305
2025-03-29,13.545989036560059
2025-03-30,13.387308120727539
2025-03-31,13.512476921081543
2025-04-01,14.042898178100586
2025-04-02,12.934548377990723
2025-04-03,12.879012107849121
2025-04-04,12.934565544128418
2025-04-05,12.846267700195312
2025-04-06,11.25341510772705
2025-04-07,11.451340675354004
2025-04-08,10.9085111618042
2025-04-09,12.657184600830078
2025-04-10,12.07532024383545
2025-04-11,12.661982536315918
2025-04-12,13.146659851074219
2025-04-13,12.6239013671875
2025-04-14,12.622772216796875
2025-04-15,12.235984802246094
2025-04-16,12.357337951660156
2025-04-17,12.517427444458008
2025-04-18,12.562503814697266
2025-04-19,12.937108039855957
2025-04-20,13.27574634552002
2025-04-21,13.106670379638672
2025-04-22,14.139148712158203
2025-04-23,15.005440711975098
2025-04-24,15.044060707092285
2025-04-25,14.929082870483398
2025-04-26,14.875073432922363
2025-04-27,14.588580131530762
2025-04-28,15.01733112335205
2025-04-29,14.613898277282715
2025-04-30,14.29294204711914
2025-05-01,14.75207805633545
2025-05-02,14.6611967086792
2025-05-03,14.260993003845215
2025-05-04,13.859743118286133
2025-05-05,13.646458625793457
2025-05-06,13.830133438110352
2025-05-07,13.819287300109863
2025-05-08,15.849824905395508
2025-05-09,16.011110305786133
2025-05-10,17.34076690673828
2025-05-11,17.063989639282227
2025-05-12,16.732389450073242
2025-05-13,17.432764053344727
2025-05-14,17.01301383972168
2025-05-15,16.003477096557617
2025-05-16,15.755204200744629
2025-05-17,15.320246696472168
2025-05-18,15.922525405883789
2025-05-19,15.799415588378906
2025-05-20,15.6917085647583
2025-05-21,16.12407684326172
2025-05-22,16.736061096191406
2025-05-23,15.521185874938965
2025-05-24,15.355583190917969
2025-05-25,15.526289939880371
2025-05-26,15.527997970581055
2025-05-27,15.918099403381348
2025-05-28,15.665416717529297
2025-05-29,15.040348052978516
2025-05-30,13.899076461791992
2025-05-31,13.976826667785645
2025-06-01,14.062182426452637
2025-06-02,14.092877388000488
2025-06-03,14.115714073181152
2025-06-04,13.850793838500977
2025-06-05,12.922351837158203
2025-06-06,13.581302642822266
2025-06-07,13.836443901062012
2025-06-08,13.717120170593262
2025-06-09,14.361599922180176
2025-06-10,15.427643775939941
2025-06-11,14.90967082977295
2025-06-12,14.025967597961426
2025-06-13,13.436464309692383
2025-06-14,13.166606903076172
2025-06-15,13.296910285949707
2025-06-16,13.574793815612793
2025-06-17,13.007805824279785
2025-06-18,13.103866577148438
2025-06-19,13.074892044067383
2025-06-20,12.51447582244873
2025-06-21,11.985239028930664
2025-06-22,11.652458190917969
2025-06-23,12.874313354492188
2025-06-24,13.408498764038086
2025-06-25,13.136893272399902
2025-06-26,12.929868698120117
2025-06-27,13.060314178466797
2025-06-28,13.39917278289795
2025-06-29,13.725419998168945
2025-06-30,13.38076400756836
2025-07-01,12.896029472351074
2025-07-02,13.559239387512207
2025-07-03,13.668498992919922
2025-07-04,13.169758796691895
2025-07-05,13.229538917541504
2025-07-06,13.494132041931152
2025-07-07,13.428613662719727
2025-07-08,13.96792984008789
2025-07-09,14.253814697265625
2025-07-10,15.239021301269531
2025-07-11,15.298432350158691
2025-07-12,15.09860897064209
2025-07-13,15.646004676818848
2025-07-14,15.777632713317871
2025-07-15,16.092302322387695
2025-07-16,16.674169540405273
2025-07-17,17.997987747192383
2025-07-18,17.843006134033203
2025-07-19,18.41661834716797
2025-07-20,19.30514907836914
2025-07-21,19.532302856445312
2025-07-22,19.663110733032227
2025-07-23,18.185083389282227
2025-07-24,17.907915115356445
2025-07-25,18.29102325439453
2025-07-26,18.406492233276367
2025-07-27,19.234554290771484
2025-07-28,18.037017822265625
2025-07-29,17.822280883789062
2025-07-30,17.715185165405273
2025-07-31,16.955446243286133
2025-08-01,16.101533889770508
2025-08-02,15.651691436767578
2025-08-03,16.299955368041992
2025-08-04,17.103120803833008
2025-08-05,16.38486671447754
2025-08-06,16.68630599975586
2025-08-07,18.46993637084961
2025-08-08,19.895051956176758
2025-08-09,21.93036460876465
2025-08-10,22.102489471435547
2025-08-11,21.119766235351562
2025-08-12,23.522558212280273
2025-08-13,24.000789642333984
2025-08-14,22.479764938354492
2025-08-15,21.75300407409668
2025-08-16,22.652238845825195
2025-08-17,25.688791275024414
2025-08-18,25.75943946838379
2025-08-19,23.518341064453125
2025-08-20,26.36775016784668
2025-08-21,24.78521728515625
2025-08-22,26.746482849121094
2025-08-23,26.278017044067383
2025-08-24,25.82159423828125
2025-08-25,23.395715713500977
2025-08-26,24.399843215942383
2025-08-27,23.757827758789062
2025-08-28,25.18048667907715
2025-08-29,23.433656692504883
2025-08-30,23.497806549072266
2025-08-31,23.22403335571289
2025-09-01,22.481395721435547
2025-09-02,23.480976104736328
2025-09-03,23.69241714477539
2025-09-04,22.3513240814209
2025-09-05,22.29143714904785
2025-09-06,22.205257415771484
2025-09-07,22.465261459350586
2025-09-08,23.050865173339844
2025-09-09,23.055517196655273
2025-09-10,23.55696678161621
2025-09-11,24.46678924560547
2025-09-12,25.13623046875
2025-09-13,24.877197265625
2025-09-14,24.1313533782959
2025-09-15,23.584924697875977
2025-09-16,23.494625091552734
2025-09-17,23.98741340637207
2025-09-18,24.6402530670166
2025-09-19,23.496610641479492
2025-09-20,23.34481430053711
2025-09-21,22.997249603271484
2025-09-22,21.66023063659668
2025-09-23,21.544639587402344
2025-09-24,21.620655059814453
2025-09-25,20.108457565307617
2025-09-26,21.08590316772461
2025-09-27,20.928056716918945
2025-09-28,21.680927276611328
2025-09-29,21.749244689941406
2025-09-30,21.329387664794922
2025-10-01,22.582313537597656
2025-10-02,22.774349212646484
2025-10-03,22.5244083404541
2025-10-04,22.032007217407227
2025-10-05,22.002395629882812
2025-10-06,23.37454605102539
2025-10-07,21.855979919433594
2025-10-08,22.620698928833008
2025-10-09,22.012300491333008
2025-10-10,17.354766845703125
2025-10-11,17.21348762512207
2025-10-12,19.047706604003906
2025-10-13,19.86493492126465
2025-10-14,19.113391876220703
2025-10-15,18.063411712646484
2025-10-16,17.40520477294922
2025-10-17,16.611236572265625
2025-10-18,16.820730209350586
2025-10-19,17.27528953552246
2025-10-20,18.6574764251709
2025-10-21,17.62841796875
2025-10-22,17.207212448120117
2025-10-23,17.41607666015625
2025-10-24,17.87808609008789
2025-10-25,18.01698112487793
2025-10-26,18.540292739868164
2025-10-27,18.216867446899414
2025-10-28,17.840238571166992
2025-10-29,18.110286712646484
2025-10-30,16.80474281311035
2025-10-31,17.24004554748535
2025-11-01,17.1216983795166
2025-11-02,17.598976135253906
2025-11-03,15.24285888671875
2025-11-04,14.724411964416504
2025-11-05,15.150303840637207
2025-11-06,14.716654777526855
2025-11-07,15.769024848937988
2025-11-08,15.515359878540039
2025-11-09,15.927966117858887
2025-11-10,16.34421157836914
2025-11-11,15.298300743103027
2025-11-12,15.141704559326172
2025-11-13,14.584552764892578
2025-11-14,13.800078392028809
2025-11-15,14.120943069458008
2025-11-16,13.741969108581543
2025-11-17,13.306071281433105
2025-11-18,13.79493236541748
2025-11-19,13.521196365356445
2025-11-20,12.925078392028809
2025-11-21,12.119377136230469
2025-11-22,12.172947883605957
2025-11-23,12.509099006652832
2025-11-24,12.964276313781738
2025-11-25,13.065637588500977
2025-11-26,13.45560073852539
2025-11-27,13.348663330078125
2025-11-28,13.13994026184082
2025-11-29,13.0029296875
2025-11-30,12.981496810913086
2025-12-01,12.08540153503418
2025-12-02,13.510494232177734
2025-12-03,14.687666893005371
2025-12-04,14.254020690917969
2025-12-05,13.607115745544434
2025-12-06,13.926069259643555
2025-12-07,13.642915725708008
2025-12-08,13.748384475708008
2025-12-09,14.41729736328125
2025-12-10,14.118707656860352
2025-12-11,14.062646865844727
2025-12-12,13.645241737365723
2025-12-13,13.742837905883789
2025-12-14,13.29239273071289
2025-12-15,12.864611625671387
2025-12-16,12.934125900268555
2025-12-17,12.24010181427002
2025-12-18,11.933768272399902
2025-12-19,12.531227111816406
2025-12-20,12.551011085510254
2025-12-21,12.432073593139648
2025-12-22,12.5781831741333
2025-12-23,12.38786506652832
2025-12-24,12.26815128326416
2025-12-25,12.055989265441895
2025-12-26,12.177103042602539
2025-12-27,12.497620582580566
2025-12-28,12.47721004486084
2025-12-29,12.290201187133789
2025-12-30,12.414362907409668
2025-12-31,12.188008308410645
2026-01-01,12.586158752441406
2026-01-02,13.2632417678833
2026-01-03,13.231463432312012
2026-01-04,13.398759841918945
2026-01-05,13.917906761169434
2026-01-06,14.041692733764648
2026-01-07,13.428935050964355
2026-01-08,13.215398788452148
2026-01-09,13.117958068847656
2026-01-10,13.12912654876709
2026-01-11,13.174175262451172
2026-01-12,13.068760871887207
2026-01-13,14.042167663574219
2026-01-14,14.114400863647461
2026-01-15,13.784297943115234
2026-01-16,13.727490425109863
2026-01-17,13.735365867614746
2026-01-18,13.329924583435059
2026-01-19,12.877442359924316
2026-01-20,12.113679885864258
2026-01-21,12.386194229125977
2026-01-22,12.242456436157227
2026-01-23,12.208968162536621
2026-01-24,12.193202018737793
2026-01-25,11.505537986755371
2026-01-26,11.942946434020996
2026-01-27,12.035913467407227
2026-01-28,11.832648277282715
2026-01-29,11.09844970703125
2026-01-30,10.769638061523438
2026-01-31,9.968608856201172
2026-02-01,9.410691261291504
2026-02-02,9.806777000427246
2026-02-03,9.45098876953125
2026-02-04,9.251476287841797
2026-02-05,7.9071807861328125
2026-02-06,8.879450798034668
2026-02-07,8.91329288482666
2026-02-08,8.832435607910156
2026-02-09,8.829837799072266
2026-02-10,8.561299324035645
2026-02-11,8.311589241027832
2026-02-12,8.402665138244629
2026-02-13,8.768281936645508
2026-02-14,9.088452339172363
2026-02-15,8.78187084197998
2026-02-16,8.925537109375
2026-02-17,8.830567359924316
2026-02-18,8.598905563354492
2026-02-19,8.56949520111084
2026-02-20,8.94140625
2026-02-21,8.876015663146973
2026-02-22,8.672669410705566
2026-02-23,8.265229225158691
2026-02-24,8.203102111816406
2026-02-25,9.256296157836914
2026-02-26,9.09846019744873
2026-02-27,8.708776473999023
2026-02-28,8.843730926513672
2026-03-01,8.67234992980957
2026-03-02,8.94849681854248
2026-03-03,8.81236743927002
2026-03-04,9.348464965820312
2026-03-05,9.196874618530273
2026-03-06,8.793665885925293
2026-03-07,8.694977760314941
2026-03-08,8.523436546325684
2026-03-09,8.86002254486084
2026-03-10,8.983073234558105
2026-03-11,8.99553108215332
2026-03-12,9.058503150939941
2026-03-13,9.088024139404297
2026-03-14,9.161493301391602
2026-03-15,9.48212718963623
2026-03-16,9.927087783813477
2026-03-17,9.795186042785645
2026-03-18,9.225830078125
2026-03-19,9.047332763671875
2026-03-20,9.113235473632812
2026-03-21,8.807412147521973
2026-03-22,8.685224533081055
2026-03-23,9.10270881652832
2026-03-24,9.246526718139648
2026-03-25,9.374693870544434
2026-03-26,8.914505958557129
2026-03-27,8.563819885253906
2026-03-28,8.428156852722168
2026-03-29,8.405261993408203
2026-03-30,8.610695838928223
2026-03-31,8.777544975280762
2026-04-01,8.9378023147583
2026-04-02,8.628460884094238
2026-04-03,8.658191680908203
2026-04-04,8.692899703979492
2026-04-05,8.811627388000488
2026-04-06,8.805131912231445
2026-04-07,9.295583724975586
2026-04-08,8.860471725463867
2026-04-09,8.942770004272461
2026-04-10,9.087806701660156
2026-04-11,9.069445610046387
2026-04-12,8.737156867980957
2026-04-13,9.3628511428833
2026-04-14,9.022783279418945
2026-04-15,9.261512756347656
2026-04-16,9.580833435058594
2026-04-17,9.625117301940918
2026-04-18,9.292866706848145
2026-04-19,9.070685386657715
2026-04-20,9.29110336303711
2026-04-21,9.398224830627441
2026-04-22,9.298733711242676
2026-04-23,9.355892181396484
2026-04-24,9.377434730529785
2026-04-25,9.346175193786621
2026-04-26,9.494078636169434
2026-04-27,9.320954322814941
2026-04-28,9.239624977111816
2026-04-29,9.118186950683594
2026-04-30,9.104363441467285
2026-05-01,9.092687606811523
2026-05-02,9.17435073852539
2026-05-03,9.13150405883789
2026-05-04,9.353217124938965
2026-05-05,9.76598834991455
2026-05-06,9.994213104248047
2026-05-07,9.851703643798828
2026-05-08,10.330209732055664
2026-05-09,10.371932029724121
2026-05-10,10.712529182434082
2026-05-11,10.593591690063477
2026-05-12,10.283821105957031
2026-05-13,10.211600303649902
2026-05-14,10.473087310791016
2026-05-15,10.066180229187012
2026-05-16,9.719930648803711
2026-05-17,9.554132461547852
2026-05-18,9.592828750610352
2026-05-19,9.449771881103516
2026-05-20,9.621927261352539
2026-05-21,9.740579605102539
2026-05-22,9.415352821350098
2026-05-23,9.558396339416504
2026-05-24,9.428999900817871
2026-05-25,9.49777889251709
2026-05-26,9.374849319458008
2026-05-27,9.128114700317383
2026-05-28,8.988363265991211
2026-05-29,9.015236854553223
2026-05-30,9.165183067321777
2026-05-31,9.126693725585938
2026-06-01,9.03795337677002
2026-06-02,8.362441062927246
2026-06-03,8.334985733032227
2026-06-04,8.000823020935059
2026-06-05,7.350718975067139
2026-06-06,7.397984027862549
2026-06-07,7.898484230041504
2026-06-08,7.9875359535217285
2026-06-09,7.837040901184082
2026-06-10,7.562987804412842
2026-06-11,7.882298946380615
2026-06-12,7.8556928634643555
2026-06-13,7.977419853210449
2026-06-14,8.166221618652344
2026-06-15,8.295220375061035
2026-06-16,8.264543533325195
2026-06-17,8.077258110046387
2026-06-18,8.00166130065918
2026-06-19,7.941854953765869
2026-06-20,7.976892948150635
2026-06-21,7.775335788726807
2026-06-22,7.8651041984558105
2026-06-23,7.623377799987793
2026-06-24,7.415133953094482
2026-06-25,7.232656955718994
2026-06-26,7.341349124908447
2026-06-27,7.288496971130371
2026-06-28,7.259969234466553
2026-06-29,7.369505882263184
2026-06-30,7.189455986022949
2026-07-01,7.350115776062012
2026-07-02,7.741505146026611
2026-07-03,7.962461948394775
2026-07-04,8.000990867614746
2026-07-05,8.054323196411133
2026-07-06,8.015685081481934
2026-07-07,7.857583999633789
2026-07-08,7.628395080566406
2026-07-09,7.731356143951416
2026-07-10,7.962952136993408
2026-07-11,7.923886775970459
2026-07-12,7.991987228393555
2026-07-13,7.873745918273926
2026-07-14,8.339827537536621
2026-07-15,8.534940719604492
2026-07-16,8.331952095031738
2026-07-17,8.257075309753418
2026-07-18,8.344861030578613
2026-07-19,8.37110710144043
2026-07-20,8.58347225189209
2026-07-21,8.647924423217773
2026-07-22,8.623254776000977
2026-07-23,8.464208602905273
2026-07-24,8.332545280456543
2026-07-25,8.37291145324707
2026-07-26,8.812352180480957
2026-07-27,8.362133979797363
2026-07-28,8.425875663757324
2026-07-29,8.324050903320312
2026-07-30,8.456818580627441
2026-07-31,8.161294937133789
2026-08-01,8.056001663208008
2026-08-02,8.369572639465332
2026-08-03,8.174551963806152
2026-08-04,8.14204216003418
2026-08-05,8.14943790435791
2026-08-06,8.17902660369873
2026-08-07,8.18077278137207
2026-08-08,8.30066967010498
2026-08-09,8.179046630859375
2026-08-10,8.289069175720215
2026-08-11,8.769976615905762
2026-08-12,8.670757293701172
2026-08-13,8.868176460266113
2026-08-14,8.966767311096191
2026-08-15,9.463849067687988
2026-08-16,9.384517669677734
2026-08-17,9.538204193115234
2026-08-18,9.535987854003906
2026-08-19,10.5440092086792
2026-08-20,10.686914443969727
2026-08-21,11.997420310974121
2026-08-22,11.65711784362793
2026-08-23,11.531238555908203
2026-08-24,11.619156837463379
2026-08-25,11.281881332397461
2026-08-26,11.616966247558594
2026-08-27,11.945157051086426
2026-08-28,11.433359146118164
2026-08-29,11.4595947265625
2026-08-30,11.15713882446289
2026-08-31,11.315423965454102
2026-09-01,11.223751068115234
2026-09-02,11.104596138000488
2026-09-03,11.835028648376465
2026-09-04,11.63856315612793
2026-09-05,12.049007415771484
2026-09-06,13.223810195922852
2026-09-07,12.757635116577148
2026-09-08,12.516328811645508
2026-09-09,11.803998947143555
2026-09-10,11.459657669067383
2026-09-11,11.539270401000977
2026-09-12,11.504167556762695
2026-09-13,11.201868057250977
2026-09-14,11.510757446289062
2026-09-15,10.891036033630371
2026-09-16,11.04736328125
2026-09-17,11.390055656433105
2026-09-18,12.228726387023926
2026-09-19,12.428622245788574
2026-09-20,12.512975692749023
2026-09-21,13.134329795837402
2026-09-22,13.032177925109863
2026-09-23,12.353863716125488
2026-09-24,13.206987380981445
2026-09-25,13.918909072875977
2026-09-26,14.15491771697998
2026-09-27,14.037886619567871
2026-09-28,15.442646980285645
2026-09-29,14.6850004196167
