Paper title,DOI,Authors,Link,Year,PDF path,Open access,Read,Priority,Topic,Relevance,Cited in paper,Notes path
Time series smoothing by penalized least squares,10.1016/j.spl.2007.03.006,Victor M. Guerrero,https://doi.org/10.1016/j.spl.2007.03.006,,,,,,,,,
Estimating Trends with Percentage of Smoothness Chosen by the User,10.1111/j.1751-5823.2008.00047.x,Victor M. Guerrero,https://doi.org/10.1111/j.1751-5823.2008.00047.x,,,,,,,,,
Trend estimation of financial time series,10.1002/asmb.763,Victor M. Guerrero; Adriana Galicia-Vazquez,https://doi.org/10.1002/asmb.763,,,,,,,,,
Trend smoothness achieved by penalized least squares with the smoothing parameter chosen by optimality criteria,10.1080/03610918.2015.1005236,Daniela Cortés-Toto; Víctor M. Guerrero; Hortensia J. Reyes,https://doi.org/10.1080/03610918.2015.1005236,,,,,,,,,
Effect of autocorrelation when estimating the trend of a time series via penalized least squares with controlled smoothness,10.1007/s10260-017-0389-8,Víctor M. Guerrero; Daniela Cortés-Toto; Hortensia J. Reyes Cervantes,https://doi.org/10.1007/s10260-017-0389-8,,,,,,,,,
A Data-Driven Method to Determine the Smoothing Parameter in the Hodrick-Prescott Filter,10.1007/s10614-026-11378-9,Reiner Franke; Jiri Kukacka; Stephen Sacht,https://doi.org/10.1007/s10614-026-11378-9,,,,,,,,,
Forecasting Remittances to Mexico with a Multi-State Markov-Switching Model Applied to the Trend with Controlled Smoothness,,Alejandro Islas-Camargo; Víctor M. Guerrero; Eliud Silva-Urrutía,https://ideas.repec.org/a/rjr/romjef/vy2019i1p38-56.html,,,,,,,,,
Exchange rate predictability: Multi-State Markov-Switching model and trend with controlled smoothness,10.1590/1980-53575516acjg,Alejandro Islas Camargo; Juan A. Zumaya Galván,https://doi.org/10.1590/1980-53575516acjg,,,,,,,,,
On Adjusting the Hodrick-Prescott Filter for the Frequency of Observations,10.1162/003465302317411604,Morten O. Ravn; Harald Uhlig,https://doi.org/10.1162/003465302317411604,,,,,,,,,
On suboptimality of the Hodrick–Prescott filter at time series endpoints,10.1016/j.jmacro.2003.09.003,Emi Mise; Tae-Hwan Kim; Paul Newbold,https://doi.org/10.1016/j.jmacro.2003.09.003,,,,,,,,,
Efficient computation for Whittaker–Henderson smoothing,10.1016/j.csda.2006.11.038,Howard L. Weinert,https://doi.org/10.1016/j.csda.2006.11.038,,,,,,,,,
Cross-validatory graduation,10.1016/0167-6687(88)90097-2,R. J. Brooks; M. Stone; F. Y. Chan; L. K. Chan,https://doi.org/10.1016/0167-6687(88)90097-2,,,,,,,,,
On a New Method of Graduation,10.1017/S0013091500077853,E. T. Whittaker,https://doi.org/10.1017/S0013091500077853,,,,,,,,,
Smoothing Noisy Data with Spline Functions: Estimating the Correct Degree of Smoothing by the Method of Generalized Cross-Validation,10.1007/BF01404567,Peter Craven; Grace Wahba,https://doi.org/10.1007/BF01404567,,,,,,,,,
Generalized Cross-Validation as a Method for Choosing a Good Ridge Parameter,10.1080/00401706.1979.10489751,Gene H. Golub; Michael Heath; Grace Wahba,https://doi.org/10.1080/00401706.1979.10489751,,,,,,,,,
Flexible Smoothing with B-splines and Penalties,10.1214/ss/1038425655,Paul H. C. Eilers; Brian D. Marx,https://doi.org/10.1214/ss/1038425655,,,,,,,,,
Smoothness Priors Analysis of Time Series,10.1007/978-1-4612-0761-0,Genshiro Kitagawa; Will Gersch,https://doi.org/10.1007/978-1-4612-0761-0,,,,,,,,,
ℓ1 Trend Filtering,10.1137/070690274,Seung-Jean Kim; Kwangmoo Koh; Stephen Boyd; Dimitry Gorinevsky,https://doi.org/10.1137/070690274,,,,,,,,,
Automated Kernel Smoothing of Dependent Data by Using Time Series Cross-Validation,10.1111/j.2517-6161.1994.tb01998.x,Jeffrey D. Hart,https://doi.org/10.1111/j.2517-6161.1994.tb01998.x,,,,,,,,,
A Cross-Validatory Method for Dependent Data,10.1093/biomet/81.2.351,P. Burman; E. Chow; D. Nolan,https://doi.org/10.1093/biomet/81.2.351,,,,,,,,,
Feasible Cross-Validatory Model Selection for General Stationary Processes,10.1002/(SICI)1099-1255(199703)12:2<169::AID-JAE426>3.0.CO;2-P,Jeffrey S. Racine,https://doi.org/10.1002/(SICI)1099-1255(199703)12:2%3C169::AID-JAE426%3E3.0.CO;2-P,,,,,,,,,
Consistent cross-validatory model-selection for dependent data: hv-block cross-validation,10.1016/S0304-4076(00)00030-0,Jeffrey S. Racine,https://doi.org/10.1016/S0304-4076(00)00030-0,,,,,,,,,
Out-of-sample tests of forecasting accuracy: an analysis and review,10.1016/S0169-2070(00)00065-0,Leonard J. Tashman,https://doi.org/10.1016/S0169-2070(00)00065-0,,,,,,,,,
A note on the validity of cross-validation for evaluating autoregressive time series prediction,10.1016/j.csda.2017.11.003,Christoph Bergmeir; Rob J. Hyndman; Bonsoo Koo,https://doi.org/10.1016/j.csda.2017.11.003,,,,,,,,,
Comparing Predictive Accuracy,10.1080/07350015.1995.10524599,Francis X. Diebold; Roberto S. Mariano,https://doi.org/10.1080/07350015.1995.10524599,,,,,,,,,
Tests of Conditional Predictive Ability,10.1111/j.1468-0262.2006.00718.x,Raffaella Giacomini; Halbert White,https://doi.org/10.1111/j.1468-0262.2006.00718.x,,,,,,,,,
Predicting Excess Stock Returns Out of Sample: Can Anything Beat the Historical Average?,10.1093/rfs/hhm055,John Y. Campbell; Samuel B. Thompson,https://doi.org/10.1093/rfs/hhm055,,,,,,,,,
A Comprehensive Look at the Empirical Performance of Equity Premium Prediction,10.1093/rfs/hhm014,Ivo Welch; Amit Goyal,https://doi.org/10.1093/rfs/hhm014,,,,,,,,,
Postwar U.S. Business Cycles: An Empirical Investigation,10.2307/2953682,Robert J. Hodrick; Edward C. Prescott,https://doi.org/10.2307/2953682,,,,,,,,,
Low Frequency Filtering and Real Business Cycles,10.1016/S0165-1889(06)80010-2,Robert G. King; Sergio T. Rebelo,https://doi.org/10.1016/S0165-1889(06)80010-2,,,,,,,,,
Measuring Business Cycles: Approximate Band-Pass Filters for Economic Time Series,10.1162/003465399558454,Marianne Baxter; Robert G. King,https://doi.org/10.1162/003465399558454,,,,,,,,,
The Band Pass Filter,10.1111/1468-2354.t01-1-00076,Lawrence J. Christiano; Terry J. Fitzgerald,https://doi.org/10.1111/1468-2354.t01-1-00076,,,,,,,,,
Why You Should Never Use the Hodrick-Prescott Filter,10.1162/rest_a_00706,James D. Hamilton,https://doi.org/10.1162/rest_a_00706,,,,,,,,,
Boosting: Why You Can Use the HP Filter,10.1111/iere.12495,Peter C. B. Phillips; Zhentao Shi,https://doi.org/10.1111/iere.12495,,,,,,,,,
A New Approach to the Economic Analysis of Nonstationary Time Series and the Business Cycle,10.2307/1912559,James D. Hamilton,https://doi.org/10.2307/1912559,,,,,,,,,
Estimating and Testing Linear Models with Multiple Structural Changes,10.2307/2998540,Jushan Bai; Pierre Perron,https://doi.org/10.2307/2998540,,,,,,,,,
Risks and Returns of Cryptocurrency,10.1093/rfs/hhaa113,Yukun Liu; Aleh Tsyvinski,https://doi.org/10.1093/rfs/hhaa113,,,,,,,,,
Common Risk Factors in Cryptocurrency,10.1111/jofi.13119,Yukun Liu; Aleh Tsyvinski; Xi Wu,https://doi.org/10.1111/jofi.13119,,,,,,,,,
An algorithm with guaranteed convergence for finding a zero of a function,10.1093/comjnl/14.4.422,Richard P. Brent,https://doi.org/10.1093/comjnl/14.4.422,,,,,,,,,
On the use of cross-validation for time series predictor evaluation,10.1016/j.ins.2011.12.028,Christoph Bergmeir; José M. Benítez,https://doi.org/10.1016/j.ins.2011.12.028,,,,,,,,,
