series,asset_class,outer_number,test_start_date,test_end_date,rmse_dynamic,fallback_used,order,window,s_dynamic,rmse_last,s_last,rmse_pooled,s_pooled,ratio_vs_last,ratio_vs_pooled,log_ratio_vs_last,log_ratio_vs_pooled,s_dynamic_minus_last,s_dynamic_minus_pooled
ADA-USD,crypto,1,2026-02-02,2026-04-02,0.0773218574283967,False,2,504,0.9975106599265356,0.0247493705795995,0.9920804948408948,0.0288937860681619,0.9720352123414764,3.1241949034506695,2.6760721923388835,1.1391766191000388,0.9843501196072036,0.00543016508564087,0.025475447585059263
ADA-USD,crypto,2,2026-04-03,2026-06-01,0.0611568072871481,False,2,504,0.9956801688226242,0.0443474958922471,0.9893960002547644,0.029435390732625,0.9717373460945752,1.3790363143782292,2.0776624928360254,0.32138493231376725,0.7312434602536623,0.006284168567859849,0.02394282272804904
ADA-USD,crypto,3,2026-06-02,2026-07-31,0.071917148662965,False,2,63,0.994938939424479,0.0829188718159758,1.0,0.0749213620762661,0.9963681526276564,0.8673194302808745,0.959901777943613,-0.1423479383593763,-0.040924314396824986,-0.005061060575521026,-0.0014292132031774596
ADA-USD,crypto,4,2026-08-01,2026-09-29,0.0432961716071472,False,2,63,0.9851596484597588,0.0556336507101558,0.9472280145748786,0.0632658770677968,0.9989414056440036,0.7782371110735608,0.6843526655095651,-0.25072403121926295,-0.3792819013816688,0.03793163388488019,-0.013781757184244792
AVAX-USD,crypto,1,2026-02-02,2026-04-02,1.0191269647717822,False,2,504,0.9904536486097044,1.053147277986532,0.9925130596221412,4.921642448090724,1.0,0.967696528371804,0.20707050045196537,-0.03283674460626975,-1.5746959618080631,-0.002059411012436785,-0.009546351390295582
AVAX-USD,crypto,2,2026-04-03,2026-06-01,1.8428729174338456,False,2,504,0.9907044070044734,1.796080699240468,0.9904212080564564,1.3649104666949103,0.9979184895280834,1.0260524029979083,1.3501786105401528,0.025718820490986297,0.3002368878027389,0.00028319894801698275,-0.007214082523609999
AVAX-USD,crypto,3,2026-06-02,2026-07-31,3.396728288524903,False,3,504,0.9962485307220889,0.6983999062453475,1.0,0.6983999062453475,1.0,4.86358640393579,4.86358640393579,1.5817761089628637,1.5817761089628637,-0.003751469277911146,-0.003751469277911146
AVAX-USD,crypto,4,2026-08-01,2026-09-29,2.8277640841913563,False,3,504,0.9953220664340898,2.8876616902225987,0.9986006571274758,3.98778788882749,1.0,0.97925740185076,0.709105941194578,-0.020960747771109796,-0.3437503402069639,-0.0032785906933859854,-0.004677933565910175
BCH-USD,crypto,1,2026-02-02,2026-04-02,253.8619236655232,False,4,126,0.9928488567477852,214.1156541401297,1.0,223.8925347289816,0.9984001003666412,1.1856299096159557,1.1338561331346715,0.17027420265034918,0.12562433053302116,-0.0071511432522147755,-0.00555124361885595
BCH-USD,crypto,2,2026-04-03,2026-06-01,45.5185685258314,False,3,126,0.9949460553106148,42.675347601219976,0.9954972649591136,44.00508341187379,0.995171250188456,1.0666244350527596,1.0343934154104848,0.06449892821574392,0.03381518284280305,-0.0005512096484988627,-0.00022519487784122827
BCH-USD,crypto,3,2026-06-02,2026-07-31,161.64930927817707,False,2,504,0.9967445502142828,103.8042535072831,0.9898316649197848,126.05574260009408,0.9940320234363882,1.5572513053796535,1.282363706277166,0.4429222834112968,0.24870502050688567,0.006912885294497961,0.002712526777894575
BCH-USD,crypto,4,2026-08-01,2026-09-29,76.97868339239687,False,3,504,0.9764046932179652,29.40132548366132,0.9883370087322624,131.42909611825118,0.9972443382513488,2.6182045239822567,0.5857050353837674,0.9624887866602592,-0.5349389687169922,-0.011932315514297187,-0.020839645033383647
DOGE-USD,crypto,1,2026-02-02,2026-04-02,0.0730645599283537,False,1,504,0.996697389744166,0.1047620827124327,1.0,0.0136357282413384,0.7005209640694837,0.6974332510065946,5.3583174022821485,-0.3603484673474973,1.6786500083156293,-0.0033026102558340042,0.2961764256746823
DOGE-USD,crypto,2,2026-04-03,2026-06-01,0.0272806412376969,False,2,504,0.9963406336095112,0.029091545316337,0.9917110219026474,0.0194640461827898,0.9806394121409424,0.93775153368621,1.4015914769981677,-0.06427025452565265,0.33760836027265956,0.004629611706863823,0.015701221468568782
DOGE-USD,crypto,3,2026-06-02,2026-07-31,0.0222841060180597,False,2,504,0.9929269043865452,0.015377016166194,1.0,0.0331181359990125,0.9894476751778346,1.4491827138122395,0.6728671570985806,0.37099975187782946,-0.39620735797636764,-0.007073095613454816,0.003479229208710577
DOGE-USD,crypto,4,2026-08-01,2026-09-29,0.0204401117141061,False,3,504,0.9956494924320104,0.0205447748070401,0.9985666899759322,0.0341131917928704,1.0,0.9949056101165863,0.5991849674523287,-0.005107410527873399,-0.5121849347902094,-0.0029171975439218345,-0.004350507567989603
DOT-USD,crypto,1,2026-02-02,2026-04-02,0.2909176018817496,False,2,504,0.9805321137377606,0.1898310963295667,0.9907552193173822,0.2856764722360417,0.9784748425114992,1.532507621283955,1.0183463818517662,0.4269053619212176,0.0181801174757445,-0.010223105579621583,0.0020572712262614257
DOT-USD,crypto,2,2026-04-03,2026-06-01,0.2280882320736524,False,2,504,0.9956726287885228,0.1604976364420451,0.990747848016242,0.1144693136864718,0.9869594973515884,1.4211314081002926,1.9925709758195946,0.351453320631243,0.689425752538189,0.004924780772280757,0.008713131436934418
DOT-USD,crypto,3,2026-06-02,2026-07-31,0.327119474114425,False,2,63,0.99371414574734,0.3326053845335144,0.9944661820351318,0.3679539027633621,0.999335115755042,0.9835062489238305,0.889022977220061,-0.0166312874123232,-0.11763219766043738,-0.0007520362877918574,-0.005620970007702009
DOT-USD,crypto,4,2026-08-01,2026-09-29,0.365533895161735,False,3,504,0.9950786441626568,0.3527794661545932,0.9988775759872864,0.4318924382123461,1.0,1.0361541139175958,0.8463540058138621,0.03551589138154478,-0.16681756031178266,-0.0037989318246296477,-0.004921355837343211
LINK-USD,crypto,1,2026-02-02,2026-04-02,1.517577696606479,False,2,504,0.9895519443449602,1.3490750192915983,0.9927593932958486,1.5055986332068525,0.9659621542407488,1.1249023774848055,1.007956345825123,0.11769625632210415,0.007924860998199217,-0.003207448950888425,0.02358979010421136
LINK-USD,crypto,2,2026-04-03,2026-06-01,2.5113758326315336,False,2,504,0.9924315802070652,0.7887971398157007,0.9723410545621132,1.0192725082717469,0.9653968115981342,3.1838044357238755,2.4638904829188024,1.1580768451547994,0.901741597816113,0.020090525644952062,0.02703476860893106
LINK-USD,crypto,3,2026-06-02,2026-07-31,3.708964522860048,False,4,504,0.98385370967443,3.692228299542194,0.979815144522751,1.5809142257137816,0.990057818240186,1.0045328246143201,2.3460883977974536,0.004522582304228445,0.8527494297419705,0.004038565151678997,-0.006204108565756039
LINK-USD,crypto,4,2026-08-01,2026-09-29,2.143599027051459,False,2,63,0.9835726727577428,2.127626942313109,0.9775505012133988,2.8699849974924256,0.9960582788252414,1.0075069949626532,0.746902520021663,0.007478957705570126,-0.291820597650162,0.006022171544344035,-0.0124856060674986
SOL-USD,crypto,1,2026-02-02,2026-04-02,23.687803222729386,False,2,504,0.9888655382846282,20.070528423890888,0.9919339645730152,63.28652307820067,1.0,1.1802281794699878,0.3742945902314668,0.1657077922157276,-0.982712117204608,-0.003068426288386994,-0.011134461715371802
SOL-USD,crypto,2,2026-04-03,2026-06-01,19.635708455689333,False,2,504,0.9952183419932954,20.457703522103568,0.992097147260466,17.919069832942327,0.9892515252709964,0.9598197781326673,1.0957995386340393,-0.04100974325575093,0.09148426909091549,0.0031211947328293466,0.00596681672229904
SOL-USD,crypto,3,2026-06-02,2026-07-31,15.34735376718407,False,3,504,0.9958518537281724,16.098024269467405,1.0,17.06399877032444,0.9994703367286722,0.9533687805585491,0.8993996057872589,-0.04775348212352441,-0.10602784295198715,-0.00414814627182758,-0.003618483000499828
SOL-USD,crypto,4,2026-08-01,2026-09-29,30.20687956628836,False,2,252,0.9937661716798998,32.173786577333495,0.996119310508766,30.58198238438864,0.994405882502944,0.9388661634117128,0.9877345159190283,-0.06308234091032089,-0.012341325926868875,-0.0023531388288662303,-0.0006397108230442594
XLM-USD,crypto,1,2026-02-02,2026-04-02,0.0414665402868981,False,2,504,0.9969019876629645,0.0180443238829803,0.991854595342336,0.0232839298651811,0.9858615593852544,2.2980379068683208,1.7809081425256894,0.8320556748816014,0.5771234266302486,0.005047392320628452,0.011040428277710013
XLM-USD,crypto,2,2026-04-03,2026-06-01,0.0274831627120444,False,2,504,0.9842700941317446,0.0412872910244935,0.991357846037678,0.0238544059496838,0.9804569159842949,0.6656567197818849,1.1521210282919958,-0.40698117708736,0.14160461603660607,-0.007087751905933359,0.0038131781474497473
XLM-USD,crypto,3,2026-06-02,2026-07-31,0.0295725667100352,False,3,504,0.995719770425154,0.0470741540478783,0.9920089463870604,0.0782879556570931,0.9999381408760576,0.6282123876290471,0.37774094957294807,-0.4648769728280663,-0.9735466368907633,0.003710824038093641,-0.0042183704509035636
XLM-USD,crypto,4,2026-08-01,2026-09-29,0.0234098613119288,False,2,126,0.9974388474494462,0.0209170017982393,0.9922020809269244,0.0206621636374967,0.992520456693382,1.1191786250120865,1.1329820885478668,0.11259504573436788,0.12485317304876893,0.005236766522521807,0.0049183907560642615
IJH,etf,1,2025-10-15,2026-01-09,2.354793406831491,False,3,504,0.9909304386377727,6.578212816974764,0.9945665994439432,2.52624767101408,0.99909366567203,0.35796856568018887,0.9321308571008937,-1.0273101017991542,-0.07028206953765843,-0.003636160806170463,-0.008163227034257203
IJH,etf,2,2026-01-12,2026-04-08,3.160698139682331,False,3,504,0.9966014182238612,2.673900017688016,0.9982849077701892,3.5100836083285354,0.9997585744806766,1.1820554690804124,0.9004623514331107,0.16725484603883223,-0.10484692375416242,-0.0016834895463280208,-0.003157156256815452
IJH,etf,3,2026-04-09,2026-07-06,132.68223418536377,False,4,252,0.9731032179320234,1583.4639805563854,0.9629819789648476,23.002615202870395,0.9880830765946385,0.08379239175288528,5.768136927700592,-2.479413066154172,1.7523491389000094,0.01012123896717576,-0.014979858662615086
IJH,etf,4,2026-07-07,2026-09-29,6.55359643808058,False,3,504,0.9929676436421224,5.264497569027365,0.99821830194492,5.303528570765277,0.9983215862126932,1.2448664572736008,1.2357049369369049,0.21902826092950325,0.21164160637527057,-0.005250658302797584,-0.005353942570570758
IJR,etf,1,2025-10-15,2026-01-09,2.856153508492221,False,2,252,0.9972294546094648,5.765860689913538,0.9891119002430178,9.90545531110526,0.9996465546418076,0.49535596888225386,0.28834146627163254,-0.7024786458077892,-1.2436098543937446,0.00811755436644701,-0.002417100032342856
IJR,etf,2,2026-01-12,2026-04-08,36.11526460852813,False,4,252,0.9933310418526744,60.60818042179665,0.9941052117053044,29.842524058615147,0.9928440371614162,0.5958810239341868,1.2101947053001412,-0.5177142561158629,0.19078126013465685,-0.0007741698526300134,0.0004870046912581749
IJR,etf,3,2026-04-09,2026-07-06,17.06597156659295,False,2,504,0.9820571237612914,7.990971425924649,0.9479435609130794,16.595986814693163,0.9827851721065752,2.135656687649614,1.0283191808445937,0.7587741814242206,0.02792560604470887,0.03411356284821199,-0.0007280483452838382
IJR,etf,4,2026-07-07,2026-09-29,9.206300848058932,False,3,504,0.9956771358332818,11.677405325433975,0.9982196196183336,11.781326222790526,0.9983028419935824,0.7883858264307352,0.7814316210215532,-0.23776768150249378,-0.2466276300420418,-0.002542483785051841,-0.002625706160300667
ITOT,etf,1,2025-10-15,2026-01-09,2.292097845735043,False,2,252,0.9977672143354972,7.173171700285383,0.9908575381027782,7.573405304143573,1.0,0.3195375688057003,0.30265088869348994,-1.140880425830945,-1.195175320275086,0.0069096762327189865,-0.002232785664502801
ITOT,etf,2,2026-01-12,2026-04-08,2.6579274192939124,False,3,504,0.992964225333609,9.341295156460609,0.982598310697677,8.002173243737493,0.9998758927828252,0.28453521431186574,0.33215069685900744,-1.2568982569352602,-1.1021665068480766,0.01036591463593195,-0.00691166744921623
ITOT,etf,3,2026-04-09,2026-07-06,7.975243758824099,False,2,504,0.9959930956933262,6.35803649060952,1.0,6.35803649060952,1.0,1.2543563992756424,1.2543563992756424,0.22662261177941034,0.22662261177941034,-0.004006904306673831,-0.004006904306673831
ITOT,etf,4,2026-07-07,2026-09-29,2.5674265438497934,False,2,504,0.9980438199268538,2.8073055371321205,0.9985120001921188,4.847987819701791,1.0,0.9145518754159613,0.529586013689226,-0.08932108731886129,-0.6356596839051485,-0.0004681802652650724,-0.001956180073146241
IVV,etf,1,2025-10-15,2026-01-09,17.723887053664374,False,2,126,0.9850250344409284,27.056442225417936,0.9950654874784942,24.426406601128683,0.9939571458117106,0.655070866524122,0.7256035381334149,-0.4230118560327451,-0.3207515040445113,-0.010040453037565844,-0.008932111370782203
IVV,etf,2,2026-01-12,2026-04-08,11.728132965080624,False,3,504,0.9926772417726196,37.89767083621685,0.9825665172623874,40.03131571724981,0.9998532213190012,0.3094684371439696,0.2929739568871297,-1.1728991722065403,-1.2276715582597844,0.010110724510232205,-0.007175979546381606
IVV,etf,3,2026-04-09,2026-07-06,116.9588486451381,False,3,504,0.9941608761296103,123.60305687605666,0.99194650692318,18.79066116609994,0.999796550374519,0.9462455994305946,6.2243072562099355,-0.05525312477699152,1.8284621520152493,0.0022143692064303666,-0.005635674244908628
IVV,etf,4,2026-07-07,2026-09-29,11.001370455605528,False,2,504,0.9980574349652211,12.287912417314152,0.998608245012556,20.799686269047896,1.0,0.8953002008790496,0.5289200189512817,-0.11059619697139447,-0.6369180514633679,-0.0005508100473348154,-0.0019425650347788537
IWD,etf,1,2025-10-15,2026-01-09,9.6709446042231,False,3,504,0.9927535135572588,12.533282340407622,1.0,5.239567421579232,0.9986675282208554,0.7716210599551985,1.845752487961731,-0.25926170444641605,0.6128870468970291,-0.0072464864427411735,-0.005914014663596534
IWD,etf,2,2026-01-12,2026-04-08,66.59298743094276,False,4,252,0.9588547585181448,68.27487626105705,0.9587158024179894,37.31402447477258,0.9928485637175472,0.975365919028789,1.7846637656564013,-0.02494257682431902,0.5792300309093432,0.0001389561001554629,-0.033993805199402316
IWD,etf,3,2026-04-09,2026-07-06,9.583417844664847,False,2,504,0.9937279294306948,12.556609984145888,0.9911218828406096,19.639402490823887,0.9854627799193604,0.7632169715205755,0.48796891092498895,-0.2702129217779898,-0.717503582279299,0.0026060465900851204,0.008265149511334391
IWD,etf,4,2026-07-07,2026-09-29,6.6411134594937895,False,2,504,0.9960288795566568,6.313270705552666,0.9956137153085926,5.523196324374871,0.9939838138288216,1.051929145641225,1.2024040192425074,0.05062575999519929,0.1843229021344303,0.0004151642480642037,0.002045065727835138
IWF,etf,1,2025-10-15,2026-01-09,25.793673643806123,False,4,252,0.973048163695526,64.28232007943136,0.9206217211330472,16.46508021947123,0.9925949171078536,0.4012561091748681,1.5665683555737016,-0.9131553792958893,0.44888746631746196,0.05242644256247886,-0.01954675341232759
IWF,etf,2,2026-01-12,2026-04-08,15.70958512561772,False,2,252,0.9963743494108488,16.252796274504426,0.9983342745085972,15.928896638184424,0.99929221791687,0.9665773729202011,0.9862318453344109,-0.033993928783486296,-0.013863814763938625,-0.0019599250977484495,-0.0029178685060211595
IWF,etf,3,2026-04-09,2026-07-06,17.650802529190933,False,2,252,0.944476789965822,15.252973902170735,0.877762645250948,21.6892651953336,0.9644194736679428,1.1572040077167476,0.8138036199118662,0.1460067574017369,-0.206036195265352,0.06671414471487391,-0.019942683702120823
IWF,etf,4,2026-07-07,2026-09-29,14.580835707622732,False,3,504,0.9892949905408994,5.186378126489654,1.0,5.186378126489654,1.0,2.8113715105249413,2.8113715105249413,1.033672446309706,1.033672446309706,-0.010705009459100578,-0.010705009459100578
MDY,etf,1,2025-10-15,2026-01-09,21.23706564427159,False,3,504,0.9909130895891236,59.796868948089454,0.9945655711198474,19.513200535456345,0.9990059048518398,0.35515347237842504,1.0883435347104082,-1.0352052663696567,0.08465684741029796,-0.003652481530723839,-0.008092815262716213
MDY,etf,2,2026-01-12,2026-04-08,28.72367157688872,False,3,504,0.9965847836416486,24.39414887161464,0.9983198786521756,30.127793559773465,0.9997527415780346,1.177482015382466,0.9533944634843912,0.16337827323125542,-0.04772654335603576,-0.0017350950105270435,-0.0031679579363860233
MDY,etf,3,2026-04-09,2026-07-06,173.8896565682492,False,4,252,0.9794024084230496,226.9407150105915,0.991070346702236,211.17767337655795,0.9879853658656416,0.7662338446414678,0.8234282241483963,-0.26626787561927434,-0.19427889266712478,-0.01166793827918644,-0.008582957442591965
MDY,etf,4,2026-07-07,2026-09-29,26.742817253764432,False,2,504,0.9968193391348052,30.03293542568578,0.9956066939409792,31.476861583046507,0.994755656166252,0.8904496638344762,0.8496024034419035,-0.1160287035833828,-0.16298679958850226,0.001212645193826023,0.0020636829685533042
SCHB,etf,1,2025-10-15,2026-01-09,0.4031834107473788,False,2,252,0.9977600333438768,1.2643164062682908,0.9908598586672176,1.3304030230327046,1.0,0.3188943912682427,0.303053588850322,-1.142895292865405,-1.1938456282186598,0.006900174676659154,-0.002239966656123249
SCHB,etf,2,2026-01-12,2026-04-08,80.75321153452528,False,4,252,0.9292234567964128,1391469.0398371085,0.8579953658041127,4.322441459837185,0.993248936063742,5.803450110825219e-05,18.68231467906729,-9.754472877575017,2.927577337279856,0.0712280909923001,-0.06402547926732916
SCHB,etf,3,2026-04-09,2026-07-06,4.470268137586727,False,3,504,0.9942344215047942,4.721089823866008,0.9923243732698702,0.9049183267092372,0.9995813759388514,0.9468720791942297,4.939968619978106,-0.05459127496852213,1.597358978948503,0.0019100482349240222,-0.005346954434057194
SCHB,etf,4,2026-07-07,2026-09-29,0.4511103199173309,False,2,504,0.9980493029662908,0.4948718328208502,0.998527256953032,0.8506898351859453,1.0,0.9115700066134872,0.530287657450058,-0.09258688406776404,-0.6343356697656575,-0.0004779539867412197,-0.0019506970337092033
SMH,etf,1,2025-10-15,2026-01-09,20.74174978289865,False,2,126,0.9889500081733708,23.888800442399937,0.9964269516354488,21.6006982603961,0.9953804304322748,0.8682625079024218,0.9602351522555966,-0.1412611815850438,-0.04057707424942694,-0.007476943462078056,-0.0064304222589040005
SMH,etf,2,2026-01-12,2026-04-08,61.76716038746255,False,3,504,0.9964659514674988,24.25434093795387,0.9890324048043326,46.13473743606629,0.9958141615870396,2.54664352849133,1.3388427857221414,0.9347762287981006,0.29180564810710896,0.007433546663166202,0.0006517898804592193
SMH,etf,3,2026-04-09,2026-07-06,3632.0722541898167,False,4,252,0.9689795583466692,7650.482145683624,0.9652557104076896,261.0491939621336,0.9929335907501609,0.4747507653800642,13.913363221173807,-0.7449653171160772,2.6328497611224186,0.0037238479389795076,-0.0239540324034917
SMH,etf,4,2026-07-07,2026-09-29,194.14739678586332,False,2,504,0.9921282615084916,113.07031922190396,0.9964267009935696,139.66690410999618,0.9949954262097124,1.7170500456874374,1.390074463403015,0.5406077286585572,0.3293573165012727,-0.0042984394850779095,-0.0028671647012207258
VB,etf,1,2025-10-15,2026-01-09,7.649735309589663,False,4,252,0.9876747717502686,74.2181495363347,0.9769254626910576,39.253006682969165,0.9927708398442444,0.10307095174671002,0.19488278621236624,-2.272337675992271,-1.635356997496067,0.01074930905921101,-0.005096068093975781
VB,etf,2,2026-01-12,2026-04-08,70.74995126792577,False,4,252,0.9893663002367006,86.29050554635842,0.9870083994432326,71.91410421065233,0.9928192600838672,0.8199042388263249,0.9838118967690052,-0.1985677274624935,-0.01632056202374994,0.002357900793467982,-0.003452959847166648
VB,etf,3,2026-04-09,2026-07-06,21.526851104741816,False,2,504,0.989166546085867,20.187706448945463,0.9899939950120996,21.15133519948958,1.0,1.0663346606105573,1.017753768341835,0.06422721700986635,0.017598011014420677,-0.0008274489262326545,-0.01083345391413304
VB,etf,4,2026-07-07,2026-09-29,9.266968362803611,False,2,504,0.9975387389673142,11.070013763935933,0.9960003816723576,11.745501803907326,0.99489462841931,0.8371234725103675,0.7889802000388616,-0.17778370143882874,-0.23701405345892776,0.0015383572949565494,0.002644110548004175
VEA,etf,1,2025-10-15,2026-01-09,1.7538534863546733,False,2,126,0.999035886068695,1.9242685095229728,1.0,1.3411137124601933,0.9960790479032944,0.9114390625191151,1.3077589693250795,-0.09273054116395126,0.2683149618381274,-0.0009641139313050218,0.0029568381654005993
VEA,etf,2,2026-01-12,2026-04-08,2.9156765540569665,False,2,504,0.9934409874360034,2.9437868753349647,0.9967896865625404,2.9801449359932968,0.9876871551400344,0.9904509658924273,0.978367366916387,-0.009594918468281319,-0.02187004868505258,-0.0033486991265370136,0.005753832295969041
VEA,etf,3,2026-04-09,2026-07-06,1.9443162190704932,False,3,504,0.9966109934144652,1.9443540906501613,0.9966109574761036,2.4078249764837976,0.9990019226681364,0.9999805222825152,0.8074989827166853,-1.947790717798618e-05,-0.21381348367969757,3.593836161996933e-08,-0.0023909292536711257
VEA,etf,4,2026-07-07,2026-09-29,19.719652811023018,False,4,252,0.983774640564117,43.585915510984336,0.9946812458062988,8.822849529478333,0.9930636933335112,0.4524317679194637,2.2350662045336933,-0.7931183163402368,0.8042708493421168,-0.010906605242181788,-0.00928905276939418
VO,etf,1,2025-10-15,2026-01-09,2.6829446168890185,False,2,252,0.987695026669106,3.758789548534662,0.9921268768769196,1.4807526854493576,1.0,0.7137788860605261,1.8118789472766257,-0.3371820479929744,0.5943643992504306,-0.004431850207813559,-0.012304973330893976
VO,etf,2,2026-01-12,2026-04-08,11.548762859282338,False,4,252,0.9895862834371364,11.646988320073367,0.9893718198058228,14.579184788728544,0.992907194051963,0.9915664497901368,0.7921405089954628,-0.008469313812481182,-0.23301649255525927,0.00021446363131361057,-0.0033209106148266443
VO,etf,3,2026-04-09,2026-07-06,2.4502847825831022,False,2,504,0.9973866206551482,5.363850045236732,0.9896256956199444,1.999440225621999,0.9994923279608728,0.45681455706597024,1.2254853889522261,-0.7834777536656723,0.2033370013953531,0.007760925035203758,-0.00210570730572468
VO,etf,4,2026-07-07,2026-09-29,2.4841455437325144,False,2,504,0.998910105892185,2.8286220783109384,1.0,2.4285494675073798,0.998701480704748,0.878217547257454,1.02289270898904,-0.12986094011875243,0.022634602670731342,-0.0010898941078150148,0.00020862518743702818
VTV,etf,1,2025-10-15,2026-01-09,61.42262450371527,False,4,126,0.9645064239238608,104.30658496473616,0.919353686951974,12.397315279216585,0.9994086118637444,0.5888662209052377,4.954510159686501,-0.5295562503214368,1.6002983051124542,0.04515273697188682,-0.034902187939883644
VTV,etf,2,2026-01-12,2026-04-08,27.98135123150381,False,4,252,0.9875706047128648,26.192572693015677,0.9882174304700428,27.193098497052866,0.9928383950381432,1.06829335015896,1.0289872349241986,0.0660623752559195,0.02857505145348743,-0.0006468257571780045,-0.005267790325278354
VTV,etf,3,2026-04-09,2026-07-06,8.251839396651567,False,3,504,0.9947296944411416,9.855016587842243,0.994097954613389,6.395511261652739,0.995337418161844,0.8373237450286533,1.290254845789938,-0.17754449112853285,0.2548397537381069,0.0006317398277525532,-0.0006077237207023911
VTV,etf,4,2026-07-07,2026-09-29,10.39818777236096,False,3,504,0.9922855246694838,7.293683043663208,0.9994126585452772,6.421504815714096,0.9981802890983692,1.4256429447390042,1.6192758661358477,0.35462290125586127,0.4819790530992653,-0.0071271338757933345,-0.0058947644288853684
VUG,etf,1,2025-10-15,2026-01-09,7.408190502119129,False,4,504,0.985101779374796,33.975079055668914,0.9904000153742346,18.69836024358566,0.9883636827194432,0.2180477781959137,0.3961946612222564,-1.523041074170114,-0.9258496197649199,-0.005298235999438572,-0.0032619033446471546
VUG,etf,2,2026-01-12,2026-04-08,10.922707882726614,False,2,252,0.9965432343551236,11.258142916954906,0.9983562296874594,11.070687467990496,0.9993929238440712,0.9702051184904464,0.9866332072247775,-0.030247767478437236,-0.013456932503661123,-0.0018129953323358095,-0.0028496894889475932
VUG,etf,3,2026-04-09,2026-07-06,9.23659713438286,False,4,126,0.9866096237248484,30.390411498157928,0.9763129751635212,16.292619359413298,0.9958377520076136,0.3039312954002852,0.5669191018721175,-1.1909536050909557,-0.5675386629080037,0.01029664856132717,-0.009228128282765202
VUG,etf,4,2026-07-07,2026-09-29,1.7249627092829285,False,2,504,0.9970421885466276,1.5453655638847774,1.0,1.5453655638847774,1.0,1.116216608934054,1.116216608934054,0.10994493915224059,0.10994493915224059,-0.002957811453372372,-0.002957811453372372
VWO,etf,1,2025-10-15,2026-01-09,1.7680700200535433,False,2,504,0.99542456218123,3.3484209693348816,0.9892679253179728,2.485281899086908,1.0,0.5280309842297836,0.7114162867009701,-0.6386003147442337,-0.3404975258572394,0.006156636863257181,-0.004575437818770012
VWO,etf,2,2026-01-12,2026-04-08,2.693155085737,False,2,504,0.9944649061295442,2.6908984754822614,0.9968654122494433,2.2584847454200387,0.9867080425838644,1.0008386084704792,1.1924610476995363,0.00083825703486005,0.17601927884396146,-0.0024005061198990596,0.007756863545679837
VWO,etf,3,2026-04-09,2026-07-06,8.720000141186558,False,3,252,0.9926594323008044,5.393938650232358,0.9983993261942982,5.580470727345064,0.9973115112504332,1.6166294625562567,1.5625922197669406,0.48034340316468244,0.44634612153761144,-0.005739893893493719,-0.004652078949628713
VWO,etf,4,2026-07-07,2026-09-29,1.1690996059669905,False,3,504,0.9958359199193796,1.9818717301090685,0.9984012821523826,4.860319143073327,0.9999031588586283,0.5898967063335887,0.24053967888778047,-0.5278078314204822,-1.4248702180644701,-0.0025653622330029657,-0.004067238939248763
XLB,etf,1,2025-10-15,2026-01-09,1.717957695241669,False,2,252,0.9907460791860412,2.036577350754718,0.9936834573841754,1.7349497932291444,0.9908924218525298,0.8435514097242738,0.9902060001656595,-0.17013443075109347,-0.009842276523931279,-0.0029373781981342217,-0.00014634266648860805
XLB,etf,2,2026-01-12,2026-04-08,5.229706544558898,False,2,252,0.9938198805221224,5.331756125776065,0.9988214457989952,5.34779298449783,0.9993525572683624,0.9808600433309742,0.9779186591026914,-0.019325496943378352,-0.022328783057834957,-0.005001565276872788,-0.005532676746239917
XLB,etf,3,2026-04-09,2026-07-06,0.871009154518729,False,2,126,0.9896847796336712,2.895040257115168,0.9834298446007488,2.0969792656525392,0.9645252150336484,0.3008625363250274,0.41536374192411857,-1.2011018084979526,-0.8786006560773463,0.006254935032922404,0.025159564600022777
XLB,etf,4,2026-07-07,2026-09-29,1.283759359332705,False,2,504,0.9887962497539716,1.7312852663873275,0.9533876037744023,2.9118305686948185,0.9953893444527876,0.7415065467584815,0.44087708025818606,-0.2990712883689773,-0.8189891719608725,0.035408645979569275,-0.006593094698815971
XLI,etf,1,2025-10-15,2026-01-09,45.95515691333488,False,4,126,0.97322938739216,66.36652035025574,0.9660114800211744,16.815287247720338,0.9995974647840276,0.692444875379967,2.7329391544925916,-0.36752664642847566,1.0053776434315773,0.007217907370985599,-0.026368077391867528
XLI,etf,2,2026-01-12,2026-04-08,3125.981869240836,False,4,252,0.930164140275626,15.7492794730547,0.8792575602673828,38.1117797246694,0.9929334435651922,198.48411951728016,82.02140891409009,5.290709094495042,4.406980297505846,0.05090658000824322,-0.0627693032895662
XLI,etf,3,2026-04-09,2026-07-06,23.869215952914264,False,2,504,0.9621349145917168,21.303858595079973,0.974323445161274,6.09653642169346,0.999951865578569,1.120417498378756,3.915209276529511,0.11370138225646978,1.3648687830663337,-0.012188530569557154,-0.037816950986852116
XLI,etf,4,2026-07-07,2026-09-29,14.039049212061972,False,2,504,0.9844686895051918,10.543796109594265,0.9968868859587668,10.500302421659272,0.9970839917991248,1.3314985481639978,1.3370137971553302,0.2863050358949864,0.2904386175544665,-0.012418196453575003,-0.012615302293932928
XLP,etf,1,2025-10-15,2026-01-09,5.038081829299291,False,3,252,0.9914221884862424,5.132691385365646,0.991079327045616,1.4291727132297498,0.9992745913034924,0.981567261897704,3.5251735375732594,-0.01860473791657331,1.2599296655696866,0.00034286144062645185,-0.00785240281724997
XLP,etf,2,2026-01-12,2026-04-08,7.315056765031085,False,1,504,0.9707891408450036,7.358860021241446,0.9981057940730133,7.181149813121773,0.9117149161918936,0.994047548657819,1.0186470071498341,-0.005970237797802212,0.0184752831860249,-0.02731665322800969,0.059074224653109964
XLP,etf,3,2026-04-09,2026-07-06,3.2914515069772725,False,3,504,0.9913261269266094,19.21297232010885,0.98264666556354,1.4277858056053787,0.9990394244116628,0.17131401909804161,2.3052838136191602,-1.76425703754923,0.8352037984215717,0.008679461363069407,-0.00771329748505345
XLP,etf,4,2026-07-07,2026-09-29,5.000457614223719,False,3,504,0.9611579515498072,5.539086525813953,0.9603996000671892,2.9479368943024875,0.9989483619788452,0.902758530837161,1.6962566681424431,-0.10230016903575384,0.5284238632675087,0.0007583514826180471,-0.03779041042903797
XLU,etf,1,2025-10-15,2026-01-09,3.3639951056875823,False,2,126,0.9869384415223708,7.407680490720204,0.96831209866442,2.673235442088102,0.9927413368782456,0.4541225974718736,1.2583983635425386,-0.7893880789103149,0.22983977233398648,0.01862634285795073,-0.00580289535587486
XLU,etf,2,2026-01-12,2026-04-08,1.347035090906521,False,2,504,0.9986076545451548,1.343044069198285,0.9976827526391676,1.7051185887131248,0.999756958315813,1.0029716237908846,0.7899949597776339,0.0029672172444809987,-0.23572871356973385,0.0009249019059871522,-0.0011493037706582498
XLU,etf,3,2026-04-09,2026-07-06,1.1816922319968983,False,3,252,0.9614384407304796,0.8257771648334121,0.9607026267405018,2.87902399556872,0.9972452774164056,1.431006187044766,0.4104488999798933,0.3583778241462152,-0.890503840225822,0.000735813989977796,-0.03580683668592599
XLU,etf,4,2026-07-07,2026-09-29,2.929755237756832,False,3,126,0.9939507092707262,6.91772047234728,0.9898384946116896,3.091501518545614,1.0,0.4235145449238895,0.9476803489118534,-0.859167420913344,-0.05373801827879315,0.0041122146590365505,-0.0060492907292738485
XLY,etf,1,2025-10-15,2026-01-09,7.366070359044973,False,3,504,0.9789146658112594,41.11228768108733,0.9429224081434842,2.5886762966425327,1.0,0.17916955670733808,2.845496892986827,-1.719422677318962,1.0457377071563256,0.03599225766777525,-0.02108533418874059
XLY,etf,2,2026-01-12,2026-04-08,14.167413251452729,False,2,504,0.9683003275590286,14.079589890015686,0.9692019280114216,10.63562302992401,1.0,1.006237636331959,1.3320717753526803,0.006218262800079957,0.2867354560663415,-0.0009016004523929588,-0.03169967244097138
XLY,etf,3,2026-04-09,2026-07-06,2.166079716490621,False,1,126,0.9995390034333648,2.130671834738118,1.0,8.012071616929893,0.6098104156638066,1.0166181770346885,0.2703520163141815,0.0164816060938027,-1.3080304050196214,-0.00046099656663523003,0.3897285877695582
XLY,etf,4,2026-07-07,2026-09-29,4.9291255904354765,False,2,504,0.9974529846982728,3.8435589690042566,0.9963021658037028,5.201586244257344,0.9976616482625004,1.282437873383911,0.947619698871153,0.24876285508352805,-0.05380201874224691,0.001150818894570027,-0.0002086635642275514
ABBV,stock,1,2025-10-15,2026-01-09,13.423999497857316,False,2,504,0.9992650182923676,12.119589924133884,1.0,13.340459538550002,0.9979357654366944,1.107628193848865,1.0062621500455744,0.10222096689216638,0.006242624257191746,-0.0007349817076324205,0.001329252855673202
ABBV,stock,2,2026-01-12,2026-04-08,8.79371063623184,False,1,126,0.9856998665427106,9.150849867502396,0.9422561452379188,8.460663203233045,0.0,0.9609720150104448,1.0393642229927706,-0.03980999113258783,0.038609202173135196,0.043443721304791794,0.9856998665427106
ABBV,stock,3,2026-04-09,2026-07-06,15.616274860007222,False,1,126,0.9944470801070602,15.600566564814129,0.9938855905108388,18.201650133771828,0.6478597102450341,1.0010069054305066,0.8579592918903747,0.001006398841263429,-0.15319862596895462,0.0005614895962213762,0.3465873698620261
ABBV,stock,4,2026-07-07,2026-09-29,16.996246051728335,False,3,252,0.9971264783598972,53.79939415064661,1.0,32.37570923554319,0.998401679702509,0.31591891172856373,0.5249690725869647,-1.15226970677872,-0.6444159274839002,-0.002873521640102794,-0.0012752013426118314
ADBE,stock,1,2025-10-15,2026-01-09,195.2525109279208,False,4,126,0.974604891858174,178.26382541809028,0.982745265870753,326.22253824230563,1.0,1.0953008018872377,0.5985255095492351,0.09102903046382797,-0.5132861324208502,-0.008140374012578944,-0.025395108141825995
ADBE,stock,2,2026-01-12,2026-04-08,81.49066382171316,False,2,63,0.9992037526215686,80.38418729394851,1.0,83.2298105176622,0.9978939820105136,1.0137648530763703,0.9791042814451683,0.013670977956793237,-0.021117123794200804,-0.000796247378431425,0.0013097706110549723
ADBE,stock,3,2026-04-09,2026-07-06,22.652025688966194,False,2,126,0.9988181302542356,20.182180601796755,1.0,20.182180601796755,1.0,1.122377513902019,1.122377513902019,0.11544921566211314,0.11544921566211314,-0.0011818697457643967,-0.0011818697457643967
ADBE,stock,4,2026-07-07,2026-09-29,69.11345399941207,False,2,504,0.9840424387648012,95.46375091168832,0.9681004656833332,51.47949475469152,0.9975775360930366,0.7239758896897692,1.3425433627262533,-0.322997188684397,0.29456584686156106,0.015941973081468053,-0.013535097328235324
AMD,stock,1,2025-10-15,2026-01-09,164.63618843493325,False,4,252,0.9236134307616172,2295608.958470058,0.9529792540274232,42.94904809190276,0.9921093610758688,7.171787155973525e-05,3.833290742152032,-9.542770586748931,1.3437236358964217,-0.029365823265806057,-0.06849593031425161
AMD,stock,2,2026-01-12,2026-04-08,67.31273492684805,False,2,252,0.9954844764611416,21.29463498308035,0.9883169449807064,18.493098362287665,0.9840126928927356,3.1610184903536207,3.639884112881624,1.1508942827429842,1.2919518440214044,0.007167531480435141,0.011471783568405947
AMD,stock,3,2026-04-09,2026-07-06,196.4124580716945,False,4,504,0.9805204459758604,236.52211910864517,0.9886822379231496,391.1868381100242,0.9963520500249818,0.8304189849638269,0.5020937284614162,-0.18582490439950008,-0.6889684666360636,-0.008161791947289165,-0.01583160404912143
AMD,stock,4,2026-07-07,2026-09-29,278.49780635590906,False,2,504,0.9918544271212114,57.1293531255881,0.9971817562250638,67.60757836124264,0.9965369493578564,4.87486364047715,4.119328233705281,1.5840921328744353,1.4156900999957933,-0.005327329103852363,-0.004682522236645004
AMZN,stock,1,2025-10-15,2026-01-09,9.56918821669137,False,2,504,0.997977502080752,10.017822206164247,0.9988283034506532,9.608485249659337,0.9976697383470516,0.9552164152806764,0.9959101739819645,-0.04581735131487539,-0.00409821222970557,-0.0008508013699012329,0.00030776373370033916
AMZN,stock,2,2026-01-12,2026-04-08,71245.25959927963,False,4,126,0.9428423209371758,255074.72800673704,0.939052326006925,43.71123398378574,0.9965925654374932,0.27931132243488227,1629.9073054242158,-1.2754282682387017,7.396278424345867,0.003789994930250784,-0.0537502445003174
AMZN,stock,3,2026-04-09,2026-07-06,55.95245589378182,False,2,252,0.9921816690090092,58.04571078310265,0.9901617644846428,24.46356999725934,1.0,0.9639378196755549,2.287174598803453,-0.03672848886321151,0.8273172561595787,0.0020199045243664004,-0.00781833099099083
AMZN,stock,4,2026-07-07,2026-09-29,12.656909832353294,False,2,252,0.9983235739770442,15.564688628513313,1.0,15.564688628513313,1.0,0.8131810493893729,0.8131810493893729,-0.20680150125086819,-0.20680150125086819,-0.0016764260229558126,-0.0016764260229558126
AVGO,stock,1,2025-10-15,2026-01-09,81.23058694144233,False,3,504,0.9976935625038792,118.89685602969102,0.9954269897406182,30.82469982032522,1.0,0.6832021438914866,2.6352434059351464,-0.3809644984982295,0.9689755518960308,0.002266572763261032,-0.0023064374961208056
AVGO,stock,2,2026-01-12,2026-04-08,68.0178117020373,False,3,504,0.9956946006847645,35.77022544011523,0.9891575242242768,120.7332981204929,0.9999517496425014,1.9015203528954383,0.5633724313085104,0.6426537519289143,-0.5738143574518582,0.006537076460487623,-0.004257148957736989
AVGO,stock,3,2026-04-09,2026-07-06,135.76075980953655,False,3,504,0.9917837189684228,148.91090719854978,0.9934103315023808,32.36568646810919,1.0,0.91169117402878,4.194589227801654,-0.09245397122262962,1.4337954156495727,-0.0016266125339580162,-0.008216281031577233
AVGO,stock,4,2026-07-07,2026-09-29,19.85537418823877,False,3,504,0.9883693519069796,68.96661882167888,0.9998558675563508,74.13473506012146,1.0,0.2878983271541428,0.2678282207677217,-1.2451478918909857,-1.3174094712632511,-0.011486515649371198,-0.01163064809302039
BA,stock,1,2025-10-15,2026-01-09,36.89328059865197,False,4,126,0.9929029669566524,16.649673088778602,0.9907610644949082,29.806950002796192,0.998319461733746,2.2158561553690186,1.2377408824180605,0.7956388549410874,0.21328784897741523,0.0021419024617441718,-0.005416494777093606
BA,stock,2,2026-01-12,2026-04-08,26.717971355621323,False,2,252,0.991594893927472,27.24321500305817,0.9842593146464272,24.037365126504465,0.9956849835392068,0.980720203273443,1.1115183055634132,-0.019468075925818833,0.10572692352933466,0.0073355792810447795,-0.004090089611734737
BA,stock,3,2026-04-09,2026-07-06,81.6524183291709,False,3,252,0.9798709738277648,33.44508889931801,0.9939239730418616,30.41322021478198,1.0,2.4413873909851054,2.684767273985828,0.8925664805745029,0.9875940478488444,-0.014052999214096862,-0.02012902617223522
BA,stock,4,2026-07-07,2026-09-29,17.290870789347803,False,3,252,0.9904530733715592,11.095650434567906,0.9967985030719104,23.99569974897738,0.9998430280591224,1.5583467495946897,0.7205820613789221,0.4436254834010565,-0.32769597498449676,-0.006345429700351235,-0.009389954687563207
BLK,stock,1,2025-10-15,2026-01-09,163.83548092736592,False,2,63,0.9713481886579528,110.30994490009356,1.0,140.74350345101163,0.985692576624914,1.4852285628077309,1.1640713561204754,0.39556867475970514,0.15192364993932356,-0.028651811342047195,-0.014344387966961247
BLK,stock,2,2026-01-12,2026-04-08,573.0254876591018,False,4,252,0.9905994149346802,649.2305198169583,0.9896224161011984,642.2986976485608,0.9897124865045404,0.8826225357068218,0.8921479831065103,-0.12485764915425761,-0.1141232598184464,0.0009769988334817903,0.0008869284301398217
BLK,stock,3,2026-04-09,2026-07-06,520.3094224565509,False,4,126,0.9901522479150964,4298.547041903097,0.9819318566915765,406.0201488108364,0.99809532423648,0.12104309139448062,1.2814867044910165,-2.111608669556533,0.24802089180992934,0.008220391223519918,-0.00794307632138358
BLK,stock,4,2026-07-07,2026-09-29,312.1098274145793,False,3,504,0.9136499168938956,351.05799053517,0.9131563463463592,122.03211356084796,0.999150146978395,0.8890549021225347,2.557604046241109,-0.11759628820692239,0.9390709008083447,0.0004935705475364038,-0.08550023008449936
C,stock,1,2025-10-15,2026-01-09,23.36394431168728,False,3,126,0.9899379287565472,27.684873029355053,0.9839166009806825,16.697838220946757,0.9983454633449826,0.8439245607850118,1.3992197075174777,-0.16969217133722161,0.33591472946974693,0.0060213277758647266,-0.008407534588435461
C,stock,2,2026-01-12,2026-04-08,41.91930346547145,False,4,252,0.9694162337814568,342.8833568172081,0.9950700733972072,179.92853082131313,0.9936927246517698,0.12225528778819886,0.23297752320948742,-2.101643897671381,-1.4568132969817396,-0.025653839615750407,-0.024276490870313028
C,stock,3,2026-04-09,2026-07-06,7.243545951100315e+24,False,4,252,0.8594021381353849,2.199363115940438e+72,0.724830802596401,207.6613507674657,0.9844322767963942,3.29347432381715e-48,3.4881531514313738e+22,-109.33214143066323,51.906244459045666,0.13457133553898393,-0.12503013866100932
C,stock,4,2026-07-07,2026-09-29,13.099574864550856,False,2,504,0.9959029897532546,13.516607053718332,0.9975972742305126,13.520215301220952,0.997567600862882,0.9691466810043314,0.9688880371134245,-0.031339304961714595,-0.03160621854177022,-0.0016942844772579457,-0.0016646111096273453
COP,stock,1,2025-10-15,2026-01-09,7.665354801521496,False,3,252,0.9959450110969782,8.112898122048353,0.9963978617322484,8.81751160092995,0.9981481776743012,0.9448355798638007,0.8693331121575228,-0.05674435618844971,-0.14002889902376295,-0.00045285063527022995,-0.0022031665773230014
COP,stock,2,2026-01-12,2026-04-08,20.17593827027054,False,3,504,0.9973339849804032,22.41321450056217,0.9987517062154164,20.331171921121623,0.9977495595868432,0.9001804836947634,0.9923647465353527,-0.10515999832414458,-0.007664551238276255,-0.0014177212350132695,-0.00041557460644003896
COP,stock,3,2026-04-09,2026-07-06,92.42381079041608,False,4,252,0.9350718705316036,96.26549309610088,0.9110268156318696,67.44843970297484,0.9931510124959476,0.9600928413481487,1.3702883446589158,-0.04072528945868548,0.31502118824816694,0.024045054899733964,-0.05807914196434405
COP,stock,4,2026-07-07,2026-09-29,49.39479121664943,False,4,252,0.9839400035258296,64.89058195230234,0.9795503490323187,47.81698239740341,0.9872105230590354,0.7612012364591976,1.0329968295810257,-0.27285751920623647,0.03246412099535284,0.004389654493510808,-0.0032705195332058956
COST,stock,1,2025-10-15,2026-01-09,25.021867923756385,False,3,252,0.994396479225292,26.391121908696444,0.993300082969632,26.797688983700272,1.0,0.9481168709054063,0.9337323057587529,-0.05327750277987327,-0.06856549237061106,0.0010963962556599371,-0.0056035207747080484
COST,stock,2,2026-01-12,2026-04-08,1694.2500938944756,False,4,126,0.982667028699022,84.69689214602813,0.9977092472415154,96.9538894251471,0.9994811698517208,20.003686687504125,17.474802753555498,2.995916590941704,2.860760000705985,-0.015042218542493435,-0.016814141152698747
COST,stock,3,2026-04-09,2026-07-06,75.67821610089185,False,2,126,0.9967888766005693,57.8908104954856,1.0,63.816973230825205,0.9989975889079448,1.3072578437434959,1.1858634508904813,0.2679316942543676,0.17047115979066407,-0.0032111233994307486,-0.0022087123073755155
COST,stock,4,2026-07-07,2026-09-29,243.02100973193265,False,4,252,0.9845300749231982,256.8416393566903,0.980555341765928,203.20034639604523,0.992444271937936,0.9461900739328168,1.1959674973106367,-0.05531180629370063,0.1789554789974864,0.0039747331572702604,-0.007914197014737834
CRM,stock,1,2025-10-15,2026-01-09,20.12121629969347,False,2,504,0.997112693168978,25.12112005941464,0.9911431678786572,21.42702525162792,0.9968746072891006,0.8009681197376645,0.93905785163364,-0.22193413328303974,-0.06287819183819959,0.0059695252903207985,0.00023808587987739216
CRM,stock,2,2026-01-12,2026-04-08,51.95603161863208,False,2,504,0.9935623257908064,44.30426906584738,0.9984124795721324,57.504392824525006,0.9921924836034332,1.1727093734784846,0.9035141328624444,0.15931677552745305,-0.10146352672305808,-0.004850153781326028,0.001369842187373238
CRM,stock,3,2026-04-09,2026-07-06,63.5528999424199,False,1,504,0.9975366664885084,33.09601925914516,0.9886449918749188,21.325656901655595,0.9743249824193276,1.9202581266585055,2.9801145275616827,0.6524596179712847,1.091961731846499,0.008891674613589529,0.023211684069180727
CRM,stock,4,2026-07-07,2026-09-29,68.05340592361672,False,2,504,0.996235509182022,71.2826415433498,0.9940024414072288,67.17587531817439,0.9966101509432116,0.9546981488085111,1.0130631808113546,-0.046360063009555905,0.012978593322955883,0.0022330677747931515,-0.0003746417611896202
CSCO,stock,1,2025-10-15,2026-01-09,7.461295647829464,False,3,126,0.9922944033419486,3.351581137725933,0.9860925464665076,16.421993995562865,1.0,2.226201706365968,0.45434772719107475,0.8002968625693584,-0.7888924551839305,0.006201856875441059,-0.007705596658051372
CSCO,stock,2,2026-01-12,2026-04-08,6.191828451340158,False,4,252,0.9932568847763352,43.25297590558723,0.994600050445107,10.40294971493372,0.9935668258447498,0.14315381362095655,0.5951993060633195,-1.9438356070596783,-0.5188589613521747,-0.0013431656687717952,-0.00030994106841453206
CSCO,stock,3,2026-04-09,2026-07-06,23.383117628116175,False,4,252,0.984520298930906,33.569757686361264,0.992925699644928,33.59716937021843,0.9929122901282922,0.6965530656069131,0.6959847530739804,-0.36161129970985856,-0.36242752539057,-0.008405400714022071,-0.008391991197386206
CSCO,stock,4,2026-07-07,2026-09-29,30.5047586258236,False,3,504,0.9978876987265974,9.07539978427407,1.0,18.556267076968457,0.998984992021071,3.361257834468351,1.6439059913987384,1.2123152594181097,0.4970751121515041,-0.0021123012734025615,-0.0010972932944736113
DE,stock,1,2025-10-15,2026-01-09,111.1796392462245,False,4,252,0.9925088564454112,112.01448257674588,0.9923002214200484,100.3078678616133,0.9930973451704964,0.9925470054289686,1.1083840342375746,-0.007480906908549502,0.10290312957018811,0.0002086350253628355,-0.0005884887250852122
DE,stock,2,2026-01-12,2026-04-08,38.57714642350946,False,4,252,0.9927831518055388,296.9413386187308,0.9942357317814252,77.5368575011626,0.9933728830633444,0.12991504181585867,0.49753301419174784,-2.0408745666601655,-0.6980933644008115,-0.0014525799758864366,-0.0005897312578055924
DE,stock,3,2026-04-09,2026-07-06,2234.4529171427043,False,3,252,0.9416026225066476,59.93047966268716,0.9661027257115672,82.96022064742046,0.9926354985155652,37.28408198497833,26.9340281366788,3.6185664791284298,3.293390473680115,-0.024500103204919577,-0.051032876008917594
DE,stock,4,2026-07-07,2026-09-29,70.50650531394828,False,3,252,0.9969751249525602,26.64136944106287,0.990540738897332,46.66075290182696,0.9997725808191256,2.6465045451182854,1.5110451702803034,0.9732397297216798,0.4128015771391465,0.0064343860552282806,-0.0027974558665653237
DIS,stock,1,2025-10-15,2026-01-09,65.00318712904202,False,4,504,0.9906588417344404,27.585088865789658,0.9872279407476298,35.851057465292534,0.9878005185510624,2.35646103753022,1.8131456008507338,0.8571609332030417,0.5950632378976407,0.0034309009868106477,0.0028583231833779754
DIS,stock,2,2026-01-12,2026-04-08,9.843904148492353,False,2,252,0.9973837976435476,8.693334462579026,0.9889077271912636,13.537425606432349,1.0,1.1323507902365912,0.7271621972064609,0.12429581714445102,-0.3186057215096052,0.008476070452283935,-0.002616202356452435
DIS,stock,3,2026-04-09,2026-07-06,7.483941538223834,False,2,504,0.9284511675316024,5.384292675690551,0.9036849797927516,10.155009195837271,1.0,1.3899581595950292,0.7369704343834216,0.32927364567878553,-0.30520750376650996,0.024766187738850753,-0.0715488324683976
DIS,stock,4,2026-07-07,2026-09-29,41.4299157611107,False,4,252,0.986604902727188,78.97065989038852,0.9948809282474024,37.77014901154585,0.9878641516300684,0.5246241555865878,1.0968957455912103,-0.6450731668858598,0.0924841408527462,-0.008276025520214336,-0.0012592489028803167
FDX,stock,1,2025-10-15,2026-01-09,26.929949743931672,False,2,126,0.9980108399183192,28.402825972663848,0.9933968709824608,23.05479591511897,0.9803370631799032,0.9481433210149673,1.1680844993414772,-0.053249605648798694,0.15536522711584555,0.004613968935858415,0.01767377673841597
FDX,stock,2,2026-01-12,2026-04-08,44.20376451952112,False,3,252,0.9897665282082252,26.72852801990491,0.9772053034685874,27.15283710152676,0.9972642162743212,1.653804672169088,1.6279611723165244,0.5030784954132508,0.48732841736750965,0.012561224739637833,-0.007497688066095964
FDX,stock,3,2026-04-09,2026-07-06,154.90488553303013,False,4,126,0.9883974060951786,168.16049785011427,0.9945872424395756,162.07999907651026,0.9957537817834512,0.9211728528010235,0.9557310366216555,-0.08210758085648193,-0.04527874796091344,-0.0061898363443970705,-0.007356375688272632
FDX,stock,4,2026-07-07,2026-09-29,35.07750423338184,False,2,126,0.9949808533751744,28.47765664510855,0.9886163216638256,28.7360887189692,0.9890226220950794,1.23175529049041,1.2206777539013707,0.20844021753351125,0.19940624047690617,0.006364531711348764,0.005958231280094983
GE,stock,1,2025-10-15,2026-01-09,36.23196389101806,False,2,504,0.9944414500164934,38.676913944823184,0.9927357064674897,14.494838802255035,0.9991042101790106,0.9367852859901618,2.49964586604311,-0.06530117349345602,0.9161490682575827,0.0017057435490037687,-0.00466276016251721
GE,stock,2,2026-01-12,2026-04-08,23.88531250830605,False,2,126,0.995243308812448,23.782024155942054,0.9897059759952128,25.190811363235525,0.9970487242296052,1.0043431270478376,0.9481755932309996,0.004333722890694764,-0.053215568951919305,0.00553733281723523,-0.0018054154171571746
GE,stock,3,2026-04-09,2026-07-06,37.07133125819743,False,2,126,0.9951346266981697,43.77989274285012,0.9923626924130774,40.21244298875104,0.9937677703005922,0.8467661507519729,0.9218870703420755,-0.16633071365219612,-0.0813325462872474,0.002771934285092259,0.0013668563975774983
GE,stock,4,2026-07-07,2026-09-29,31.395869199773745,False,2,504,0.9907550302685586,24.66778891512434,0.9943350939013788,54.26161075443323,0.987343897698928,1.2727476024624274,0.5786018653566909,0.24117803005265104,-0.5471406625312119,-0.003580063632820152,0.0034111325696305483
GOOGL,stock,1,2025-10-15,2026-01-09,223.73547406939556,False,4,126,0.9696338969747796,3272157.2526376317,0.9353916462905356,62.18579701188956,0.9976064628463226,6.837552623396878e-05,3.5978548932422405,-9.590495600959697,1.280337804876895,0.034242250684244024,-0.027972565871542954
GOOGL,stock,2,2026-01-12,2026-04-08,16.865746961102715,False,1,126,0.9726773902210992,17.36453304895712,0.9151497677060328,22.811938029747484,0.0,0.9712755830261521,0.739338627832026,-0.029145037337113183,-0.30199923858609945,0.05752762251506638,0.9726773902210992
GOOGL,stock,3,2026-04-09,2026-07-06,90.24604415321572,False,2,252,0.9860913777630692,82.1128696110049,0.9619861097160758,95.71494702697856,0.9800107517825803,1.0990487189248201,0.9428626035574009,0.09444500467079409,-0.058834708387916136,0.024105268046993422,0.006080625980488863
GOOGL,stock,4,2026-07-07,2026-09-29,34.473530417259866,False,2,126,0.9886049357661494,46.98621725840938,1.0,53.42724307970299,0.993671509300887,0.7336945263685799,0.6452425472493893,-0.30966251360270597,-0.438128990625415,-0.011395064233850616,-0.005066573534737606
GS,stock,1,2025-10-15,2026-01-09,519.1750110998054,False,4,252,0.9488865629953948,36053.65476722175,0.9243857272961732,255.48565051809337,0.993052076975662,0.014400066080729612,2.032110257648453,-4.240522483471155,0.7090747888979457,0.024500835699221568,-0.044165513980267246
GS,stock,2,2026-01-12,2026-04-08,127.22088613542792,False,2,252,0.9959768964450286,117.90150741794972,0.9976788118552756,92.56185738573146,1.0,1.0790437622179154,1.374441802796399,0.07607524357950331,0.318047687091196,-0.0017019154102470013,-0.0040231035549713745
GS,stock,3,2026-04-09,2026-07-06,145.3480255535418,False,3,504,0.996220367687038,44.27374974830149,1.0,44.27374974830149,1.0,3.2829391316491754,3.2829391316491754,1.1887390978812906,1.1887390978812906,-0.003779632312961967,-0.003779632312961967
GS,stock,4,2026-07-07,2026-09-29,395.8181037052869,False,3,504,0.989172191312927,110.07635224032713,0.9990604094175114,138.8055616937813,1.0,3.595850476958997,2.8516011813597246,1.2797805353664091,1.0478806545408565,-0.009888218104584401,-0.010827808687073004
IBM,stock,1,2025-10-15,2026-01-09,25.55793380392613,False,2,252,0.9968331705479652,17.270766462366492,1.0,22.797415900643397,0.9980211360779913,1.4798378438859456,1.1210890705908831,0.3919325168314184,0.11430059730363361,-0.003166829452034836,-0.0011879655300260916
IBM,stock,2,2026-01-12,2026-04-08,62.558812764576125,False,2,504,0.9993442004791404,63.47987217614448,0.999980204398755,63.50779152407527,1.0,0.9854905282573255,0.9850572860947401,-0.014615763539226913,-0.015055481029369183,-0.0006360039196146028,-0.0006557995208595901
IBM,stock,3,2026-04-09,2026-07-06,33.57310427322123,False,3,504,0.998273947222731,33.41258657301351,0.998307824528402,30.937461713386483,0.9992433389482896,1.004804108770716,1.085192592212383,0.00479260586626709,0.08175747558360115,-3.387730567105951e-05,-0.0009693917255586548
IBM,stock,4,2026-07-07,2026-09-29,10116521100459.19,False,4,252,0.9474753854041144,1.5721958289344422e+16,0.943724838854683,531.0236206163572,0.9936205842877192,0.0006434644408970144,19050981364.47674,-7.348643791356221,23.67038445238789,0.0037505465494314105,-0.0461451988836048
LLY,stock,1,2025-10-15,2026-01-09,928.5474210537002,False,4,252,0.8980841238261389,790.1076376822841,0.9361683641892752,455.3260589675066,0.993057350270922,1.1752163588463944,2.039302172072616,0.16145226583374006,0.7126076768225534,-0.03808424036313629,-0.09497322644478312
LLY,stock,2,2026-01-12,2026-04-08,156.0974528343452,False,1,504,0.9969023297928122,163.25883309094962,0.9974685729846438,170.95233887074463,0.99806275531648,0.9561348067910366,0.9131051020739116,-0.0448563645841977,-0.09090428773564224,-0.0005662431918315169,-0.0011604255236677963
LLY,stock,3,2026-04-09,2026-07-06,302.65215475508984,False,3,504,0.9930245304292534,118.1471430210297,0.9994605235737398,110.77173208644275,0.9967457402989758,2.561654450681207,2.7322147000365553,0.9406533195464232,1.0051125257497835,-0.006435993144486396,-0.003721209869722353
LLY,stock,4,2026-07-07,2026-09-29,770.3008155318797,False,3,252,0.9913996212265774,129.66878642205123,0.9991750980266244,106.79628561096148,0.9985933758960884,5.940526141924961,7.212805306150242,1.7817977055335674,1.9758579610804707,-0.0077754768000469765,-0.007193754669510999
MCD,stock,1,2025-10-15,2026-01-09,5.70790025033366,False,2,504,0.9955295924689596,6.7192522299415725,0.9943810632194042,6.899191433919229,0.9980833179218584,0.8494844448462227,0.8273288696225043,-0.16312564898986068,-0.1895529971993976,0.00114852924955533,-0.0025537254528988917
MCD,stock,2,2026-01-12,2026-04-08,116.07822567248282,False,4,126,0.9874842162720716,136.80430097101657,0.9825045483154996,20.91100726647192,0.998844542050012,0.8484983648070773,5.55105854984801,-0.1642871214669584,1.7139886392740902,0.004979667956572009,-0.011360325777940439
MCD,stock,3,2026-04-09,2026-07-06,1496.602357569213,False,4,126,0.9680839345146376,10713.105100681214,0.9555320958644752,51.906892684529645,0.9989695309712442,0.13969828014419913,28.83243978145625,-1.9682703238601484,3.361501134551005,0.012551838650162406,-0.0308855964566066
MCD,stock,4,2026-07-07,2026-09-29,22.29799642132633,False,1,504,0.9840136546895,29.7990035704346,1.0,30.11307958620237,0.9932293882358418,0.7482799338783773,0.7404754587618843,-0.2899781278662507,-0.30046278726589837,-0.015986345310500027,-0.009215733546341864
META,stock,1,2025-10-15,2026-01-09,153.8585825586433,False,2,504,0.9915552523183446,152.42453556181235,0.9989286863565056,138.05648533968207,0.9973912354643922,1.009408242521752,1.1144611003248477,0.009364260654259784,0.1083709699819375,-0.007373434038160931,-0.0058359831460476075
META,stock,2,2026-01-12,2026-04-08,363.54956947575374,False,4,252,0.9704785857814584,290.10701443359005,0.9493210505414978,678.2046364385654,0.9935721828280276,1.2531567710817135,0.5360470128674586,0.22566578467306952,-0.6235334111840657,0.021157535239960557,-0.023093597046569214
META,stock,3,2026-04-09,2026-07-06,138.61714172830446,False,3,504,0.9865949719532148,64.69481911775671,0.9976324959717664,29.549375960951902,1.0,2.142631258864721,4.69103448788497,0.7620346339608087,1.545653131245318,-0.011037524018551625,-0.013405028046785228
META,stock,4,2026-07-07,2026-09-29,133.0005029034035,False,3,504,0.988937808782548,100.38141802730009,0.9996922034247312,98.3254593665384,0.9999247180409072,1.3249514254444203,1.3526558000365216,0.28137579872424284,0.3020699192161981,-0.010754394642183196,-0.010986909258359212
MMM,stock,1,2025-10-15,2026-01-09,7.191221588479105,False,2,252,0.9950815114561272,7.101533445443981,0.995811997074394,7.18074306536228,0.9951818905761458,1.0126294051452598,1.0014592533142386,0.012550319382741822,0.0014581896387765745,-0.0007304856182668296,-0.00010037912001858995
MMM,stock,2,2026-01-12,2026-04-08,17.96861797000802,False,2,504,0.9945637850534024,18.15870161286032,0.9976339187272892,18.14582659575152,0.9930343063625208,0.9895320906249332,0.990234193807132,-0.010523083313365574,-0.009813804428121319,-0.0030701336738868656,0.0015294786908816027
MMM,stock,3,2026-04-09,2026-07-06,19.93676506312423,False,3,504,0.995042297408141,39.82145553667581,0.9867940374318382,8.166124040631827,0.999178826418061,0.5006538509061363,2.441398754651012,-0.6918403330449912,0.8925711351571808,0.008248259976302741,-0.004136529009920009
MMM,stock,4,2026-07-07,2026-09-29,49.8291688356591,False,4,252,0.9871525621914676,313.00412837565995,0.9946455585282716,139.08268845444164,0.99336186232261,0.15919652272399212,0.35827010096933304,-1.8376158479963776,-1.0264681050709703,-0.007492996336804003,-0.006209300131142403
MRK,stock,1,2025-10-15,2026-01-09,10.924660491855011,False,2,504,0.988440642311844,10.51294955756932,0.9819490941813512,13.49603396099276,0.992437492169128,1.0391622666912979,0.8094719177078449,0.03841487575669484,-0.21137319737682095,0.006491548130492797,-0.0039968498572839906
MRK,stock,2,2026-01-12,2026-04-08,1463.8753356659945,False,4,252,0.958171047138908,2674.91226507721,0.9534887324786292,51.67220715528819,0.9931404745990215,0.5472610652610471,28.330033034328782,-0.6028293230283558,3.3439224798964147,0.004682314660278797,-0.034969427460113556
MRK,stock,3,2026-04-09,2026-07-06,13.214963061172345,False,3,504,0.992324242357106,38.6746644330628,0.9982658352587092,24.824040488325725,0.9945753287687936,0.34169561015957856,0.5323453717128398,-1.073834967003472,-0.6304628053274289,-0.005941592901603121,-0.002251086411687586
MRK,stock,4,2026-07-07,2026-09-29,23.814839353041272,False,3,504,0.9836629026213818,55.58053482480591,0.972289707481746,19.93470483331271,0.990303017176324,0.42847445473685103,1.1946421856843599,-0.8475241582713193,0.17784671434094065,0.01137319513963575,-0.006640114554942178
MS,stock,1,2025-10-15,2026-01-09,13.028820938736777,False,3,504,0.9800032392813572,13.518994267505123,0.9795308537369256,11.44581667617438,0.9989905918062576,0.9637418790873704,1.1383041776178,-0.0369317805085871,0.12953959139219826,0.0004723855444316305,-0.01898735252490036
MS,stock,2,2026-01-12,2026-04-08,30.220496248107924,False,2,252,0.9953457377659316,30.35859502008213,0.9950215861755496,20.37181825900725,0.9995407691233624,0.9954510815838857,1.4834461933581287,-0.004559296229335568,0.3943678900256655,0.0003241515903820158,-0.004195031357430823
MS,stock,3,2026-04-09,2026-07-06,28.065269439299968,False,2,504,0.9583584877088938,12.411672119700468,0.9445574644640456,13.867027991587092,1.0,2.261199713353149,2.0238849634057656,0.815895519051411,0.7050189135480041,0.01380102324484811,-0.04164151229110624
MS,stock,4,2026-07-07,2026-09-29,32.97357019935546,False,2,504,0.98997235497021,11.962728497446868,1.0,11.962728497446868,1.0,2.7563586523252455,2.7563586523252455,1.013910479780818,1.013910479780818,-0.010027645029790033,-0.010027645029790033
NKE,stock,1,2025-10-15,2026-01-09,12.47441891721021,False,2,504,0.991834154925104,10.074609805053704,0.9884225902318508,4.92042996055184,1.0,1.2382036782161723,2.535229444829079,0.21366168271413102,0.9302841437279947,0.0034115646932532107,-0.008165845074896039
NKE,stock,2,2026-01-12,2026-04-08,7.957234105540674,False,2,504,0.9966156682118708,6.598689181494217,0.998717989615546,5.453343199815765,1.0,1.205881029804593,1.4591478683772368,0.18721044485232888,0.37785261353281957,-0.002102321403675278,-0.0033843317881292467
NKE,stock,3,2026-04-09,2026-07-06,28.958316690435936,False,4,252,0.978237633322274,29.07510344177728,0.977545428231559,28.469852890811364,0.980797418853517,0.995983273057817,1.0171572294910671,-0.004024815657219263,0.0170117063863641,0.0006922050907149924,-0.0025597855312430307
NKE,stock,4,2026-07-07,2026-09-29,6.770500733675575,False,3,504,0.9953863042546724,7.301047555027708,0.9962066358180144,7.253201656873131,0.9960394371059526,0.9273327810354031,0.9334499513411227,-0.07544279074352431,-0.06886793142679717,-0.0008203315633419361,-0.0006531328512801027
NVDA,stock,1,2025-10-15,2026-01-09,121.35516095032742,False,3,504,0.901046895710419,122.395069597721,0.8997584933815196,40.374017961418666,1.0,0.9915036720775479,3.0057736900571594,-0.008532627471355471,1.1005350024211813,0.001288402328899374,-0.09895310428958104
NVDA,stock,2,2026-01-12,2026-04-08,7.965320147211799,False,2,252,0.991344804965471,6.254234578225205,0.9811278101804212,36.805995300369446,0.9989107300968744,1.2735883260509486,0.21641365984556996,0.2418383699627601,-1.530563610870892,0.010216994785049782,-0.007565925131403417
NVDA,stock,3,2026-04-09,2026-07-06,26.05121902243503,False,1,126,0.997965919103791,26.221194324978427,0.9973547579459014,29.754307519938603,0.6698514766203842,0.9935176368994956,0.8755444570497195,-0.006503464858459019,-0.13290934950521446,0.000611161157889506,0.3281144424834067
NVDA,stock,4,2026-07-07,2026-09-29,8.378299720519772,False,2,504,0.9897457256975554,10.311223817374968,0.998893240584006,10.281821140030592,0.9984936155143932,0.8125417379071809,0.8148653440293986,-0.20758799636570907,-0.20473240144175853,-0.009147514886450603,-0.008747889816837828
ORCL,stock,1,2025-10-15,2026-01-09,86.79400712143953,False,3,504,0.9877400807031272,259.8005873420497,0.9953715944773266,74.52592034129634,1.0,0.3340793337282483,1.1646150322459714,-1.0963767880778224,0.15239058798481586,-0.00763151377419935,-0.012259919296872757
ORCL,stock,2,2026-01-12,2026-04-08,45.95747502199269,False,3,504,0.9966912867024308,103.65996916472464,1.0,103.65996916472464,1.0,0.44334833776539423,0.44334833776539423,-0.8133995024235663,-0.8133995024235663,-0.00330871329756921,-0.00330871329756921
ORCL,stock,3,2026-04-09,2026-07-06,88.17178882232675,False,3,504,0.9584051483600284,97.1105356275334,0.949896981394056,29.819561243902854,1.0,0.9079528627100655,2.9568439354671945,-0.0965628150432924,1.0841224614819949,0.008508166965972452,-0.041594851639971564
ORCL,stock,4,2026-07-07,2026-09-29,23.62103434766686,False,3,504,0.9963917645955312,20.48901824416998,1.0,41.9121968408361,0.9859310799112656,1.1528631614346907,0.5635837805727304,0.14224855378823728,-0.5734392776315962,-0.0036082354044687515,0.010460684684265642
OXY,stock,1,2025-10-15,2026-01-09,2.495822480876426,False,3,126,0.9958012506738356,6.085157961632014,0.9868955053622256,2.8039452025485345,0.9997298974522834,0.4101491689473016,0.8901110045260326,-0.8912343587519332,-0.11640909984681266,0.008905745311610036,-0.003928646778447731
OXY,stock,2,2026-01-12,2026-04-08,11.891936548440626,False,3,504,0.997615688309762,13.192319566745892,0.9995810175232502,12.303499426313053,0.9972585188083148,0.901428781214248,0.9665491204077896,-0.10377423977642847,-0.03402315864765812,-0.0019653292134882427,0.0003571695014471521
OXY,stock,3,2026-04-09,2026-07-06,19.518287356422103,False,2,252,0.9912149588831426,4.624224621108739,0.998049676215498,5.285034112650531,0.9972294238470988,4.220877867248207,3.6931241956796685,1.4400431318279012,1.3064727653292303,-0.006834717332355411,-0.00601446496395619
OXY,stock,4,2026-07-07,2026-09-29,5.855818495450188,False,1,504,0.9929669739488548,10.450715586804666,1.0,9.242917477138768,0.0,0.5603270366331555,0.6335465517174467,-0.5792346717232921,-0.4564217985466863,-0.007033026051145197,0.9929669739488548
PEP,stock,1,2025-10-15,2026-01-09,14.266188661141117,False,3,252,0.9952357170572824,5.790654992179408,0.9921915194002012,14.763001623419589,0.9979263332007712,2.4636571649335655,0.9663474288663395,0.9016468983826075,-0.03423185221923894,0.0030441976570811935,-0.0026906161434887554
PEP,stock,2,2026-01-12,2026-04-08,12.899393582776115,False,2,252,0.992539474546664,18.646929336174303,0.9835292477739864,12.28430054352238,0.9933197656365356,0.6917703901924379,1.050071474324037,-0.36850118450457675,0.048858232637518324,0.009010226772677599,-0.0007802910898715432
PEP,stock,3,2026-04-09,2026-07-06,15.589764542992803,False,3,504,0.9647260252378096,68.77000006795433,0.9032149840372756,20.810927483326257,0.9957219964112172,0.22669426388814812,0.7491143561709752,-1.4841530244436099,-0.28886362865316684,0.06151104120053397,-0.030995971173407577
PEP,stock,4,2026-07-07,2026-09-29,5.740672600676251,False,3,252,0.9836232759762348,16.158583078393395,0.98946218753058,4.007224206208174,0.9992371815359702,0.3552707915555075,1.4325808353279907,-1.0348749871714231,0.3594775975630061,-0.0058389115543452386,-0.015613905559735408
PFE,stock,1,2025-10-15,2026-01-09,1.7938405386325569,False,4,252,0.9642740758737728,7.139328094966625,0.9868151443230924,2.3118957476172306,0.9935407711753524,0.25126181550575494,0.7759175734811526,-1.381259793826004,-0.25370898418141713,-0.02254106844931958,-0.02926669530157966
PFE,stock,2,2026-01-12,2026-04-08,2.615764966173146,False,2,504,0.9980583833562344,1.295068885200005,0.9936215839391876,3.1093047029210723,0.9995715777810534,2.0197882877629154,0.8412700639199931,0.7029926978822065,-0.17284254817983138,0.004436799417046777,-0.0015131944248190088
PFE,stock,3,2026-04-09,2026-07-06,2.9446622712361408,False,2,504,0.9564430453454494,1.4031970270513403,0.8889938151037616,3.139930552341536,0.9866865852228844,2.098537991791513,0.9378112738959216,0.7412409078885351,-0.06420655075685294,0.06744923024168781,-0.030243539877435
PFE,stock,4,2026-07-07,2026-09-29,3.1895624373536458,False,3,504,0.9962787978382508,2.218709216732873,1.0,2.7826193712278053,0.9967385072031252,1.4375756918927791,1.1462446033164357,0.3629581475328899,0.13649103645656946,-0.003721202161749204,-0.0004597093648743833
SLB,stock,1,2025-10-15,2026-01-09,4.137543910185082,False,2,252,0.990264001782487,8.790232409458406,0.9603684282651404,6.402956517587833,1.0,0.47069789710372506,0.646192723442671,-0.753538798178551,-0.43665748618953903,0.02989557351734662,-0.009735998217513031
SLB,stock,2,2026-01-12,2026-04-08,8.716652427379008,False,3,504,0.9979687470168352,4.761538517277959,0.9923394371822412,13.22246549145248,0.9999262993953728,1.8306378066142537,0.6592304916971645,0.6046644343359936,-0.4166820458480701,0.005629309834594087,-0.0019575523785375637
SLB,stock,3,2026-04-09,2026-07-06,6.53800290304674,False,3,504,0.991748404516416,9.422984367991706,0.992809830635286,8.289118999108043,0.9924014685092196,0.6938356944807461,0.7887452096839564,-0.3655200979740512,-0.23731193844600432,-0.0010614261188700569,-0.0006530639928036264
SLB,stock,4,2026-07-07,2026-09-29,8.088390228346878,False,2,252,0.9848157084873974,10.101863846070776,0.982159489624086,4.052285607921849,0.9903802304344216,0.8006829582733824,1.9960069479147304,-0.22229021766522525,0.6911486588024175,0.002656218863311466,-0.00556452194702417
TGT,stock,1,2025-10-15,2026-01-09,12.442680112144703,False,2,252,0.9895762655407386,10.346850728828333,0.9918196232255234,13.657658582407077,0.9987757134603747,1.2025572261786848,0.911040500614986,0.18445031120322616,-0.0931679253942552,-0.002243357684784786,-0.009199447919636117
TGT,stock,2,2026-01-12,2026-04-08,15.386730921224189,False,2,252,0.9916962277942376,18.59279957734609,0.994367785370638,27.45234232765062,0.9987877055654162,0.8275639640612138,0.5604888186800121,-0.18926887675908163,-0.578945985500282,-0.002671557576400363,-0.007091477771178578
TGT,stock,3,2026-04-09,2026-07-06,10.072269306306648,False,2,252,0.990830651347469,4.475037684614084,0.9803178054228904,8.276809288956878,0.9933823085401392,2.2507674831290845,1.2169265902677395,0.8112712616666438,0.196328491945903,0.010512845924578573,-0.0025516571926702536
TGT,stock,4,2026-07-07,2026-09-29,10.036494520479286,False,2,504,0.9920042110326984,13.553864216780884,0.9760671437944872,13.533171734771992,0.975968651776599,0.7404895282965294,0.741621751144384,-0.300443786769913,-0.29891593513851555,0.0159370672382112,0.016035559256099452
TSLA,stock,1,2025-10-15,2026-01-09,45.55001091656632,False,2,126,0.997229921530328,91.0231457109948,0.9918927881935118,40.787456096492654,0.9979334946513204,0.5004222888669544,1.1167651840999029,-0.6923029592811223,0.11043627784438435,0.00533713333681618,-0.0007035731209924512
TSLA,stock,2,2026-01-12,2026-04-08,84.95397306867079,False,2,504,0.9980241385446834,129.89580275288432,0.9932995122499488,84.53891735255165,0.9990820559094468,0.6540163059024199,1.0049096407798581,-0.4246229952632423,0.004897627797139278,0.00472462629473458,-0.00105791736476335
TSLA,stock,3,2026-04-09,2026-07-06,46.20455091062136,False,2,504,0.9917371754097448,68.03399020379186,0.9985926097916747,66.55078286789976,0.9985170372246468,0.6791392180911088,0.6942750921853957,-0.38692913843251636,-0.36488701058139317,-0.006855434381929926,-0.006779861814901977
TSLA,stock,4,2026-07-07,2026-09-29,45.53285853987863,False,2,504,0.9933908350602536,47.01242937058593,0.9941862504400876,83.72547151282814,0.9979987941702544,0.9685280924530777,0.5438351999355685,-0.03197779040905792,-0.6091090193170887,-0.0007954153798339636,-0.004607959110000781
UNH,stock,1,2025-10-15,2026-01-09,108.05989125198512,False,2,504,0.96696706602921,108.51485269713346,0.9671281613500392,27.3006585354998,0.9920119032178734,0.995807380889894,3.9581422957791244,-0.004201432781144038,1.3757747979689836,-0.00016109532082919653,-0.02504483718866335
UNH,stock,2,2026-01-12,2026-04-08,50.29935529882015,False,2,126,0.9940692197306452,68.16105125359171,0.997406536428462,52.0458379878104,0.99450038798329,0.7379486433048471,0.9664433745999192,-0.30388104582091496,-0.034132570151581665,-0.0033373166978167834,-0.00043116825264477576
UNH,stock,3,2026-04-09,2026-07-06,131.63482752661494,False,2,126,0.99634596373139,129.87998218204123,0.9893559726200596,102.97098224323126,0.9732736530350016,1.0135112841493472,1.2783681835303449,0.013420820690410727,0.24558440799359227,0.0069899911113303625,0.023072310696388376
UNH,stock,4,2026-07-07,2026-09-29,81.22875919262249,False,2,504,0.9984207448001886,34.807382950981214,0.9951443229407696,131.91245908310972,0.9999442788023384,2.33366465117518,0.6157777647177768,0.847439843667892,-0.48486915210438436,0.0032764218594190098,-0.0015235340021497734
UPS,stock,1,2025-10-15,2026-01-09,75.58645047581217,False,4,252,0.9202042409080704,76.34337316042219,0.912719515025894,15.766424302192544,0.9932889989849502,0.9900852863414945,4.794140321677173,-0.009964191744320337,1.5673944058544094,0.007484725882176413,-0.07308475807687975
UPS,stock,2,2026-01-12,2026-04-08,27.8964558984974,False,3,504,0.9929044403912054,26.045526214025188,0.9935727706925004,18.260270509597703,0.9991759301819864,1.0710651675555516,1.5277131783910245,0.0686536370052888,0.42377196264743394,-0.0006683303012949837,-0.00627148979078096
UPS,stock,3,2026-04-09,2026-07-06,15.53281743041539,False,4,252,0.9798793205100754,56.1150107759628,0.9906164380045974,55.33147837538922,0.9929748431106598,0.2768032513159378,0.28072297879039143,-1.2844483092240169,-1.270386936512438,-0.010737117494521997,-0.01309552260058433
UPS,stock,4,2026-07-07,2026-09-29,6.104833330562221,False,3,504,0.9959126311340054,15.36251860240313,0.9997776259227572,18.55779920639976,0.9986410205129715,0.39738492681839643,0.3289632171716211,-0.9228498790794932,-1.111809336377031,-0.0038649947887517966,-0.002728389378966134
