noise_scope,comparator,horizon,n_series,n_seeds,geometric_rmsfe_ratio,ci95_low,ci95_high,series_win_rate,series_tie_rate,median_rmsfe_ratio,median_s_difference
all,aicc,1,3000,100,0.9946768035604888,0.976751362146464,1.0134517350476862,0.5336666666666666,0.013,0.9954853261441894,0.0019444444444445
all,aicc,3,3000,100,0.92419302937869,0.9029733461612924,0.945673993604939,0.66,0.018,0.9787883590828548,0.011111111111111
all,aicc,6,3000,100,0.8199139077751247,0.8007461653461942,0.8393175264982843,0.755,0.0133333333333333,0.9511862670102368,0.0111111111111111
all,aicc,12,3000,100,0.7015089687109064,0.681878564552807,0.720503376722305,0.8023333333333333,0.0143333333333333,0.9108508658167528,0.0119444444444445
all,cv,1,3000,100,0.9250300096728344,0.902224507207512,0.947638841361432,0.6303333333333333,0.0083333333333333,0.9702722411430096,0.0290277777777777
all,cv,3,3000,100,0.8323880869098665,0.8052325733849632,0.861557082671596,0.7493333333333333,0.0146666666666666,0.9422358849429378,0.0341666666666665
all,cv,6,3000,100,0.7079383713246208,0.6827481793096862,0.7343027539880874,0.8086666666666666,0.0113333333333333,0.8718998718388149,0.036111111111111
all,cv,12,3000,100,0.5740707743313748,0.5498985425435658,0.5969386394597879,0.8686666666666667,0.01,0.7502516288603257,0.0370833333333332
all,forecast_cv_1,1,3000,100,1.0,1.0,1.0,0.0,1.0,1.0,0.0
all,forecast_cv_1,3,3000,100,0.94667118439483,0.926036023771941,0.967382022817563,0.5753333333333334,0.0623333333333333,0.9977515784692186,0.0038888888888887
all,forecast_cv_1,6,3000,100,0.8613949180838131,0.8409884488399677,0.8804159827247412,0.6643333333333333,0.0406666666666666,0.9893131017107036,0.0047222222222222
all,forecast_cv_1,12,3000,100,0.7616444588962653,0.739897825150525,0.782986290874731,0.717,0.0373333333333333,0.9820943463962666,0.0049999999999998
all,gcv,1,3000,100,0.9121069504050954,0.8883594331210523,0.9356163589526032,0.643,0.0083333333333333,0.9665002767729118,0.0338888888888888
all,gcv,3,3000,100,0.8154774615390067,0.7867658893797692,0.8453862223748899,0.7556666666666667,0.013,0.9330430624297964,0.0395833333333333
all,gcv,6,3000,100,0.6882793372777136,0.6607690773579356,0.7163286441599543,0.807,0.0093333333333333,0.8654165318949087,0.0402777777777778
all,gcv,12,3000,100,0.5538905876234602,0.5284605887294892,0.5799485041757664,0.8636666666666667,0.0103333333333333,0.7412275173737805,0.0404166666666666
