direction,matched_control,horizon,seed,mean_excess_advantage_vs_frozen_local,mean_excess_advantage_vs_frozen_all_pre
high_to_low_roughness,stable_high_roughness,1,0,-0.10343227531417072,-0.049573889784972854
high_to_low_roughness,stable_high_roughness,1,1,0.00730833369927972,5.844129088934322e-05
high_to_low_roughness,stable_high_roughness,1,2,-0.39108257887912845,-0.05184478127185775
high_to_low_roughness,stable_high_roughness,1,3,-0.1506041005745336,-0.12508450569652566
high_to_low_roughness,stable_high_roughness,1,4,0.017256293954260253,0.018009879099833405
high_to_low_roughness,stable_high_roughness,1,5,0.02607630041996923,0.08497609129784833
high_to_low_roughness,stable_high_roughness,1,6,-0.9803471503491284,-0.25673974820724244
high_to_low_roughness,stable_high_roughness,1,7,-0.011480785732544154,-0.14546509599318552
high_to_low_roughness,stable_high_roughness,1,8,0.02072258157837919,0.021011751569001737
high_to_low_roughness,stable_high_roughness,1,9,-0.04387130741262161,-0.04314332334815344
high_to_low_roughness,stable_high_roughness,1,10,-0.015922630205039475,-0.020891697074253285
high_to_low_roughness,stable_high_roughness,1,11,-0.10446140798918968,0.026504789970237773
high_to_low_roughness,stable_high_roughness,1,12,-0.0335580647066264,-0.03305526800464707
high_to_low_roughness,stable_high_roughness,1,13,0.15475300087198376,0.08508482807908758
high_to_low_roughness,stable_high_roughness,1,14,-18.803589785255703,0.015510393126940691
high_to_low_roughness,stable_high_roughness,1,15,0.022216338664946527,0.015054646737168595
high_to_low_roughness,stable_high_roughness,1,16,0.03525092391770943,0.04470559142487627
high_to_low_roughness,stable_high_roughness,1,17,-0.06418363333517198,-0.03720262779171071
high_to_low_roughness,stable_high_roughness,1,18,0.08402023309132707,0.07000995360168649
high_to_low_roughness,stable_high_roughness,1,19,-0.029194433693445366,7.130589658750768e-05
high_to_low_roughness,stable_high_roughness,1,20,0.02247523075016556,0.040433200504092846
high_to_low_roughness,stable_high_roughness,1,21,-0.7330614417494716,0.036859139634690875
high_to_low_roughness,stable_high_roughness,1,22,-0.02018538625383478,-0.00800089411054664
high_to_low_roughness,stable_high_roughness,1,23,0.04113247213067896,0.0414962993370726
high_to_low_roughness,stable_high_roughness,1,24,-0.015545855606514475,-0.007707348219688886
high_to_low_roughness,stable_high_roughness,1,25,0.003999210083634919,-0.0013590674376694368
high_to_low_roughness,stable_high_roughness,1,26,-0.01277613237791653,0.009623553238659308
high_to_low_roughness,stable_high_roughness,1,27,-0.09794758326239983,-0.04259839910535622
high_to_low_roughness,stable_high_roughness,1,28,0.06659113923958829,0.06706321639279862
high_to_low_roughness,stable_high_roughness,1,29,-0.008072874143521156,-0.005168413726017895
high_to_low_roughness,stable_high_roughness,3,0,-0.0014634628983173422,0.02182021486725847
high_to_low_roughness,stable_high_roughness,3,1,0.04477563223325094,0.0390288482972307
high_to_low_roughness,stable_high_roughness,3,2,-0.9287448725040482,-0.05650026740988846
high_to_low_roughness,stable_high_roughness,3,3,-0.6332051560539121,-0.06157637783000778
high_to_low_roughness,stable_high_roughness,3,4,0.06130631966382567,0.05369492245441313
high_to_low_roughness,stable_high_roughness,3,5,0.04764265237754422,0.060251631930376345
high_to_low_roughness,stable_high_roughness,3,6,-0.027211102113762466,-0.01634167135650214
high_to_low_roughness,stable_high_roughness,3,7,0.09804285480684487,-0.05358975306180469
high_to_low_roughness,stable_high_roughness,3,8,0.02842183026488167,0.03281361233494006
high_to_low_roughness,stable_high_roughness,3,9,-0.013036803523153442,0.036077747249515256
high_to_low_roughness,stable_high_roughness,3,10,0.045796308992087774,0.0435866784449373
high_to_low_roughness,stable_high_roughness,3,11,-0.09244868680144945,0.05582582790170001
high_to_low_roughness,stable_high_roughness,3,12,-0.010835716842961307,0.004335086420848404
high_to_low_roughness,stable_high_roughness,3,13,-0.03763727243558023,0.03093183853006708
high_to_low_roughness,stable_high_roughness,3,14,-20.740805444378456,-0.846218821635979
high_to_low_roughness,stable_high_roughness,3,15,0.0028713417605591087,0.005957600037288478
high_to_low_roughness,stable_high_roughness,3,16,0.026397937243620478,0.02186175602664672
high_to_low_roughness,stable_high_roughness,3,17,0.03158860559647251,0.007204738837947783
high_to_low_roughness,stable_high_roughness,3,18,0.03200891065182225,0.008400059955781114
high_to_low_roughness,stable_high_roughness,3,19,0.01953656457395415,0.030815102906407932
high_to_low_roughness,stable_high_roughness,3,20,0.007003248700168373,0.030994436416189798
high_to_low_roughness,stable_high_roughness,3,21,0.06753306641578977,0.04593933174833657
high_to_low_roughness,stable_high_roughness,3,22,0.03472685271391846,0.03493720049954959
high_to_low_roughness,stable_high_roughness,3,23,0.05901909927079694,0.062362758325810085
high_to_low_roughness,stable_high_roughness,3,24,0.013624543791534233,0.03979392042544065
high_to_low_roughness,stable_high_roughness,3,25,0.056860445343874536,0.05026282204112322
high_to_low_roughness,stable_high_roughness,3,26,0.02054792527958904,0.0231626723355722
high_to_low_roughness,stable_high_roughness,3,27,0.015470621150332023,-0.013730453030942408
high_to_low_roughness,stable_high_roughness,3,28,0.05485602010484454,0.05614046540296998
high_to_low_roughness,stable_high_roughness,3,29,0.010165626044955616,0.029853470155702
high_to_low_roughness,stable_high_roughness,6,0,0.021873611839160572,0.05912389750316812
high_to_low_roughness,stable_high_roughness,6,1,0.05056854915991368,0.04414586948796276
high_to_low_roughness,stable_high_roughness,6,2,-1.3236939998317692,-0.10858515436433806
high_to_low_roughness,stable_high_roughness,6,3,0.009764647521338123,0.004004507391000701
high_to_low_roughness,stable_high_roughness,6,4,0.0802439284762856,0.07363659204035877
high_to_low_roughness,stable_high_roughness,6,5,0.029012213889292156,0.04502250515848232
high_to_low_roughness,stable_high_roughness,6,6,-1.6229787965489335,-0.050079012619126693
high_to_low_roughness,stable_high_roughness,6,7,0.13976506351329368,-0.09214080692455531
high_to_low_roughness,stable_high_roughness,6,8,0.04456533044966225,0.0550004670092237
high_to_low_roughness,stable_high_roughness,6,9,0.0582829370737546,0.10549446040040773
high_to_low_roughness,stable_high_roughness,6,10,0.04363447058098156,0.04324249905890288
high_to_low_roughness,stable_high_roughness,6,11,-0.1592515694368934,0.0668679163349391
high_to_low_roughness,stable_high_roughness,6,12,0.009064865683949819,0.02820736422270081
high_to_low_roughness,stable_high_roughness,6,13,-0.05267861655114194,0.06614221106079046
high_to_low_roughness,stable_high_roughness,6,14,-20.683607790591317,-1.2541687106849575
high_to_low_roughness,stable_high_roughness,6,15,0.014318861753696038,0.01875662547658407
high_to_low_roughness,stable_high_roughness,6,16,-0.020466775377778672,-0.0006006142830956972
high_to_low_roughness,stable_high_roughness,6,17,0.05491017072105363,0.02650491469153395
high_to_low_roughness,stable_high_roughness,6,18,0.12369235700835365,0.08626683059966947
high_to_low_roughness,stable_high_roughness,6,19,0.028253252466101948,0.0354315775705682
high_to_low_roughness,stable_high_roughness,6,20,0.019965081369006085,0.049313598756652935
high_to_low_roughness,stable_high_roughness,6,21,0.05134147272948905,0.017375381168467114
high_to_low_roughness,stable_high_roughness,6,22,0.028515948300828462,0.028372900331016415
high_to_low_roughness,stable_high_roughness,6,23,0.10692178680091051,0.11017398998330204
high_to_low_roughness,stable_high_roughness,6,24,0.04417018730956066,0.08420288160956982
high_to_low_roughness,stable_high_roughness,6,25,0.08577370331720477,0.07917334095851411
high_to_low_roughness,stable_high_roughness,6,26,0.029626336806823392,0.03732472889830122
high_to_low_roughness,stable_high_roughness,6,27,-0.0011028672085108442,-0.027787630448767003
high_to_low_roughness,stable_high_roughness,6,28,0.06698721494123726,0.06746876739664256
high_to_low_roughness,stable_high_roughness,6,29,0.021307091251756036,0.036116476377133985
high_to_low_roughness,stable_high_roughness,12,0,0.036283302635054124,0.04409511737972093
high_to_low_roughness,stable_high_roughness,12,1,0.2543772216582627,0.24854551300309136
high_to_low_roughness,stable_high_roughness,12,2,-1.0666181890981583,-0.09097482616214732
high_to_low_roughness,stable_high_roughness,12,3,-1.3315811276331688,0.12739560159894686
high_to_low_roughness,stable_high_roughness,12,4,0.06005019412404854,0.046647913213556505
high_to_low_roughness,stable_high_roughness,12,5,0.3157564337553837,0.35280633707840764
high_to_low_roughness,stable_high_roughness,12,6,-3.104383621335222,1.0484045245673606
high_to_low_roughness,stable_high_roughness,12,7,-0.18570648709336018,-0.17346484008284946
high_to_low_roughness,stable_high_roughness,12,8,0.09790993984890245,0.10238415300676523
high_to_low_roughness,stable_high_roughness,12,9,0.30967975661851727,0.3473768838467286
high_to_low_roughness,stable_high_roughness,12,10,0.2615711463130042,0.2409981494760983
high_to_low_roughness,stable_high_roughness,12,11,-0.2700312866821844,0.12181071971267995
high_to_low_roughness,stable_high_roughness,12,12,0.07881602338172974,0.09368422010564349
high_to_low_roughness,stable_high_roughness,12,13,0.019509892932706968,0.10991598397516807
high_to_low_roughness,stable_high_roughness,12,14,-20.25010005146558,-1.9977162249931204
high_to_low_roughness,stable_high_roughness,12,15,0.11581179401158706,0.11388344348880387
high_to_low_roughness,stable_high_roughness,12,16,-0.08943269038137594,-0.05233784310429593
high_to_low_roughness,stable_high_roughness,12,17,0.10453980615460218,0.1314857944671447
high_to_low_roughness,stable_high_roughness,12,18,0.1557834344513299,-0.2020509695963784
high_to_low_roughness,stable_high_roughness,12,19,0.018277348136237263,0.022780700435079713
high_to_low_roughness,stable_high_roughness,12,20,-0.05228522205842554,0.14110416351671481
high_to_low_roughness,stable_high_roughness,12,21,0.15312353274938043,0.0850908327427247
high_to_low_roughness,stable_high_roughness,12,22,0.15021256474807618,0.15584530686606568
high_to_low_roughness,stable_high_roughness,12,23,0.2072049543192662,0.2104636559775707
high_to_low_roughness,stable_high_roughness,12,24,0.2498067022869853,0.3610266454346512
high_to_low_roughness,stable_high_roughness,12,25,0.17121564057745814,0.1558293741930537
high_to_low_roughness,stable_high_roughness,12,26,0.021687423210917545,0.03954672867974621
high_to_low_roughness,stable_high_roughness,12,27,-0.022616662209876685,0.010864282106921967
high_to_low_roughness,stable_high_roughness,12,28,0.0845519342327143,0.08483497387526552
high_to_low_roughness,stable_high_roughness,12,29,0.12091081189751711,0.13797847045356468
low_to_high_roughness,stable_low_roughness,1,0,0.30040873902225557,0.3263031418462664
low_to_high_roughness,stable_low_roughness,1,1,0.0031696221145677992,0.012291710264108573
low_to_high_roughness,stable_low_roughness,1,2,1.738779538736312,0.06148972641360757
low_to_high_roughness,stable_low_roughness,1,3,1.0528346078336512,1.4957807183952783
low_to_high_roughness,stable_low_roughness,1,4,-0.015869736128775836,0.29140053213593115
low_to_high_roughness,stable_low_roughness,1,5,-0.027106900483599417,-0.07003903645508265
low_to_high_roughness,stable_low_roughness,1,6,0.1503476221270192,0.5524325036709875
low_to_high_roughness,stable_low_roughness,1,7,0.051082521173430186,0.051082521173430186
low_to_high_roughness,stable_low_roughness,1,8,0.13397560129489058,0.1883447685707445
low_to_high_roughness,stable_low_roughness,1,9,0.055477375038430685,0.23230641393550097
low_to_high_roughness,stable_low_roughness,1,10,-0.024652124467772103,0.008423541301650753
low_to_high_roughness,stable_low_roughness,1,11,0.17015642672193418,0.17015642672193418
low_to_high_roughness,stable_low_roughness,1,12,0.411726114726214,0.13741962010139505
low_to_high_roughness,stable_low_roughness,1,13,0.19336261484358014,0.1628772678634108
low_to_high_roughness,stable_low_roughness,1,14,1.3257857553278893,0.32414415869273755
low_to_high_roughness,stable_low_roughness,1,15,-0.004861905189961333,0.013735023272594482
low_to_high_roughness,stable_low_roughness,1,16,0.2185690684721459,0.36007358035730497
low_to_high_roughness,stable_low_roughness,1,17,0.4691369799954357,0.2509304368201984
low_to_high_roughness,stable_low_roughness,1,18,1.4865540446051941,0.3105097013194758
low_to_high_roughness,stable_low_roughness,1,19,0.02367237145366842,-0.028694777354025668
low_to_high_roughness,stable_low_roughness,1,20,-0.034788834890153456,-0.03876793481854215
low_to_high_roughness,stable_low_roughness,1,21,5.754209865206221,0.8731536031619885
low_to_high_roughness,stable_low_roughness,1,22,-0.0015493665753794003,-0.0019285188417854787
low_to_high_roughness,stable_low_roughness,1,23,0.11922898331808325,0.0829470115955316
low_to_high_roughness,stable_low_roughness,1,24,3.704945748256624,0.020739316068855953
low_to_high_roughness,stable_low_roughness,1,25,-0.003804463704801392,0.09253481472718342
low_to_high_roughness,stable_low_roughness,1,26,0.12705530951904553,0.12705503571882187
low_to_high_roughness,stable_low_roughness,1,27,0.4798174542044264,0.12877489769069633
low_to_high_roughness,stable_low_roughness,1,28,0.8432758419403859,-0.05044029148080002
low_to_high_roughness,stable_low_roughness,1,29,-0.015005441543080724,-0.015008349362143219
low_to_high_roughness,stable_low_roughness,3,0,0.05345879220771142,0.053488634649487186
low_to_high_roughness,stable_low_roughness,3,1,-0.014697345373550257,0.03688096881043906
low_to_high_roughness,stable_low_roughness,3,2,1.7372883158682668,1.7367530342790398
low_to_high_roughness,stable_low_roughness,3,3,0.8438860709009337,1.0997701204635117
low_to_high_roughness,stable_low_roughness,3,4,0.0468563590103218,0.02439676034115808
low_to_high_roughness,stable_low_roughness,3,5,0.045151439363774026,-0.010340275083718136
low_to_high_roughness,stable_low_roughness,3,6,1.818183298426905,0.06270793758633553
low_to_high_roughness,stable_low_roughness,3,7,-0.025644895207065754,0.042440885190509876
low_to_high_roughness,stable_low_roughness,3,8,0.4221404872750439,0.2191442944001004
low_to_high_roughness,stable_low_roughness,3,9,0.28929854099866337,0.08514617343901876
low_to_high_roughness,stable_low_roughness,3,10,-0.017412007723142255,0.03719611131523646
low_to_high_roughness,stable_low_roughness,3,11,0.15779814735407313,0.12493577460169089
low_to_high_roughness,stable_low_roughness,3,12,0.14314279327874002,0.1431428415345628
low_to_high_roughness,stable_low_roughness,3,13,0.2563592441060707,0.16094195086861673
low_to_high_roughness,stable_low_roughness,3,14,1.532581886828567,0.5919957144412354
low_to_high_roughness,stable_low_roughness,3,15,0.023232453275413494,0.17374386231725017
low_to_high_roughness,stable_low_roughness,3,16,0.39660172684411,0.34114439255232504
low_to_high_roughness,stable_low_roughness,3,17,0.36245459482135267,0.19364982822655863
low_to_high_roughness,stable_low_roughness,3,18,0.8537518536313191,0.5546869177929057
low_to_high_roughness,stable_low_roughness,3,19,0.030198884771398465,-0.007886568190463093
low_to_high_roughness,stable_low_roughness,3,20,0.011666681372175572,-0.0021169671851116964
low_to_high_roughness,stable_low_roughness,3,21,6.642648732983903,1.7874955747374677
low_to_high_roughness,stable_low_roughness,3,22,-0.021478746494875793,-0.014762191278635855
low_to_high_roughness,stable_low_roughness,3,23,0.050908603043374155,-0.004018416746169468
low_to_high_roughness,stable_low_roughness,3,24,2.023496146231415,0.09789844509844292
low_to_high_roughness,stable_low_roughness,3,25,-0.02697313662369083,-0.0032868046682515083
low_to_high_roughness,stable_low_roughness,3,26,0.042616161705333916,0.1035254140833417
low_to_high_roughness,stable_low_roughness,3,27,0.22478724994507004,0.22478724994507004
low_to_high_roughness,stable_low_roughness,3,28,0.023645998625200122,0.036862889671582674
low_to_high_roughness,stable_low_roughness,3,29,0.10306289306093656,0.07059294301102019
low_to_high_roughness,stable_low_roughness,6,0,0.018864245170097202,0.11141280494459775
low_to_high_roughness,stable_low_roughness,6,1,0.006433999975811231,0.05111071260742804
low_to_high_roughness,stable_low_roughness,6,2,1.9955684613967186,1.9955564544868496
low_to_high_roughness,stable_low_roughness,6,3,0.9093487180840065,1.0231313813491536
low_to_high_roughness,stable_low_roughness,6,4,0.06265660882086768,0.01721952967318983
low_to_high_roughness,stable_low_roughness,6,5,0.04833994604651211,0.004195895581416238
low_to_high_roughness,stable_low_roughness,6,6,2.3177799579792735,0.057441521204606334
low_to_high_roughness,stable_low_roughness,6,7,0.3752673451242595,0.18829256946476836
low_to_high_roughness,stable_low_roughness,6,8,0.38700369979982074,0.21970687668510058
low_to_high_roughness,stable_low_roughness,6,9,0.37289814925033976,0.04442391588519932
low_to_high_roughness,stable_low_roughness,6,10,-0.005572924622793139,0.03992897107374412
low_to_high_roughness,stable_low_roughness,6,11,0.23562911441265072,0.1720261553655815
low_to_high_roughness,stable_low_roughness,6,12,0.16072444408161538,0.16072406307018966
low_to_high_roughness,stable_low_roughness,6,13,0.311714931033065,0.1745955177112812
low_to_high_roughness,stable_low_roughness,6,14,2.1745069180145036,0.003967912474037705
low_to_high_roughness,stable_low_roughness,6,15,0.03471773405608607,0.27250744622383255
low_to_high_roughness,stable_low_roughness,6,16,0.46962352983837774,0.46962352983837774
low_to_high_roughness,stable_low_roughness,6,17,0.22914605519269238,0.17627939342144786
low_to_high_roughness,stable_low_roughness,6,18,0.5180132713713876,0.44715176057021294
low_to_high_roughness,stable_low_roughness,6,19,0.005987284358141078,-0.012066334154641764
low_to_high_roughness,stable_low_roughness,6,20,0.019442188238780106,0.005333422316973541
low_to_high_roughness,stable_low_roughness,6,21,5.822075641798215,3.082249190332558
low_to_high_roughness,stable_low_roughness,6,22,-0.08607949773780761,-0.08166201012173738
low_to_high_roughness,stable_low_roughness,6,23,-0.009073415313983474,-0.09122745062856821
low_to_high_roughness,stable_low_roughness,6,24,2.1439788759831773,0.19300048071299658
low_to_high_roughness,stable_low_roughness,6,25,-0.036003606965868386,-0.023703873430106787
low_to_high_roughness,stable_low_roughness,6,26,0.08025902705333791,0.14226342220658258
low_to_high_roughness,stable_low_roughness,6,27,0.24301749382164667,0.24301749382164667
low_to_high_roughness,stable_low_roughness,6,28,-0.0651578112108345,-0.028344383909078157
low_to_high_roughness,stable_low_roughness,6,29,0.11731932416718344,0.03273719821811493
low_to_high_roughness,stable_low_roughness,12,0,0.16087749719235372,-0.07145445112439527
low_to_high_roughness,stable_low_roughness,12,1,-0.521961787897989,-0.4703195299836046
low_to_high_roughness,stable_low_roughness,12,2,2.2349183143154208,2.234305785232727
low_to_high_roughness,stable_low_roughness,12,3,1.1591447329091005,1.2930295827055458
low_to_high_roughness,stable_low_roughness,12,4,0.16818854203212616,0.07087436091805129
low_to_high_roughness,stable_low_roughness,12,5,-0.11299257847527375,-0.15835452854214482
low_to_high_roughness,stable_low_roughness,12,6,5.030097859357416,-0.2471979463451581
low_to_high_roughness,stable_low_roughness,12,7,0.6863666943457537,0.1675786057130416
low_to_high_roughness,stable_low_roughness,12,8,0.4317194390093493,0.3299807776821729
low_to_high_roughness,stable_low_roughness,12,9,0.6041884208269976,-0.022538757257432585
low_to_high_roughness,stable_low_roughness,12,10,-0.014034850590066976,0.024438532277513195
low_to_high_roughness,stable_low_roughness,12,11,0.4175383031034943,0.26384486494121123
low_to_high_roughness,stable_low_roughness,12,12,0.20578422722421835,0.20578422722421835
low_to_high_roughness,stable_low_roughness,12,13,0.4162189339679714,0.36422372583920404
low_to_high_roughness,stable_low_roughness,12,14,2.693291284947654,4.365208624831875
low_to_high_roughness,stable_low_roughness,12,15,-0.08512371266501015,0.2360855349738749
low_to_high_roughness,stable_low_roughness,12,16,0.45554361548194555,0.4554750688967958
low_to_high_roughness,stable_low_roughness,12,17,0.6877985960352551,0.05406565605793172
low_to_high_roughness,stable_low_roughness,12,18,0.8311337134494582,0.7306125207372572
low_to_high_roughness,stable_low_roughness,12,19,-0.07301510068122188,-0.0911153464830378
low_to_high_roughness,stable_low_roughness,12,20,-0.08896917590296244,-0.09221056862766504
low_to_high_roughness,stable_low_roughness,12,21,6.465507008986444,6.113775736060219
low_to_high_roughness,stable_low_roughness,12,22,0.21232244009357387,-0.03955594451475839
low_to_high_roughness,stable_low_roughness,12,23,-0.19570516398865784,-0.24783652182667887
low_to_high_roughness,stable_low_roughness,12,24,2.050117057752419,0.1735189053379238
low_to_high_roughness,stable_low_roughness,12,25,-0.13196289616351378,-0.1126919744688234
low_to_high_roughness,stable_low_roughness,12,26,0.09417825612913748,0.012619290981765393
low_to_high_roughness,stable_low_roughness,12,27,0.7606608149125063,0.60400035864712
low_to_high_roughness,stable_low_roughness,12,28,-0.21992607175406828,-0.21162250362038265
low_to_high_roughness,stable_low_roughness,12,29,0.04438704878353047,-0.041215474815191146
