direction,horizon,relative_origin,transition_smoothness,start_reference_smoothness,target_reference_smoothness,mean_abs_smoothness_gap_to_target,mean_transition_order,mean_start_order,mean_target_order,mean_transition_window,mean_start_window,mean_target_window,order_match_target_share,window_match_target_share,discrete_config_match_target_share,mean_transition_window_post_fraction,reference_smoothness_shift,smoothness_progress
high_to_low_roughness,1,0,0.9417681982158396,0.9417681982158396,0.9812380854911881,0.043596336730293984,2.066666666666667,2.066666666666667,2.033333333333333,44.0,44.0,52.0,0.6,0.4666666666666667,0.4,0.0,0.0394698872753485,0.0
high_to_low_roughness,1,3,0.9220475657640538,0.9220551264219803,0.9662300904638917,0.04984575614476155,2.1,2.1,2.066666666666667,48.8,48.8,59.2,0.5333333333333333,0.5333333333333333,0.4,0.07430555555555556,0.04417496404191146,-0.00017115255417832068
high_to_low_roughness,1,6,0.9180683705060879,0.9179409247709506,0.9729046450421539,0.05816020646946361,2.1,2.1,2.0,48.8,48.8,52.0,0.5333333333333333,0.4,0.26666666666666666,0.15138888888888888,0.05496372027120333,0.002318724688003247
high_to_low_roughness,1,9,0.9299538191127701,0.9287392506225132,0.9525343240864124,0.05294126520418308,2.1333333333333333,2.1,1.9,45.6,45.6,52.0,0.4666666666666667,0.4,0.2,0.23541666666666666,0.023795073463899197,0.05104285524058607
high_to_low_roughness,1,12,0.9173457031613107,0.9178894750131158,0.9617132117412667,0.06091270207650005,2.066666666666667,2.1,1.8333333333333333,45.6,44.0,52.0,0.6333333333333333,0.5,0.3333333333333333,0.3138888888888889,0.043823736728150875,-0.012408158053208562
high_to_low_roughness,1,15,0.9159082081220055,0.9149477260423597,0.9499036419780164,0.06333220321168559,2.1,2.1,1.8333333333333333,42.4,42.4,48.0,0.6,0.43333333333333335,0.4,0.4340277777777778,0.03495591593565661,0.027476953583870596
high_to_low_roughness,1,18,0.9286677686767344,0.9322971468670462,0.9608526334919227,0.06269972616946178,2.2,2.2333333333333334,2.033333333333333,43.2,42.4,47.2,0.7,0.5333333333333333,0.4666666666666667,0.5,0.028555486624876503,-0.12709915393807564
high_to_low_roughness,1,21,0.902366615949404,0.9010094598547737,0.9552846251258019,0.06412648753053744,2.1333333333333333,2.066666666666667,2.066666666666667,44.8,40.8,47.2,0.7333333333333333,0.5333333333333333,0.4666666666666667,0.5541666666666667,0.05427516527102827,0.0250051029389463
high_to_low_roughness,1,24,0.9173314441883831,0.9112696098044807,0.9520149503866471,0.056470410097429244,2.2333333333333334,2.1333333333333333,2.1,44.0,40.8,52.0,0.6666666666666666,0.4666666666666667,0.4,0.6611111111111111,0.04074534058216639,0.1487736830099187
high_to_low_roughness,1,27,0.9190320955768713,0.9307212270372897,0.9835656579031574,0.06875203436367874,2.1,2.2333333333333334,2.2666666666666666,40.8,40.8,57.6,0.7,0.26666666666666666,0.16666666666666666,0.7270833333333333,0.052844430865867764,-0.22119892804008612
high_to_low_roughness,1,30,0.922219992629266,0.9221985577381668,0.9581222318593466,0.058636705497094564,2.1666666666666665,2.2,2.2,42.4,43.2,55.2,0.7666666666666667,0.36666666666666664,0.36666666666666664,0.7458333333333333,0.035923674121179805,0.0005966786979214843
high_to_low_roughness,1,33,0.9126325499071982,0.9021087344939075,0.9531119013753814,0.049606454881782294,2.1333333333333333,2.1666666666666665,2.2333333333333334,41.6,38.4,57.6,0.7666666666666667,0.4,0.3333333333333333,0.7847222222222222,0.05100316688147388,0.20633650921612362
high_to_low_roughness,1,36,0.9180138828027711,0.9351308711295646,0.9628852363550073,0.05831389512995384,2.2,2.2666666666666666,2.2333333333333334,44.8,40.0,54.4,0.8,0.5,0.36666666666666664,0.7833333333333333,0.027754365225442723,-0.6167313929811016
high_to_low_roughness,1,39,0.9485189600411894,0.9318715993973786,0.9650678301492703,0.034391139110533174,2.3,2.3,2.3,42.4,40.8,50.4,0.7666666666666667,0.5333333333333333,0.4666666666666667,0.8368055555555556,0.03319623075189171,0.5014834596202499
high_to_low_roughness,1,42,0.928918183391909,0.9241070020391794,0.9582214314541139,0.03807379657780447,2.2,2.1,2.2,45.6,37.6,54.4,0.7,0.5,0.4,0.8375,0.03411442941493448,0.14103068511599967
high_to_low_roughness,1,45,0.9348503972364987,0.9099090059576406,0.9521384186214527,0.039027430380646065,2.066666666666667,2.033333333333333,2.1,46.4,31.2,52.0,0.7,0.5666666666666667,0.4,0.8666666666666667,0.04222941266381208,0.5906165799040645
high_to_low_roughness,1,48,0.9468814122708227,0.9213280640356971,0.948145494060267,0.0500291187158035,2.2,2.033333333333333,2.2,46.4,40.8,52.8,0.6333333333333333,0.5,0.3333333333333333,0.9,0.026817430024569933,0.9528634254555254
high_to_low_roughness,1,51,0.9391337875788858,0.9157776747417236,0.9472455435841352,0.047839468327079665,2.1333333333333333,2.066666666666667,2.1333333333333333,48.8,40.0,51.2,0.7,0.5333333333333333,0.3333333333333333,0.9027777777777779,0.031467868842411595,0.7422209922803363
high_to_low_roughness,1,54,0.9403549017727535,0.9144348410077076,0.9589690641688624,0.063889276924824,2.1666666666666665,2.033333333333333,1.9666666666666666,50.4,40.8,50.4,0.5333333333333333,0.6666666666666666,0.43333333333333335,0.9166666666666666,0.04453422316115485,0.5820256630782507
high_to_low_roughness,1,57,0.9578478920205549,0.9397840946929799,0.9495793448186114,0.048479741560465056,2.066666666666667,2.1,1.9666666666666666,52.0,36.8,52.0,0.6666666666666666,0.5666666666666667,0.4666666666666667,0.9097222222222221,0.009795250125631538,1.8441384442350186
high_to_low_roughness,1,60,0.9614023618619388,0.9444512682327969,0.9600099218655603,0.039859958188621536,2.2,2.2,2.1333333333333333,48.0,37.6,47.2,0.6666666666666666,0.4666666666666667,0.4666666666666667,0.95,0.01555865363276343,1.0894961755203743
high_to_low_roughness,1,63,0.9600913864723498,0.951913985131355,0.9634111376966846,0.03542924753342889,2.1666666666666665,2.5,2.1666666666666665,49.6,47.2,52.8,0.5666666666666667,0.5333333333333333,0.4666666666666667,0.9583333333333334,0.011497152565329682,0.7112544862329035
high_to_low_roughness,1,66,0.9521647801454975,0.9437148335853769,0.9641735185269434,0.035808312829949666,2.2,2.433333333333333,2.2333333333333334,49.6,44.8,52.0,0.6333333333333333,0.6,0.5333333333333333,0.9694444444444444,0.02045868494156655,0.4130249126107141
high_to_low_roughness,1,69,0.9584403752826788,0.9390398729819663,0.977874127578984,0.032354373522091855,2.3,2.433333333333333,2.2666666666666666,54.4,53.6,56.8,0.6666666666666666,0.6,0.5333333333333333,0.9847222222222223,0.038834254597017615,0.4995718986248382
high_to_low_roughness,1,72,0.9683619479598036,0.941605218045045,0.978554835979999,0.02610710859216279,2.2666666666666666,2.3333333333333335,2.2,47.2,44.8,48.0,0.7333333333333333,0.7666666666666667,0.6333333333333333,1.0,0.03694961793495399,0.7241409088954858
high_to_low_roughness,1,75,0.9827698660180535,0.920467119963541,0.983351219957446,0.010033255610622231,2.3333333333333335,2.2333333333333334,2.2,47.2,44.0,46.4,0.6666666666666666,0.6666666666666666,0.5666666666666667,1.0,0.06288409999390498,0.9907551521060354
high_to_low_roughness,1,78,0.9855901203986718,0.9377318737781667,0.9806698143498263,0.016351632941255616,2.3,2.3666666666666667,2.1333333333333333,52.0,45.6,49.6,0.7333333333333333,0.6,0.5333333333333333,1.0,0.04293794057165956,1.1145911048210144
high_to_low_roughness,1,81,0.9873814543781204,0.933986519931299,0.9940918613453679,0.007755650254177267,2.1666666666666665,2.2333333333333334,2.1,52.8,43.2,52.8,0.8666666666666667,0.6666666666666666,0.6666666666666666,1.0,0.06010534141406887,0.8883558963417394
high_to_low_roughness,1,84,0.988459747820076,0.9320790155154905,0.9899154752490487,0.01207751909464702,2.1666666666666665,2.3,2.066666666666667,48.0,46.4,48.8,0.7666666666666667,0.7,0.6333333333333333,1.0,0.05783645973355811,0.9748302811811274
high_to_low_roughness,1,87,0.9824953238841949,0.9237730259263093,0.9790835968043581,0.020438288552227714,2.1333333333333333,2.2,2.066666666666667,48.8,48.0,48.0,0.7333333333333333,0.6666666666666666,0.6,1.0,0.055310570878048804,1.0616830928640957
high_to_low_roughness,1,90,0.9747374609079448,0.9141914186763523,0.9720266579901524,0.018591226516222463,2.1333333333333333,2.2666666666666666,2.033333333333333,52.0,47.2,48.8,0.7666666666666667,0.5666666666666667,0.5666666666666667,1.0,0.05783523931380008,1.046871128224856
high_to_low_roughness,1,93,0.9809822443915387,0.9009450983043228,0.9402706231929022,0.05399691297150109,2.2333333333333334,2.2333333333333334,1.9666666666666666,49.6,48.0,44.0,0.6666666666666666,0.7,0.6,1.0,0.03932552488857943,2.0352467338702853
high_to_low_roughness,1,96,0.9803075842006005,0.9035802269034698,0.9476655496913963,0.04626836444289747,2.2,2.3333333333333335,2.033333333333333,53.6,49.6,49.6,0.6666666666666666,0.7,0.6333333333333333,1.0,0.04408532278792643,1.7404286153518613
high_to_low_roughness,1,99,0.9897218087664625,0.9316707933519368,0.987647826263619,0.007863166244407815,2.1666666666666665,2.2333333333333334,2.1666666666666665,47.2,42.4,51.2,0.7333333333333333,0.7333333333333333,0.6666666666666666,1.0,0.05597703291168221,1.03705059727113
high_to_low_roughness,1,102,0.9858905105429457,0.9281446943408509,0.9813312909675134,0.009728948686834682,2.2333333333333334,2.1666666666666665,2.1333333333333333,55.2,40.8,56.0,0.8666666666666667,0.8333333333333334,0.7666666666666667,1.0,0.053186596626662475,1.0857212129483547
high_to_low_roughness,1,105,0.9858256197081567,0.9423528870849054,0.9771329905158068,0.009543648784070954,2.3,2.2666666666666666,2.2,56.0,39.2,55.2,0.9,0.8666666666666667,0.8333333333333334,1.0,0.03478010343090143,1.249931090907185
high_to_low_roughness,1,108,0.9877817280002276,0.936144829162667,0.9785181188431131,0.01103837421799286,2.3,2.2666666666666666,2.2,53.6,41.6,52.8,0.9,0.8666666666666667,0.8666666666666667,1.0,0.04237328968044618,1.2186190693943046
high_to_low_roughness,1,111,0.9592742464410858,0.9168247550479625,0.946415260918401,0.02262085927101759,2.2,2.2,2.1333333333333333,52.0,40.0,48.0,0.7666666666666667,0.8666666666666667,0.7333333333333333,1.0,0.029590505870438544,1.4345645721295759
high_to_low_roughness,1,114,0.9893608151541539,0.9408051812312453,0.9411634815750918,0.0509359760773018,2.2666666666666666,2.433333333333333,2.1666666666666665,53.6,42.4,54.4,0.7666666666666667,0.7666666666666667,0.7333333333333333,1.0,0.0003583003438464294,135.51657082338687
high_to_low_roughness,1,117,0.9730457411674315,0.9240933036113392,0.9447158310710422,0.04897832055436566,2.2666666666666666,2.3333333333333335,2.1666666666666665,58.4,41.6,54.4,0.8333333333333334,0.8666666666666667,0.8,1.0,0.020622527459702944,2.3737360831133243
high_to_low_roughness,3,0,0.9614514130841502,0.9614514130841502,0.9829688736099058,0.02798591837478487,2.066666666666667,2.066666666666667,2.0,41.6,41.6,51.2,0.6,0.4,0.26666666666666666,0.0,0.02151746052575565,0.0
high_to_low_roughness,3,3,0.9597840006618725,0.9596951474485348,0.9791203660859202,0.03208933246331872,2.033333333333333,2.033333333333333,1.9333333333333333,44.8,44.8,51.2,0.5333333333333333,0.3333333333333333,0.16666666666666666,0.08611111111111111,0.019425218637385444,0.004574116512991562
high_to_low_roughness,3,6,0.9434299555659382,0.9434881094168012,0.9820036625720764,0.043167373212036994,1.9666666666666666,2.0,1.9666666666666666,45.6,45.6,54.4,0.5666666666666667,0.26666666666666666,0.13333333333333333,0.16805555555555557,0.03851555315527522,-0.0015098796745432682
high_to_low_roughness,3,9,0.9529728882266554,0.9607520828447963,0.9837528900322412,0.03610010451588172,2.033333333333333,2.1,1.9666666666666666,44.8,44.0,56.0,0.6333333333333333,0.3,0.16666666666666666,0.25833333333333336,0.023000807187444905,-0.3382139833069522
high_to_low_roughness,3,12,0.9640311658060914,0.9603876817128815,0.9668512273804929,0.0379359457111365,2.1666666666666665,2.2333333333333334,1.8666666666666667,44.8,44.8,55.2,0.6,0.3333333333333333,0.23333333333333334,0.3444444444444444,0.006463545667611426,0.5636974318085615
high_to_low_roughness,3,15,0.9315088193240677,0.9430325732714074,0.9666754075829734,0.054550450316965614,2.1,2.2666666666666666,1.9333333333333333,48.0,46.4,52.8,0.6,0.36666666666666664,0.23333333333333334,0.3958333333333333,0.023642834311565997,-0.4874100031950209
high_to_low_roughness,3,18,0.9506666511965949,0.9593976217222253,0.9670331714688074,0.04880814151307984,2.1333333333333333,2.3,1.9666666666666666,48.0,47.2,52.8,0.5666666666666667,0.3,0.13333333333333333,0.4666666666666667,0.007635549746582093,-1.143463249589682
high_to_low_roughness,3,21,0.9521191122484773,0.9481474957100374,0.969558966662541,0.050989036126162325,2.1666666666666665,2.1333333333333333,2.033333333333333,54.4,48.0,59.2,0.5666666666666667,0.43333333333333335,0.23333333333333334,0.4763888888888889,0.02141147095250362,0.1854901303721741
high_to_low_roughness,3,24,0.968957652202032,0.9541190583840093,0.9803162781884364,0.02935356845533774,2.2666666666666666,2.1666666666666665,1.9666666666666666,55.2,54.4,52.8,0.6666666666666666,0.36666666666666664,0.23333333333333334,0.538888888888889,0.02619721980442702,0.5664186478106777
high_to_low_roughness,3,27,0.9691130053863437,0.9567238910237218,0.9828937253471163,0.028520181751991953,2.2,2.1666666666666665,2.033333333333333,51.2,50.4,53.6,0.7,0.4,0.3,0.6208333333333333,0.02616983432339448,0.4734120288849778
high_to_low_roughness,3,30,0.9686454615159169,0.956995172772759,0.9874096462325164,0.0250277843006446,2.1333333333333333,2.033333333333333,2.066666666666667,48.8,48.0,53.6,0.6666666666666666,0.36666666666666664,0.23333333333333334,0.6791666666666667,0.03041447345975734,0.3830508116003672
high_to_low_roughness,3,33,0.9662562816011879,0.9598620571035766,0.9865404517911157,0.02584865101505196,2.1,2.066666666666667,2.033333333333333,48.0,44.0,53.6,0.8,0.26666666666666666,0.16666666666666666,0.7180555555555554,0.026678394687539075,0.23967800808486797
high_to_low_roughness,3,36,0.9636913298736618,0.953337462533811,0.9875467537131064,0.031773213114449764,2.066666666666667,1.9666666666666666,2.1,44.0,36.8,53.6,0.6333333333333333,0.3333333333333333,0.2,0.7916666666666666,0.03420929117929539,0.30266243417862115
high_to_low_roughness,3,39,0.9655009079692864,0.9531403765044445,0.989084376385415,0.02786213912560457,2.033333333333333,2.0,2.033333333333333,44.8,39.2,52.8,0.6666666666666666,0.23333333333333334,0.16666666666666666,0.8125,0.03594399988097052,0.3438830265350035
high_to_low_roughness,3,42,0.9710054372644975,0.9549854511621908,0.9876373105646378,0.025488984836119707,2.033333333333333,1.9666666666666666,2.1,45.6,40.0,51.2,0.6333333333333333,0.36666666666666664,0.26666666666666666,0.8319444444444444,0.03265185940244697,0.49063013241770076
high_to_low_roughness,3,45,0.9712235681660188,0.9517943109862013,0.9858537205586072,0.024898270025821782,2.0,1.9333333333333333,2.0,45.6,37.6,56.0,0.6666666666666666,0.23333333333333334,0.2,0.8604166666666667,0.03405940957240594,0.5704519668349938
high_to_low_roughness,3,48,0.9658724371302909,0.9555079371109092,0.9855950008092648,0.026673682844356266,1.9333333333333333,2.033333333333333,2.066666666666667,44.0,40.0,56.8,0.7333333333333333,0.43333333333333335,0.36666666666666664,0.9,0.030087063698355565,0.34448360010445944
high_to_low_roughness,3,51,0.9756007806330959,0.9546516503122046,0.9858560564765592,0.02365687981527186,1.9666666666666666,2.033333333333333,1.9666666666666666,44.8,41.6,52.8,0.7333333333333333,0.5666666666666667,0.43333333333333335,0.9125,0.031204406164354603,0.6713516742011227
high_to_low_roughness,3,54,0.9763591518433646,0.9538953977927423,0.9863845076419521,0.020877916139991456,1.9666666666666666,2.1,2.033333333333333,44.0,43.2,56.0,0.7333333333333333,0.43333333333333335,0.36666666666666664,0.9416666666666667,0.03248910984920972,0.6914241158001042
high_to_low_roughness,3,57,0.9801899309854786,0.9552916097366231,0.9876027951889981,0.018147870575424507,2.0,2.1,2.1,48.8,40.8,55.2,0.7,0.5333333333333333,0.4,0.9305555555555556,0.03231118545237499,0.7705790084846724
high_to_low_roughness,3,60,0.9702119589396382,0.9489769162986826,0.9855656451645487,0.03034295659980587,2.033333333333333,2.2333333333333334,2.066666666666667,48.0,46.4,56.0,0.6333333333333333,0.4666666666666667,0.36666666666666664,0.95,0.03658872886586606,0.5803711497823009
high_to_low_roughness,3,63,0.9688582287866064,0.9457498198776555,0.970348452328147,0.009200272383453644,2.0,2.2,2.066666666666667,47.2,41.6,56.8,0.7333333333333333,0.36666666666666664,0.3333333333333333,0.9625,0.024598632450491542,0.9394184394380499
high_to_low_roughness,3,66,0.9700619883866535,0.9492352434700886,0.9678700579374269,0.011948883578822933,2.0,2.3,2.066666666666667,45.6,47.2,57.6,0.6666666666666666,0.43333333333333335,0.3333333333333333,0.9777777777777777,0.01863481446733828,1.1176255579613343
high_to_low_roughness,3,69,0.9690082203267191,0.949358960960815,0.9683975592862308,0.010751286352702876,2.066666666666667,2.2666666666666666,2.1,52.0,44.0,58.4,0.8,0.5666666666666667,0.5666666666666667,0.9847222222222223,0.01903859832541588,1.0320748949082572
high_to_low_roughness,3,72,0.9671848349492348,0.9330144206090616,0.9643762325959232,0.0128674494600153,2.033333333333333,2.066666666666667,2.066666666666667,55.2,48.8,55.2,0.8,0.6333333333333333,0.5666666666666667,1.0,0.03136181198686161,1.0895548495249
high_to_low_roughness,3,75,0.9702338432451466,0.9395257021719611,0.9714462340459175,0.005881642769196305,2.033333333333333,2.066666666666667,2.1,54.4,44.8,57.6,0.8666666666666667,0.6,0.6,1.0,0.03192053187395638,0.9620184649316567
high_to_low_roughness,3,78,0.9752634168635843,0.9497128762576056,0.9724570795720662,0.01302645353906762,2.0,2.1333333333333333,2.066666666666667,56.8,45.6,56.0,0.8333333333333334,0.4666666666666667,0.4,1.0,0.022744203314460587,1.1233869242513272
high_to_low_roughness,3,81,0.9761495347412391,0.9454973617903758,0.9791230960630859,0.0043686502200888395,2.0,2.066666666666667,2.066666666666667,56.8,43.2,52.0,0.9,0.6666666666666666,0.6333333333333333,1.0,0.033625734272710095,0.9115688806159377
high_to_low_roughness,3,84,0.9770841112091126,0.9491895127493634,0.9803234702091418,0.006204902116162148,1.9666666666666666,2.1333333333333333,2.066666666666667,55.2,45.6,55.2,0.9333333333333333,0.6,0.6,1.0,0.031133957459778427,0.8959541521756742
high_to_low_roughness,3,87,0.9777727062383279,0.9371210101688774,0.9806249142414224,0.005650929977461483,1.9333333333333333,2.066666666666667,2.0,53.6,42.4,53.6,0.9333333333333333,0.6,0.6,1.0,0.04350390407254501,0.93443788404971
high_to_low_roughness,3,90,0.9811274480133165,0.9390412069287251,0.9719364678086592,0.01385810085026193,2.0,2.1,2.033333333333333,52.8,48.0,52.8,0.9,0.7666666666666667,0.7,1.0,0.03289526087993411,1.2794013471485737
high_to_low_roughness,3,93,0.9781028615908911,0.9456287051416367,0.9827238649978463,0.00648816706656743,1.9666666666666666,2.1666666666666665,2.066666666666667,56.8,43.2,56.8,0.9333333333333333,0.6666666666666666,0.6666666666666666,1.0,0.03709515985620959,0.8754284002315302
high_to_low_roughness,3,96,0.9783321356274741,0.9462550866937717,0.9815800348301124,0.00546931740893577,1.9666666666666666,2.1666666666666665,2.033333333333333,56.8,46.4,56.8,0.9333333333333333,0.7333333333333333,0.7333333333333333,1.0,0.035324948136340684,0.9080565047087231
high_to_low_roughness,3,99,0.981518010559507,0.944855907043766,0.9825887087836556,0.007825323239889903,2.0,2.1333333333333333,2.033333333333333,54.4,50.4,55.2,0.8333333333333334,0.6666666666666666,0.6666666666666666,1.0,0.03773280173988958,0.971624205604202
high_to_low_roughness,3,102,0.9817256043163666,0.9414429002764967,0.9819416070759696,0.00720806656145934,2.033333333333333,2.1333333333333333,2.033333333333333,55.2,50.4,56.8,0.8666666666666667,0.8333333333333334,0.8333333333333334,1.0,0.04049870679947287,0.9946664282226958
high_to_low_roughness,3,105,0.9826125805016807,0.94762889983738,0.9789765472218671,0.011015534026225515,2.066666666666667,2.066666666666667,2.033333333333333,52.8,42.4,52.8,0.8,0.7666666666666667,0.7333333333333333,1.0,0.03134764738448714,1.1159906271503133
high_to_low_roughness,3,108,0.9871317013172269,0.9508974542730257,0.9759036816388545,0.012045948047025235,2.2333333333333334,2.1333333333333333,2.1,54.4,48.0,54.4,0.8,0.7666666666666667,0.7333333333333333,1.0,0.025006227365828804,1.4490089414173513
high_to_low_roughness,3,111,0.9924663676407818,0.9504375367661273,0.9833369337164892,0.01109254016280636,2.1333333333333333,2.066666666666667,2.066666666666667,55.2,44.8,56.0,0.8,0.8333333333333334,0.7666666666666667,1.0,0.032899396950361925,1.2774954792656805
high_to_low_roughness,3,114,0.9942680870989207,0.9693925478604832,0.9804336334380451,0.014399186498280007,2.2,2.1666666666666665,2.1666666666666665,53.6,42.4,53.6,0.9,0.9,0.9,1.0,0.011041085577561893,2.252997593732127
high_to_low_roughness,3,117,0.9944945284784222,0.9598608773073447,0.9755701255320645,0.019925772515317366,2.2333333333333334,2.1666666666666665,2.066666666666667,54.4,45.6,53.6,0.8,0.8333333333333334,0.7666666666666667,1.0,0.015709248224719752,2.2046663644017492
high_to_low_roughness,6,0,0.9557428038146323,0.9557428038146323,0.9807141413487769,0.03521949039412379,2.1,2.1,2.1,50.4,50.4,53.6,0.5333333333333333,0.36666666666666664,0.2,0.0,0.0249713375341446,0.0
high_to_low_roughness,6,3,0.9503145400533343,0.9489239955557311,0.977783712443831,0.03490439222532308,2.033333333333333,2.0,2.033333333333333,51.2,51.2,52.8,0.6,0.4,0.2,0.07361111111111111,0.02885971688809985,0.04818288769064476
high_to_low_roughness,6,6,0.9422209191484342,0.9394906385057195,0.9782050217497631,0.04430460186412991,2.0,2.0,2.0,49.6,49.6,56.8,0.5666666666666667,0.26666666666666666,0.13333333333333333,0.15555555555555556,0.03871438324404364,0.07052367657528959
high_to_low_roughness,6,9,0.9488819020981462,0.9430869137949981,0.9822971265573356,0.03542169322333964,2.0,2.033333333333333,1.9666666666666666,49.6,49.6,54.4,0.6,0.26666666666666666,0.1,0.23333333333333334,0.03921021276233749,0.14779282984953124
high_to_low_roughness,6,12,0.943018034658987,0.9429432057244695,0.9813415086976659,0.04403897818546653,2.1,2.1333333333333333,1.9666666666666666,53.6,52.8,57.6,0.5666666666666667,0.26666666666666666,0.1,0.2861111111111111,0.03839830297319635,0.0019487562919049822
high_to_low_roughness,6,15,0.9582828172945647,0.9536592668417886,0.9847105170361289,0.031533197221053785,2.1333333333333333,2.2,1.9666666666666666,49.6,50.4,57.6,0.6666666666666666,0.3,0.16666666666666666,0.3888888888888889,0.031051250194340296,0.14890062151567746
high_to_low_roughness,6,18,0.9536664457268851,0.9356613469481092,0.9865114053406442,0.03545343784503578,2.1333333333333333,2.2,2.033333333333333,49.6,48.8,55.2,0.6666666666666666,0.3333333333333333,0.2,0.4583333333333333,0.05085005839253498,0.3540821652511436
high_to_low_roughness,6,21,0.9521066392941087,0.9548320704071727,0.9823128434885021,0.04177039652896093,2.1,2.1666666666666665,2.0,52.8,49.6,55.2,0.6666666666666666,0.36666666666666664,0.26666666666666666,0.49583333333333335,0.027480773081329457,-0.09917592583724187
high_to_low_roughness,6,24,0.9536469292779058,0.9529626302252666,0.9839144723385517,0.04182248254228319,2.2,2.1666666666666665,2.0,54.4,52.0,54.4,0.6333333333333333,0.3,0.23333333333333334,0.5444444444444444,0.030951842113285055,0.022108508118342748
high_to_low_roughness,6,27,0.9699671925457447,0.9510387135256801,0.9818735237984622,0.026821845185151752,2.2333333333333334,2.066666666666667,1.9666666666666666,50.4,46.4,56.8,0.7,0.3,0.2,0.6270833333333333,0.03083481027278201,0.6138672121739238
high_to_low_roughness,6,30,0.9638156474008183,0.9551140188677198,0.9610142332382219,0.05308170694997062,2.1,2.066666666666667,2.033333333333333,46.4,44.8,58.4,0.7333333333333333,0.3,0.23333333333333334,0.7,0.005900214370502033,1.4747987084337104
high_to_low_roughness,6,33,0.9542443115208269,0.9513856952862271,0.9640097878595137,0.05784865034210458,2.033333333333333,1.9666666666666666,2.0,47.2,42.4,59.2,0.7,0.36666666666666664,0.2,0.7256944444444444,0.012624092573286672,0.22644132384206542
high_to_low_roughness,6,36,0.9582525283683889,0.9545568315241671,0.9815687254565357,0.0367790881181536,2.033333333333333,2.0,2.0,42.4,39.2,60.8,0.7,0.26666666666666666,0.16666666666666666,0.8083333333333333,0.02701189393236858,0.1368173906455774
high_to_low_roughness,6,39,0.9643406531881072,0.9509681266139,0.9848882222593373,0.030344545922377,2.033333333333333,2.0,2.066666666666667,40.8,36.0,60.8,0.7,0.2,0.16666666666666666,0.8520833333333333,0.0339200956454373,0.3942361104752979
high_to_low_roughness,6,42,0.9651461157411575,0.9547475528361891,0.9645951290397378,0.04930423077899244,2.066666666666667,1.9666666666666666,2.033333333333333,44.0,37.6,56.0,0.6333333333333333,0.26666666666666666,0.2,0.8569444444444444,0.009847576203548702,1.0559515042108714
high_to_low_roughness,6,45,0.9670699306391582,0.9505362275147101,0.9598982089791136,0.05158798046246687,2.0,1.9333333333333333,2.0,44.8,38.4,60.0,0.6333333333333333,0.3333333333333333,0.2,0.8708333333333333,0.00936198146440348,1.7660474107231756
high_to_low_roughness,6,48,0.9653387702208733,0.9503904456361353,0.9588780452309735,0.053023732855702894,1.9666666666666666,1.9333333333333333,1.9333333333333333,45.6,38.4,58.4,0.7,0.3333333333333333,0.23333333333333334,0.9,0.008487599594838247,1.7611957795262758
high_to_low_roughness,6,51,0.9715059578189376,0.9521777432226455,0.9828754105185707,0.028112773820454885,2.0,2.0,1.9333333333333333,48.8,43.2,57.6,0.6666666666666666,0.43333333333333335,0.36666666666666664,0.8833333333333333,0.03069766729592527,0.6296313791523065
high_to_low_roughness,6,54,0.9722876969338656,0.9562021773820764,0.9848983223253412,0.025575379304461535,1.9666666666666666,2.033333333333333,2.0,46.4,40.0,55.2,0.7,0.36666666666666664,0.3333333333333333,0.925,0.02869614494326489,0.5605463585297584
high_to_low_roughness,6,57,0.974217875142083,0.9549694221076506,0.9844891104366904,0.02458652277954729,1.9666666666666666,2.1,2.066666666666667,44.8,39.2,58.4,0.6666666666666666,0.36666666666666664,0.3333333333333333,0.9444444444444444,0.02951968832903984,0.652054751387632
high_to_low_roughness,6,60,0.9795975981874946,0.9545834564467586,0.9852314879264699,0.016737255861347715,2.0,2.1,2.1,48.0,37.6,58.4,0.7,0.43333333333333335,0.3333333333333333,0.9444444444444445,0.03064803147971129,0.8161744990798233
high_to_low_roughness,6,63,0.9819157579517975,0.9462157678092847,0.9843006863135927,0.015380099192571132,2.033333333333333,2.1333333333333333,2.066666666666667,48.8,47.2,58.4,0.7,0.4666666666666667,0.3333333333333333,0.9625,0.03808491850430795,0.9373786670562158
high_to_low_roughness,6,66,0.9842469902288762,0.9336448990578708,0.9847626287655077,0.014629626674070051,2.033333333333333,2.1333333333333333,2.066666666666667,48.8,47.2,56.8,0.7,0.43333333333333335,0.3333333333333333,0.9694444444444444,0.05111772970763684,0.9899127261797296
high_to_low_roughness,6,69,0.9719639447592868,0.9545294594369056,0.9854288907794941,0.028565007743581405,2.033333333333333,2.2333333333333334,2.1,48.8,46.4,56.8,0.6666666666666666,0.5666666666666667,0.43333333333333335,0.9847222222222223,0.030899431342588546,0.5642332096368181
high_to_low_roughness,6,72,0.9864018917870875,0.9517343369645811,0.9841832879832284,0.013365796545204523,2.1,2.2,2.1333333333333333,51.2,46.4,55.2,0.7333333333333333,0.5666666666666667,0.4666666666666667,1.0,0.03244895101864731,1.0683721271169635
high_to_low_roughness,6,75,0.986796528721855,0.9366391421431318,0.9881182359700211,0.007740149831585471,2.033333333333333,2.066666666666667,2.1,51.2,47.2,59.2,0.8666666666666667,0.5666666666666667,0.5,1.0,0.05147909382688931,0.9743253590941069
high_to_low_roughness,6,78,0.9875092382133194,0.9427383844958711,0.9908738329987654,0.0048785563613433485,2.033333333333333,2.1333333333333333,2.1333333333333333,54.4,48.8,57.6,0.9,0.6,0.5666666666666667,1.0,0.04813544850289431,0.9301015179022643
high_to_low_roughness,6,81,0.9884350367200221,0.9574476866754373,0.9901445962054568,0.006313407003452646,2.033333333333333,2.2,2.1333333333333333,55.2,44.8,56.8,0.8333333333333334,0.6333333333333333,0.5666666666666667,1.0,0.03269690953001947,0.947714951963116
high_to_low_roughness,6,84,0.9865489608841785,0.952541780772353,0.9906774475288677,0.006563591560821865,2.033333333333333,2.1333333333333333,2.1,55.2,45.6,54.4,0.8666666666666667,0.7,0.6666666666666666,1.0,0.0381356667565147,0.8917421145132108
high_to_low_roughness,6,87,0.9870624938787415,0.9494002515466043,0.9914927419400765,0.006856070937258174,2.033333333333333,2.1,2.1,56.8,44.0,54.4,0.8666666666666667,0.6333333333333333,0.6,1.0,0.04209249039347218,0.8947496805268113
high_to_low_roughness,6,90,0.9853551715402182,0.9313353390235659,0.9921860863730958,0.008165953533110079,2.0,2.066666666666667,2.1333333333333333,55.2,43.2,55.2,0.8333333333333334,0.7333333333333333,0.7,1.0,0.06085074734952989,0.8877431234551577
high_to_low_roughness,6,93,0.984662156113399,0.9367363114196631,0.991855660062623,0.008846435208359893,2.033333333333333,2.1,2.1,56.0,43.2,53.6,0.9,0.6333333333333333,0.6333333333333333,1.0,0.055119348642959975,0.8694922177723738
high_to_low_roughness,6,96,0.9861934188241305,0.9464669940850834,0.9915876657012906,0.006004692343533768,2.0,2.1333333333333333,2.1,54.4,38.4,55.2,0.9333333333333333,0.7666666666666667,0.7666666666666667,1.0,0.04512067161620725,0.8804484356296114
high_to_low_roughness,6,99,0.9855425120060491,0.9431487703011592,0.9859042102343624,0.009783140247068781,2.033333333333333,2.066666666666667,2.033333333333333,54.4,45.6,53.6,0.8666666666666667,0.6666666666666666,0.6666666666666666,1.0,0.04275543993320319,0.9915402992255885
high_to_low_roughness,6,102,0.9883516225927859,0.9535819134652335,0.9851274849641255,0.012128804507351024,2.066666666666667,2.1333333333333333,2.0,56.0,45.6,55.2,0.8,0.7,0.7,1.0,0.03154557149889203,1.102205713051469
high_to_low_roughness,6,105,0.9879882205266559,0.9428638886813511,0.9857845885405271,0.012640949493154712,2.1,2.1,2.066666666666667,56.8,45.6,57.6,0.7666666666666667,0.7666666666666667,0.7,1.0,0.042920699859176015,1.0513419397483965
high_to_low_roughness,6,108,0.9884671921434681,0.9550433961690404,0.9867191765850236,0.012773567559655212,2.1333333333333333,2.1333333333333333,2.066666666666667,56.0,44.0,55.2,0.7333333333333333,0.7333333333333333,0.6333333333333333,1.0,0.03167578041598318,1.0551846090447854
high_to_low_roughness,6,111,0.9940826908492932,0.9608554845038824,0.9834532104790304,0.01129648746215547,2.2,2.1333333333333333,2.033333333333333,56.0,43.2,55.2,0.8,0.7666666666666667,0.7333333333333333,1.0,0.022597725975148086,1.470378319568641
high_to_low_roughness,6,114,0.9923960731973246,0.961540306584967,0.9859478249131773,0.009483255840710018,2.2,2.1333333333333333,2.1333333333333333,60.0,41.6,58.4,0.8333333333333334,0.8666666666666667,0.8,1.0,0.02440751832821031,1.2641910659427567
high_to_low_roughness,12,0,0.9345491293168291,0.9345491293168291,0.9727760885865038,0.048810318422701435,2.066666666666667,2.066666666666667,2.0,54.4,54.4,53.6,0.7333333333333333,0.36666666666666664,0.26666666666666666,0.0,0.038226959269674676,0.0
high_to_low_roughness,12,3,0.931137290714947,0.9311019928020655,0.9719232235326327,0.0537275973707028,2.033333333333333,2.033333333333333,2.0,55.2,55.2,56.0,0.7,0.43333333333333335,0.3,0.06597222222222222,0.040821230730567204,0.0008646949699890114
high_to_low_roughness,12,6,0.9448876552815281,0.9450479102617743,0.972359662124561,0.048973056762037136,2.033333333333333,2.033333333333333,2.033333333333333,56.0,56.0,56.8,0.7,0.4666666666666667,0.3333333333333333,0.1361111111111111,0.02731175186278678,-0.005867619955369519
high_to_low_roughness,12,9,0.9400334462384751,0.9363231867206668,0.9752763945182874,0.05006238580808869,2.033333333333333,2.066666666666667,2.033333333333333,55.2,56.8,56.8,0.7,0.43333333333333335,0.3,0.19791666666666666,0.03895320779762057,0.09524913935418877
high_to_low_roughness,12,12,0.9386897999696426,0.937040262319298,0.9752292697263873,0.04756745588786196,2.0,2.0,2.0,59.2,55.2,54.4,0.7,0.43333333333333335,0.3,0.24444444444444444,0.038189007407089304,0.04319404358329498
high_to_low_roughness,12,15,0.9435873074396129,0.9399298092550087,0.9724698460700402,0.03852443996602161,2.1,2.066666666666667,2.1,60.8,58.4,59.2,0.6333333333333333,0.36666666666666664,0.23333333333333334,0.2916666666666667,0.03254003681503148,0.11239993996917422
high_to_low_roughness,12,18,0.9260328103469521,0.9571900468055219,0.9624853398377152,0.046006240525362646,2.033333333333333,2.1333333333333333,2.0,49.6,53.6,57.6,0.6666666666666666,0.3,0.26666666666666666,0.4583333333333333,0.005295293032193338,-5.883949437575192
high_to_low_roughness,12,21,0.9645881905986009,0.9596195382812116,0.9610194629212896,0.049827031200303726,2.1333333333333333,2.2333333333333334,1.9666666666666666,48.0,49.6,57.6,0.6,0.26666666666666666,0.2,0.5444444444444444,0.0013999246400779874,3.549228419261557
high_to_low_roughness,12,24,0.958014547280592,0.9637740588482555,0.956803662174226,0.05849452230785846,2.1,2.2666666666666666,2.0,52.0,56.8,56.8,0.6666666666666666,0.3333333333333333,0.26666666666666666,0.5833333333333334,-0.006970396674029544,0.826281750810888
high_to_low_roughness,12,27,0.9526786036422364,0.9467817356984628,0.9540207545172394,0.06881890479987683,2.1666666666666665,2.1,1.9333333333333333,51.2,51.2,54.4,0.6,0.3333333333333333,0.2,0.6125,0.0072390188187766435,0.8145949183718495
high_to_low_roughness,12,30,0.9629443884993966,0.945867959135402,0.9520900526587326,0.061366066375269375,2.2,2.1,1.9,52.8,48.0,54.4,0.6,0.3,0.2,0.6333333333333333,0.006222093523330585,2.7444829139845246
high_to_low_roughness,12,33,0.9538210859111259,0.9518745739261388,0.9543102397213272,0.06885030813153428,2.033333333333333,2.066666666666667,2.033333333333333,51.2,48.8,59.2,0.7,0.3333333333333333,0.23333333333333334,0.6819444444444444,0.002435665795188391,0.7991703906309197
high_to_low_roughness,12,36,0.957866144688716,0.9410434144857127,0.952085832749567,0.0666729641850543,2.066666666666667,1.9666666666666666,2.033333333333333,51.2,44.8,59.2,0.6666666666666666,0.36666666666666664,0.23333333333333334,0.7166666666666667,0.011042418263854326,1.5234643174194853
high_to_low_roughness,12,39,0.9487939600658177,0.9413921368699607,0.9502641360095708,0.07472133938041726,2.033333333333333,1.9666666666666666,2.0,46.4,42.4,60.0,0.6,0.2,0.1,0.8027777777777777,0.00887199913961012,0.8342903419377811
high_to_low_roughness,12,42,0.9532261111391477,0.9456950677084107,0.9519951164605861,0.07160982690543669,2.033333333333333,2.0,2.0,44.0,42.4,60.0,0.6,0.2,0.13333333333333333,0.8625,0.00630004875217538,1.1953944686755835
high_to_low_roughness,12,45,0.9496652353076958,0.9426875394426372,0.9535189048497917,0.0760731097955293,1.9666666666666666,1.9666666666666666,2.0,44.8,41.6,58.4,0.6,0.23333333333333334,0.13333333333333333,0.8875,0.01083136540715457,0.6442120270865875
high_to_low_roughness,12,48,0.9509150126413621,0.9411208549091566,0.9561803788779037,0.0713658547772171,1.9,1.9,2.033333333333333,44.8,40.0,60.0,0.6666666666666666,0.2,0.16666666666666666,0.9222222222222223,0.015059523968747102,0.65036303621092
high_to_low_roughness,12,51,0.9648036321250516,0.942753099530471,0.9521707945747131,0.05596302229447824,1.9666666666666666,1.9333333333333333,1.9666666666666666,48.8,39.2,60.0,0.7333333333333333,0.3,0.23333333333333334,0.9027777777777779,0.009417695044242058,2.3413937795811486
high_to_low_roughness,12,54,0.966927273625633,0.9391909581671689,0.9508080202285876,0.05681720352113247,1.9666666666666666,1.9333333333333333,1.9666666666666666,52.0,42.4,60.8,0.7333333333333333,0.4,0.36666666666666664,0.8916666666666667,0.01161706206141866,2.3875499082146585
high_to_low_roughness,12,57,0.9707290564769468,0.9419828188947792,0.9857276656522763,0.02341189571316764,2.0,1.9666666666666666,2.066666666666667,52.0,44.8,56.8,0.7333333333333333,0.4,0.3333333333333333,0.9097222222222221,0.043744846757497124,0.6571342618143025
high_to_low_roughness,12,60,0.9755532236015668,0.9389177747667514,0.9835402249713489,0.022257461407534266,2.0,2.033333333333333,2.033333333333333,52.8,44.0,56.8,0.7,0.43333333333333335,0.36666666666666664,0.9277777777777778,0.04462245020459743,0.8210093499312341
high_to_low_roughness,12,63,0.9696393906054505,0.9492291062921203,0.9838344269789994,0.021795140252895844,1.9666666666666666,2.1666666666666665,2.066666666666667,54.4,46.4,56.8,0.7666666666666667,0.43333333333333335,0.4,0.9458333333333333,0.03460532068687905,0.5898019121975339
high_to_low_roughness,12,66,0.9758379981839743,0.9348033187691326,0.9836924430424312,0.019541097317090177,2.033333333333333,2.1333333333333333,2.1,55.2,48.8,58.4,0.7333333333333333,0.43333333333333335,0.3333333333333333,0.961111111111111,0.04888912427329861,0.8393416741410793
high_to_low_roughness,12,69,0.978570132179076,0.9366161660432296,0.9844958531947834,0.020573785227375258,2.033333333333333,2.1666666666666665,2.066666666666667,52.8,51.2,55.2,0.7,0.6333333333333333,0.4666666666666667,0.9833333333333333,0.047879687151553774,0.8762372653574214
high_to_low_roughness,12,72,0.9818933398555382,0.9231536517343624,0.9842427891221585,0.01952755739829726,2.066666666666667,2.1666666666666665,2.1,52.0,48.0,53.6,0.7,0.6666666666666666,0.4666666666666667,1.0,0.06108913738779609,0.9615406377126281
high_to_low_roughness,12,75,0.9830826966118179,0.9484054233019431,0.9833419485198037,0.01946979495856688,2.066666666666667,2.2333333333333334,2.1,52.8,51.2,56.0,0.7,0.5333333333333333,0.36666666666666664,1.0,0.034936525217860614,0.9925793447868915
high_to_low_roughness,12,78,0.9837512105053885,0.9450742981760474,0.9862869528507404,0.012270982315767183,2.1,2.066666666666667,2.1666666666666665,55.2,48.8,61.6,0.8,0.6,0.5,1.0,0.04121265467469304,0.9384717542374427
high_to_low_roughness,12,81,0.9863944573159016,0.9408070298732054,0.9884838978226426,0.007612101647351929,2.033333333333333,2.066666666666667,2.1666666666666665,53.6,50.4,61.6,0.8666666666666667,0.7333333333333333,0.6333333333333333,1.0,0.04767686794943715,0.9561749628990541
high_to_low_roughness,12,84,0.9830817539810273,0.9558150969335645,0.9896946430793019,0.009691406098727935,2.0,2.1666666666666665,2.1666666666666665,55.2,48.8,60.0,0.8333333333333334,0.7333333333333333,0.6333333333333333,1.0,0.033879546145737405,0.8048117566325005
high_to_low_roughness,12,87,0.9847443893587958,0.962749794070541,0.9895504746327258,0.009886590373736955,2.033333333333333,2.2,2.1666666666666665,56.0,46.4,58.4,0.8,0.5666666666666667,0.5,1.0,0.026800680562184875,0.8206730137774457
high_to_low_roughness,12,90,0.9859740543406711,0.964346327815805,0.9916456731563655,0.0073491720415907015,2.066666666666667,2.2,2.1666666666666665,55.2,46.4,56.0,0.8,0.7,0.6666666666666666,1.0,0.027299345340560555,0.792243412985156
high_to_low_roughness,12,93,0.9840426968864514,0.9619645274380058,0.991491654692966,0.008758112772772282,1.9666666666666666,2.1333333333333333,2.1333333333333333,56.8,48.0,56.0,0.8666666666666667,0.6666666666666666,0.6333333333333333,1.0,0.029527127254960206,0.7477249397750599
high_to_low_roughness,12,96,0.985283820275201,0.9269360754528684,0.9906474329287159,0.007358215448207964,2.033333333333333,2.066666666666667,2.1,56.0,44.8,56.0,0.9,0.7333333333333333,0.7333333333333333,1.0,0.06371135747584755,0.9158138695200737
high_to_low_roughness,12,99,0.9846909127660676,0.9315298912865582,0.9917192714175161,0.00947279560773124,2.066666666666667,2.033333333333333,2.1333333333333333,59.2,40.0,56.0,0.8333333333333334,0.7,0.6333333333333333,1.0,0.06018938013095798,0.8832292567865542
high_to_low_roughness,12,102,0.986377277583012,0.9359511792933776,0.9909983513178722,0.0064317984918203066,2.066666666666667,2.1,2.1333333333333333,56.8,44.0,56.8,0.9,0.8333333333333334,0.8,1.0,0.055047172024494606,0.916052477086308
high_to_low_roughness,12,105,0.9864816033309094,0.9368951287240943,0.9891717837175078,0.008294743009247773,2.066666666666667,2.1,2.1,58.4,47.2,56.8,0.8666666666666667,0.8,0.7666666666666667,1.0,0.052276654993413496,0.9485395462479886
high_to_low_roughness,12,108,0.9871277726182413,0.9462470704132709,0.9866881920481531,0.011843854839913985,2.1333333333333333,2.2,2.066666666666667,58.4,48.8,55.2,0.7666666666666667,0.6666666666666666,0.6,1.0,0.040441121634882116,1.0108696433807374
low_to_high_roughness,1,0,0.9812380854911881,0.9812380854911881,0.9417681982158396,0.043596336730293984,2.033333333333333,2.033333333333333,2.066666666666667,52.0,52.0,44.0,0.6,0.4666666666666667,0.4,0.0,-0.0394698872753485,-0.0
low_to_high_roughness,1,3,0.9662325169452368,0.9662300904638917,0.9220551264219803,0.04987663213250089,2.066666666666667,2.066666666666667,2.1,59.2,59.2,48.8,0.5333333333333333,0.5333333333333333,0.4,0.058333333333333334,-0.04417496404191146,-5.492888104611873e-05
low_to_high_roughness,1,6,0.9725406957375545,0.9729046450421539,0.9179409247709506,0.05809764027344347,2.033333333333333,2.0,2.1,52.8,52.0,48.8,0.5666666666666667,0.43333333333333335,0.3,0.1361111111111111,-0.05496372027120333,0.006621627917534844
low_to_high_roughness,1,9,0.96379905630263,0.9525343240864124,0.9287392506225132,0.05381888816737266,1.9333333333333333,1.9,2.1,52.0,52.0,45.6,0.5333333333333333,0.4,0.26666666666666666,0.21041666666666667,-0.023795073463899197,-0.4734060700971543
low_to_high_roughness,1,12,0.9640718149430411,0.9617132117412667,0.9178894750131158,0.06019407841804489,1.9333333333333333,1.8333333333333333,2.1,50.4,52.0,44.0,0.5666666666666667,0.4,0.23333333333333334,0.275,-0.043823736728150875,-0.0538202211373569
low_to_high_roughness,1,15,0.9522347009661949,0.9499036419780164,0.9149477260423597,0.06475607233042131,1.9666666666666666,1.8333333333333333,2.1,48.0,48.0,42.4,0.6,0.3333333333333333,0.26666666666666666,0.3680555555555555,-0.03495591593565661,-0.06668567896974345
low_to_high_roughness,1,18,0.9605873535571259,0.9608526334919227,0.9322971468670462,0.05914790937568428,2.1666666666666665,2.033333333333333,2.2333333333333334,48.0,47.2,42.4,0.6,0.5,0.4,0.43333333333333335,-0.028555486624876503,0.009289981231339128
low_to_high_roughness,1,21,0.9349090028813196,0.9552846251258019,0.9010094598547737,0.07984568807910035,2.1,2.066666666666667,2.066666666666667,46.4,47.2,40.8,0.5666666666666667,0.5666666666666667,0.36666666666666664,0.5444444444444444,-0.05427516527102827,0.37541336157586386
low_to_high_roughness,1,24,0.958309458485361,0.9520149503866471,0.9112696098044807,0.06327419165609464,2.2333333333333334,2.1,2.1333333333333333,50.4,52.0,40.8,0.6666666666666666,0.5,0.43333333333333335,0.5611111111111111,-0.04074534058216639,-0.15448412036268294
low_to_high_roughness,1,27,0.9701998417471576,0.9835656579031574,0.9307212270372897,0.05564179349706155,2.2666666666666666,2.2666666666666666,2.2333333333333334,50.4,57.6,40.8,0.7333333333333333,0.4,0.3333333333333333,0.6104166666666667,-0.052844430865867764,0.2529276205079321
low_to_high_roughness,1,30,0.9515590374315492,0.9581222318593466,0.9221985577381668,0.05772974411341152,2.2,2.2,2.2,48.0,55.2,43.2,0.7,0.43333333333333335,0.36666666666666664,0.6805555555555556,-0.035923674121179805,0.182698306572375
low_to_high_roughness,1,33,0.9420449340431685,0.9531119013753814,0.9021087344939075,0.053447528207164384,2.1666666666666665,2.2333333333333334,2.1666666666666665,49.6,57.6,38.4,0.7666666666666667,0.4666666666666667,0.4,0.7,-0.05100316688147388,0.2169858855614084
low_to_high_roughness,1,36,0.9681178336874642,0.9628852363550073,0.9351308711295646,0.048369155231370316,2.3,2.2333333333333334,2.2666666666666666,48.0,54.4,40.0,0.7333333333333333,0.6333333333333333,0.4666666666666667,0.75,-0.027754365225442723,-0.1885324088644646
low_to_high_roughness,1,39,0.9414627498150128,0.9650678301492703,0.9318715993973786,0.03758139168599619,2.2333333333333334,2.3,2.3,48.8,50.4,40.8,0.7666666666666667,0.6,0.5333333333333333,0.7756944444444444,-0.03319623075189171,0.711077125312259
low_to_high_roughness,1,42,0.9295817244022848,0.9582214314541139,0.9241070020391794,0.053896692999320185,2.3,2.2,2.1,50.4,54.4,37.6,0.6,0.5,0.4,0.7902777777777777,-0.03411442941493448,0.8395188646857825
low_to_high_roughness,1,45,0.9139898800664545,0.9521384186214527,0.9099090059576406,0.06654851210360069,2.1333333333333333,2.1,2.033333333333333,43.2,52.0,31.2,0.5666666666666667,0.4,0.36666666666666664,0.8833333333333333,-0.04222941266381208,0.9033641755498291
low_to_high_roughness,1,48,0.9298673939365372,0.948145494060267,0.9213280640356971,0.04704993492393864,2.2666666666666666,2.2,2.033333333333333,45.6,52.8,40.8,0.5666666666666667,0.5666666666666667,0.43333333333333335,0.8777777777777778,-0.026817430024569933,0.6815753823906175
low_to_high_roughness,1,51,0.9153357195386378,0.9472455435841352,0.9157776747417236,0.049162671652771356,2.2333333333333334,2.1333333333333333,2.066666666666667,48.8,51.2,40.0,0.5666666666666667,0.5,0.4,0.8930555555555556,-0.031467868842411595,1.014044649966575
low_to_high_roughness,1,54,0.8998797041879621,0.9589690641688624,0.9144348410077076,0.06361000930103347,2.066666666666667,1.9666666666666666,2.033333333333333,47.2,50.4,40.8,0.5666666666666667,0.6666666666666666,0.4,0.9,-0.04453422316115485,1.326830374183807
low_to_high_roughness,1,57,0.9371910228525626,0.9495793448186114,0.9397840946929799,0.03950168353308175,2.2333333333333334,1.9666666666666666,2.1,43.2,52.0,36.8,0.5333333333333333,0.7,0.5,0.9444444444444444,-0.009795250125631538,1.2647274757825597
low_to_high_roughness,1,60,0.9478011559719242,0.9600099218655603,0.9444512682327969,0.03956488064908504,2.3666666666666667,2.1333333333333333,2.2,43.2,47.2,37.6,0.6,0.7333333333333333,0.5666666666666667,0.9722222222222222,-0.01555865363276343,0.7846929549178305
low_to_high_roughness,1,63,0.9359258023005361,0.9634111376966846,0.951913985131355,0.03470556851115096,2.3,2.1666666666666665,2.5,47.2,52.8,47.2,0.7666666666666667,0.7666666666666667,0.6666666666666666,0.9583333333333334,-0.011497152565329682,2.3906210898715994
low_to_high_roughness,1,66,0.9249704401477159,0.9641735185269434,0.9437148335853769,0.05408307958641646,2.3,2.2333333333333334,2.433333333333333,48.0,52.0,44.8,0.7,0.7,0.6,0.9722222222222222,-0.02045868494156655,1.916207150713652
low_to_high_roughness,1,69,0.9008346334975953,0.977874127578984,0.9390398729819663,0.06533988659929317,2.2333333333333334,2.2666666666666666,2.433333333333333,46.4,56.8,53.6,0.6666666666666666,0.7666666666666667,0.6333333333333333,0.9902777777777778,-0.038834254597017615,1.9838025702006168
low_to_high_roughness,1,72,0.9256328941632098,0.978554835979999,0.941605218045045,0.04156403852095127,2.3,2.2,2.3333333333333335,47.2,48.0,44.8,0.7666666666666667,0.8,0.7,1.0,-0.03694961793495399,1.4322730456902928
low_to_high_roughness,1,75,0.9195321146836956,0.983351219957446,0.920467119963541,0.04597202063540128,2.2666666666666666,2.2,2.2333333333333334,44.8,46.4,44.0,0.7,0.7333333333333333,0.6333333333333333,1.0,-0.06288409999390498,1.0148687073510807
low_to_high_roughness,1,78,0.9260740521413005,0.9806698143498263,0.9377318737781667,0.04110968156725633,2.3333333333333335,2.1333333333333333,2.3666666666666667,48.8,49.6,45.6,0.8,0.7666666666666667,0.6666666666666666,1.0,-0.04293794057165956,1.2715039771739955
low_to_high_roughness,1,81,0.9045577664206819,0.9940918613453679,0.933986519931299,0.0620551773989947,2.2333333333333334,2.1,2.2333333333333334,46.4,52.8,43.2,0.7333333333333333,0.8,0.7,1.0,-0.06010534141406887,1.4896196048181625
low_to_high_roughness,1,84,0.9139569080611049,0.9899154752490487,0.9320790155154905,0.05310037008616253,2.2666666666666666,2.066666666666667,2.3,42.4,48.8,46.4,0.7,0.8,0.6666666666666666,1.0,-0.05783645973355811,1.3133336227333225
low_to_high_roughness,1,87,0.9063833221631248,0.9790835968043581,0.9237730259263093,0.051462910769557134,2.2,2.066666666666667,2.2,44.8,48.0,48.0,0.7666666666666667,0.8,0.7666666666666667,1.0,-0.055310570878048804,1.3144010898301173
low_to_high_roughness,1,90,0.9115830454401538,0.9720266579901524,0.9141914186763523,0.04466040056564173,2.3,2.033333333333333,2.2666666666666666,46.4,48.8,47.2,0.8,0.8,0.7333333333333333,1.0,-0.05783523931380008,1.0451000681789548
low_to_high_roughness,1,93,0.9001194503001716,0.9402706231929022,0.9009450983043228,0.04316979988515687,2.3,1.9666666666666666,2.2333333333333334,48.8,44.0,48.0,0.7666666666666667,0.7333333333333333,0.7,1.0,-0.03932552488857943,1.0209952189192768
low_to_high_roughness,1,96,0.8908078167734151,0.9476655496913963,0.9035802269034698,0.0506946748250445,2.3,2.033333333333333,2.3333333333333335,46.4,49.6,49.6,0.8,0.7666666666666667,0.7333333333333333,1.0,-0.04408532278792643,1.2897202361769404
low_to_high_roughness,1,99,0.8896841920753076,0.987647826263619,0.9316707933519368,0.08883220079489583,2.2333333333333334,2.1666666666666665,2.2333333333333334,44.0,51.2,42.4,0.7333333333333333,0.7666666666666667,0.6333333333333333,1.0,-0.05597703291168221,1.7500683600517664
low_to_high_roughness,1,102,0.8848680787053854,0.9813312909675134,0.9281446943408509,0.10636162277196025,2.1333333333333333,2.1333333333333333,2.1666666666666665,43.2,56.0,40.8,0.6666666666666666,0.8333333333333334,0.6666666666666666,1.0,-0.053186596626662475,1.813675218575104
low_to_high_roughness,1,105,0.9203806908208639,0.9771329905158068,0.9423528870849054,0.06178826552815952,2.3333333333333335,2.2,2.2666666666666666,41.6,55.2,39.2,0.8,0.8666666666666667,0.8,1.0,-0.03478010343090143,1.6317461449674584
low_to_high_roughness,1,108,0.9504848127537039,0.9785181188431131,0.936144829162667,0.023175036300836567,2.2666666666666666,2.2,2.2666666666666666,43.2,52.8,41.6,0.9333333333333333,0.9333333333333333,0.9333333333333333,1.0,-0.04237328968044618,0.6615796484252118
low_to_high_roughness,1,111,0.9296702429572237,0.946415260918401,0.9168247550479625,0.0320435598257399,2.2666666666666666,2.1333333333333333,2.2,42.4,48.0,40.0,0.9,0.8666666666666667,0.8666666666666667,1.0,-0.029590505870438544,0.565891574631913
low_to_high_roughness,1,114,0.9339914419763815,0.9411634815750918,0.9408051812312453,0.02015998905313312,2.3666666666666667,2.1666666666666665,2.433333333333333,41.6,54.4,42.4,0.9333333333333333,0.9666666666666667,0.9333333333333333,1.0,-0.0003583003438464294,20.016837052727656
low_to_high_roughness,1,117,0.9184137893435563,0.9447158310710422,0.9240933036113392,0.019967620420018185,2.3,2.1666666666666665,2.3333333333333335,40.0,54.4,41.6,0.9333333333333333,0.9,0.9,1.0,-0.020622527459702944,1.2754034043053573
low_to_high_roughness,3,0,0.9829688736099058,0.9829688736099058,0.9614514130841502,0.02798591837478487,2.0,2.0,2.066666666666667,51.2,51.2,41.6,0.6,0.4,0.26666666666666666,0.0,-0.02151746052575565,-0.0
low_to_high_roughness,3,3,0.9790359112479641,0.9791203660859202,0.9596951474485348,0.032232627461179934,1.9333333333333333,1.9333333333333333,2.033333333333333,51.2,51.2,44.8,0.5333333333333333,0.3333333333333333,0.16666666666666666,0.07083333333333333,-0.019425218637385444,0.004347690470449591
low_to_high_roughness,3,6,0.9612892838703048,0.9820036625720764,0.9434881094168012,0.05893226683438551,1.8666666666666667,1.9666666666666666,2.0,52.8,54.4,45.6,0.5666666666666667,0.26666666666666666,0.16666666666666666,0.1361111111111111,-0.03851555315527522,0.5378185435442593
low_to_high_roughness,3,9,0.9688942570382978,0.9837528900322412,0.9607520828447963,0.043421341647840984,2.033333333333333,1.9666666666666666,2.1,57.6,56.0,44.0,0.5666666666666667,0.26666666666666666,0.16666666666666666,0.175,-0.023000807187444905,0.646004849866924
low_to_high_roughness,3,12,0.958224352195962,0.9668512273804929,0.9603876817128815,0.04383177596861965,1.9666666666666666,1.8666666666666667,2.2333333333333334,56.8,55.2,44.8,0.5333333333333333,0.3333333333333333,0.2,0.2472222222222222,-0.006463545667611426,1.3346970267046774
low_to_high_roughness,3,15,0.9526856521944498,0.9666754075829734,0.9430325732714074,0.04420288284033836,1.9666666666666666,1.9333333333333333,2.2666666666666666,54.4,52.8,46.4,0.6666666666666666,0.4666666666666667,0.3,0.3333333333333333,-0.023642834311565997,0.5917122796770566
low_to_high_roughness,3,18,0.9556434375768875,0.9670331714688074,0.9593976217222253,0.04681435403402605,2.1666666666666665,1.9666666666666666,2.3,52.8,52.8,47.2,0.5333333333333333,0.5333333333333333,0.36666666666666664,0.4083333333333333,-0.007635549746582093,1.4916717551369867
low_to_high_roughness,3,21,0.9416883395212496,0.969558966662541,0.9481474957100374,0.06256701464298392,2.033333333333333,2.033333333333333,2.1333333333333333,53.6,59.2,48.0,0.5666666666666667,0.5,0.36666666666666664,0.4618055555555555,-0.02141147095250362,1.3016680265973284
low_to_high_roughness,3,24,0.9466380416195174,0.9803162781884364,0.9541190583840093,0.06385732280724911,2.1666666666666665,1.9666666666666666,2.1666666666666665,56.0,52.8,54.4,0.5,0.4666666666666667,0.23333333333333334,0.5,-0.02619721980442702,1.2855652935823279
low_to_high_roughness,3,27,0.9611001213018456,0.9828937253471163,0.9567238910237218,0.04209527982821922,2.033333333333333,2.033333333333333,2.1666666666666665,56.8,53.6,50.4,0.5333333333333333,0.5333333333333333,0.26666666666666666,0.54375,-0.02616983432339448,0.8327757744262173
low_to_high_roughness,3,30,0.962588440916024,0.9874096462325164,0.956995172772759,0.03410726875225502,2.066666666666667,2.066666666666667,2.033333333333333,52.8,53.6,48.0,0.6333333333333333,0.5,0.26666666666666666,0.6222222222222222,-0.03041447345975734,0.8160984719769789
low_to_high_roughness,3,33,0.9477595149870622,0.9865404517911157,0.9598620571035766,0.04851280823328679,2.0,2.033333333333333,2.066666666666667,52.0,53.6,44.0,0.5333333333333333,0.4,0.3333333333333333,0.6743055555555556,-0.026678394687539075,1.4536458155845204
low_to_high_roughness,3,36,0.9481744504570975,0.9875467537131064,0.953337462533811,0.053417689746880666,2.066666666666667,2.1,1.9666666666666666,51.2,53.6,36.8,0.5666666666666667,0.5,0.3,0.7166666666666667,-0.03420929117929539,1.1509242635181631
low_to_high_roughness,3,39,0.9485508588133433,0.989084376385415,0.9531403765044445,0.05100410755729126,2.066666666666667,2.033333333333333,2.0,48.0,52.8,39.2,0.6,0.5666666666666667,0.4,0.7791666666666667,-0.03594399988097052,1.127685224412961
low_to_high_roughness,3,42,0.9439595702101106,0.9876373105646378,0.9549854511621908,0.04703218735164542,2.033333333333333,2.1,1.9666666666666666,46.4,51.2,40.0,0.6,0.5666666666666667,0.4666666666666667,0.8166666666666667,-0.03265185940244697,1.337680032741227
low_to_high_roughness,3,45,0.9460438476081994,0.9858537205586072,0.9517943109862013,0.04446002913128525,2.1333333333333333,2.0,1.9333333333333333,46.4,56.0,37.6,0.6666666666666666,0.6,0.4666666666666667,0.8416666666666667,-0.03405940957240594,1.1688362614089696
low_to_high_roughness,3,48,0.9673793814867884,0.9855950008092648,0.9555079371109092,0.021309908946067855,2.2333333333333334,2.066666666666667,2.033333333333333,46.4,56.8,40.0,0.7666666666666667,0.7666666666666667,0.6666666666666666,0.8666666666666667,-0.030087063698355565,0.6054302774475127
low_to_high_roughness,3,51,0.965505565321548,0.9858560564765592,0.9546516503122046,0.01889073402377964,2.1666666666666665,1.9666666666666666,2.033333333333333,44.8,52.8,41.6,0.8,0.7666666666666667,0.6666666666666666,0.8930555555555556,-0.031204406164354603,0.652167230737368
low_to_high_roughness,3,54,0.9475801269900785,0.9863845076419521,0.9538953977927423,0.027739093765526624,2.1,2.033333333333333,2.1,47.2,56.0,43.2,0.7333333333333333,0.7,0.4666666666666667,0.9,-0.03248910984920972,1.1943811582396255
low_to_high_roughness,3,57,0.948212297587563,0.9876027951889981,0.9552916097366231,0.02739349358699913,2.066666666666667,2.1,2.1,39.2,55.2,40.8,0.6666666666666666,0.6666666666666666,0.5333333333333333,0.951388888888889,-0.03231118545237499,1.219097877405168
low_to_high_roughness,3,60,0.9389714224307184,0.9855656451645487,0.9489769162986826,0.026898579584061364,2.1,2.066666666666667,2.2333333333333334,45.6,56.0,46.4,0.7,0.8,0.6333333333333333,0.95,-0.03658872886586606,1.27345836212688
low_to_high_roughness,3,63,0.9281994170220694,0.970348452328147,0.9457498198776555,0.03513893001193411,2.033333333333333,2.066666666666667,2.2,43.2,56.8,41.6,0.7333333333333333,0.7333333333333333,0.5666666666666667,0.9625,-0.024598632450491542,1.713470673254251
low_to_high_roughness,3,66,0.9243709404882533,0.9678700579374269,0.9492352434700886,0.03926555859696932,2.033333333333333,2.066666666666667,2.3,41.6,57.6,47.2,0.7,0.8,0.6,0.975,-0.01863481446733828,2.334293025853066
low_to_high_roughness,3,69,0.9291068035449819,0.9683975592862308,0.949358960960815,0.03240692702358971,1.9666666666666666,2.1,2.2666666666666666,40.8,58.4,44.0,0.6666666666666666,0.7,0.5333333333333333,0.9902777777777777,-0.01903859832541588,2.063742039706628
low_to_high_roughness,3,72,0.9221586129630666,0.9643762325959232,0.9330144206090616,0.0462056995099629,1.9333333333333333,2.066666666666667,2.066666666666667,43.2,55.2,48.8,0.5666666666666667,0.6,0.5,1.0,-0.03136181198686161,1.3461473351904172
low_to_high_roughness,3,75,0.9327178030964288,0.9714462340459175,0.9395257021719611,0.027290715049564138,2.033333333333333,2.1,2.066666666666667,47.2,57.6,44.8,0.7,0.8666666666666667,0.7,1.0,-0.03192053187395638,1.2132764924599124
low_to_high_roughness,3,78,0.9415890785867663,0.9724570795720662,0.9497128762576056,0.020292767646322294,2.1333333333333333,2.066666666666667,2.1333333333333333,48.0,56.0,45.6,0.8,0.7333333333333333,0.7,1.0,-0.022744203314460587,1.357181017005516
low_to_high_roughness,3,81,0.9295779674325864,0.9791230960630859,0.9454973617903758,0.03245904503477174,2.033333333333333,2.066666666666667,2.066666666666667,48.8,52.0,43.2,0.7333333333333333,0.6666666666666666,0.6666666666666666,1.0,-0.033625734272710095,1.473428899089031
low_to_high_roughness,3,84,0.92302060447233,0.9803234702091418,0.9491895127493634,0.02821820237839919,2.033333333333333,2.066666666666667,2.1333333333333333,52.0,55.2,45.6,0.8333333333333334,0.7333333333333333,0.7,1.0,-0.031133957459778427,1.8405262424746556
low_to_high_roughness,3,87,0.9376678771298437,0.9806249142414224,0.9371210101688774,0.04300787444624299,2.1,2.0,2.066666666666667,45.6,53.6,42.4,0.7,0.7666666666666667,0.6333333333333333,1.0,-0.04350390407254501,0.9874294739144708
low_to_high_roughness,3,90,0.9375128734662435,0.9719364678086592,0.9390412069287251,0.03682054291181347,2.066666666666667,2.033333333333333,2.1,48.0,52.8,48.0,0.7666666666666667,0.7666666666666667,0.7,1.0,-0.03289526087993411,1.0464605971072836
low_to_high_roughness,3,93,0.9242398790134279,0.9827238649978463,0.9456287051416367,0.050238443134578564,2.1,2.066666666666667,2.1666666666666665,46.4,56.8,43.2,0.7333333333333333,0.8666666666666667,0.7333333333333333,1.0,-0.03709515985620959,1.5765934480702446
low_to_high_roughness,3,96,0.9302911145789778,0.9815800348301124,0.9462550866937717,0.04583351955401394,2.1333333333333333,2.033333333333333,2.1666666666666665,47.2,56.8,46.4,0.8,0.7333333333333333,0.7,1.0,-0.035324948136340684,1.451917779275402
low_to_high_roughness,3,99,0.9268223297765772,0.9825887087836556,0.944855907043766,0.04223614570533057,2.066666666666667,2.033333333333333,2.1333333333333333,50.4,55.2,50.4,0.7333333333333333,0.7333333333333333,0.7,1.0,-0.03773280173988958,1.4779283921587099
low_to_high_roughness,3,102,0.9304510946878355,0.9819416070759696,0.9414429002764967,0.040751767752993565,2.066666666666667,2.033333333333333,2.1333333333333333,54.4,56.8,50.4,0.8,0.8666666666666667,0.7666666666666667,1.0,-0.04049870679947287,1.2714112735274863
low_to_high_roughness,3,105,0.9331454129089184,0.9789765472218671,0.94762889983738,0.040800592487944536,2.033333333333333,2.033333333333333,2.066666666666667,46.4,52.8,42.4,0.7666666666666667,0.9,0.7333333333333333,1.0,-0.03134764738448714,1.4620278756749365
low_to_high_roughness,3,108,0.9275772124832147,0.9759036816388545,0.9508974542730257,0.03927606185738002,2.033333333333333,2.1,2.1333333333333333,48.0,54.4,48.0,0.8333333333333334,0.8,0.8,1.0,-0.025006227365828804,1.9325773715741845
low_to_high_roughness,3,111,0.9396094709092357,0.9833369337164892,0.9504375367661273,0.02943481895040855,2.033333333333333,2.066666666666667,2.066666666666667,44.0,56.0,44.8,0.8333333333333334,0.8333333333333334,0.8,1.0,-0.032899396950361925,1.3291265755791442
low_to_high_roughness,3,114,0.9520662123092708,0.9804336334380451,0.9693925478604832,0.0220101549404112,2.1,2.1666666666666665,2.1666666666666665,45.6,53.6,42.4,0.8666666666666667,0.8666666666666667,0.8666666666666667,1.0,-0.011041085577561893,2.5692601447111016
low_to_high_roughness,3,117,0.9476228500641104,0.9755701255320645,0.9598608773073447,0.03334140439376202,2.1,2.066666666666667,2.1666666666666665,47.2,53.6,45.6,0.8,0.8333333333333334,0.8,1.0,-0.015709248224719752,1.7790332846085402
low_to_high_roughness,6,0,0.9807141413487769,0.9807141413487769,0.9557428038146323,0.03521949039412379,2.1,2.1,2.1,53.6,53.6,50.4,0.5333333333333333,0.36666666666666664,0.2,0.0,-0.0249713375341446,-0.0
low_to_high_roughness,6,3,0.9784223524216592,0.977783712443831,0.9489239955557311,0.03692945677507038,2.066666666666667,2.033333333333333,2.0,52.8,52.8,51.2,0.5333333333333333,0.4,0.16666666666666666,0.06666666666666667,-0.02885971688809985,-0.022129114443653584
low_to_high_roughness,6,6,0.9786886746116188,0.9782050217497631,0.9394906385057195,0.04736642662785034,2.0,2.0,2.0,55.2,56.8,49.6,0.5666666666666667,0.3,0.16666666666666666,0.12916666666666668,-0.03871438324404364,-0.012492846878300998
low_to_high_roughness,6,9,0.9867189281737289,0.9822971265573356,0.9430869137949981,0.04693635827361455,2.0,1.9666666666666666,2.033333333333333,57.6,54.4,49.6,0.6,0.3,0.16666666666666666,0.17916666666666667,-0.03921021276233749,-0.11277168127586742
low_to_high_roughness,6,12,0.9860889051123198,0.9813415086976659,0.9429432057244695,0.04811619779146439,2.033333333333333,1.9666666666666666,2.1333333333333333,57.6,57.6,52.8,0.6666666666666666,0.3333333333333333,0.16666666666666666,0.23333333333333334,-0.03839830297319635,-0.12363557884232075
low_to_high_roughness,6,15,0.9846843331160018,0.9847105170361289,0.9536592668417886,0.03542926124004921,2.066666666666667,1.9666666666666666,2.2,58.4,57.6,50.4,0.7666666666666667,0.36666666666666664,0.26666666666666666,0.2881944444444445,-0.031051250194340296,0.0008432484992784966
low_to_high_roughness,6,18,0.9569418274944984,0.9865114053406442,0.9356613469481092,0.05165555336084159,2.066666666666667,2.033333333333333,2.2,55.2,55.2,48.8,0.6333333333333333,0.43333333333333335,0.26666666666666666,0.3875,-0.05085005839253498,0.5815052879169698
low_to_high_roughness,6,21,0.9557336361481411,0.9823128434885021,0.9548320704071727,0.05403250500066799,2.1333333333333333,2.0,2.1666666666666665,52.8,55.2,49.6,0.5666666666666667,0.6,0.36666666666666664,0.4861111111111111,-0.027480773081329457,0.9671928537708798
low_to_high_roughness,6,24,0.9555059709748674,0.9839144723385517,0.9529626302252666,0.055402121015037234,2.1333333333333333,2.0,2.1666666666666665,54.4,54.4,52.0,0.6,0.4666666666666667,0.3333333333333333,0.5333333333333333,-0.030951842113285055,0.9178290991440156
low_to_high_roughness,6,27,0.9662776762204194,0.9818735237984622,0.9510387135256801,0.049747169047588656,2.2,1.9666666666666666,2.066666666666667,57.6,56.8,46.4,0.5,0.36666666666666664,0.26666666666666666,0.5375,-0.03083481027278201,0.505787045228207
low_to_high_roughness,6,30,0.9613474702480402,0.9610142332382219,0.9551140188677198,0.039569436171991615,2.1,2.033333333333333,2.066666666666667,56.0,58.4,44.8,0.5666666666666667,0.5333333333333333,0.36666666666666664,0.5888888888888889,-0.005900214370502033,-0.05647879702208182
low_to_high_roughness,6,33,0.9669764071746331,0.9640097878595137,0.9513856952862271,0.030239433655002836,2.033333333333333,2.0,1.9666666666666666,56.8,59.2,42.4,0.7333333333333333,0.3333333333333333,0.26666666666666666,0.6201388888888889,-0.012624092573286672,-0.23499663820565334
low_to_high_roughness,6,36,0.9657355753534329,0.9815687254565357,0.9545568315241671,0.036967878426424385,2.066666666666667,2.0,2.0,54.4,60.8,39.2,0.6666666666666666,0.43333333333333335,0.26666666666666666,0.6833333333333333,-0.02701189393236858,0.5861547562249911
low_to_high_roughness,6,39,0.9653172123648807,0.9848882222593373,0.9509681266139,0.04482767100306367,2.066666666666667,2.066666666666667,2.0,52.0,60.8,36.0,0.6666666666666666,0.4666666666666667,0.3,0.7395833333333334,-0.0339200956454373,0.5769739006348926
low_to_high_roughness,6,42,0.9465530865306003,0.9645951290397378,0.9547475528361891,0.05125213297252181,1.9666666666666666,2.033333333333333,1.9666666666666666,47.2,56.0,37.6,0.6666666666666666,0.43333333333333335,0.3333333333333333,0.8069444444444444,-0.009847576203548702,1.8321302761420368
low_to_high_roughness,6,45,0.9370650959452079,0.9598982089791136,0.9505362275147101,0.06019352137644,2.066666666666667,2.0,1.9333333333333333,48.8,60.0,38.4,0.6333333333333333,0.6333333333333333,0.43333333333333335,0.8270833333333333,-0.00936198146440348,2.438918846477393
low_to_high_roughness,6,48,0.942745788906995,0.9588780452309735,0.9503904456361353,0.0485398188287341,2.1333333333333333,1.9333333333333333,1.9333333333333333,48.8,58.4,38.4,0.7,0.6,0.4666666666666667,0.8555555555555556,-0.008487599594838247,1.9006853638323598
low_to_high_roughness,6,51,0.9649191019675025,0.9828754105185707,0.9521777432226455,0.02097894484492775,2.2,1.9333333333333333,2.0,48.0,57.6,43.2,0.7333333333333333,0.7666666666666667,0.6,0.8736111111111112,-0.03069766729592527,0.5849404900368993
low_to_high_roughness,6,54,0.9635827773969485,0.9848983223253412,0.9562021773820764,0.019382635564992087,2.2333333333333334,2.0,2.033333333333333,49.6,55.2,40.0,0.7666666666666667,0.6333333333333333,0.5333333333333333,0.8833333333333333,-0.02869614494326489,0.742801688886631
low_to_high_roughness,6,57,0.9435593083741457,0.9844891104366904,0.9549694221076506,0.029741977505371095,2.1,2.066666666666667,2.1,44.0,58.4,39.2,0.7,0.6,0.43333333333333335,0.9375,-0.02951968832903984,1.3865255488581913
low_to_high_roughness,6,60,0.9448157886498769,0.9852314879264699,0.9545834564467586,0.028938375178500623,2.066666666666667,2.1,2.1,42.4,58.4,37.6,0.7,0.7666666666666667,0.6,0.95,-0.03064803147971129,1.31870457335401
low_to_high_roughness,6,63,0.959450078361517,0.9843006863135927,0.9462157678092847,0.04068283404848073,2.1333333333333333,2.066666666666667,2.1333333333333333,48.0,58.4,47.2,0.6666666666666666,0.7666666666666667,0.5666666666666667,0.95,-0.03808491850430795,0.6525052153981834
low_to_high_roughness,6,66,0.9391318038597883,0.9847626287655077,0.9336448990578708,0.04268904432204272,2.1,2.066666666666667,2.1333333333333333,44.8,56.8,47.2,0.7,0.7333333333333333,0.5666666666666667,0.9722222222222222,-0.05111772970763684,0.892661414477925
low_to_high_roughness,6,69,0.9363544759233773,0.9854288907794941,0.9545294594369056,0.02108557957720958,2.033333333333333,2.1,2.2333333333333334,40.0,56.8,46.4,0.7333333333333333,0.8333333333333334,0.7,0.9902777777777777,-0.030899431342588546,1.588197993419957
low_to_high_roughness,6,72,0.9389848297993986,0.9841832879832284,0.9517343369645811,0.025916153806107754,1.9666666666666666,2.1333333333333333,2.2,40.8,55.2,46.4,0.6333333333333333,0.5666666666666667,0.4666666666666667,1.0,-0.03244895101864731,1.3929096862901922
low_to_high_roughness,6,75,0.94222050876618,0.9881182359700211,0.9366391421431318,0.02926882064135208,2.033333333333333,2.1,2.066666666666667,45.6,59.2,47.2,0.7,0.6,0.5333333333333333,1.0,-0.05147909382688931,0.8915799364725246
low_to_high_roughness,6,78,0.9415203632549359,0.9908738329987654,0.9427383844958711,0.023539101374302,2.066666666666667,2.1333333333333333,2.1333333333333333,47.2,57.6,48.8,0.7333333333333333,0.6,0.6,1.0,-0.04813544850289431,1.0253040384751362
low_to_high_roughness,6,81,0.935336855533426,0.9901445962054568,0.9574476866754373,0.03025838849750463,2.1,2.1333333333333333,2.2,51.2,56.8,44.8,0.7333333333333333,0.6333333333333333,0.5333333333333333,1.0,-0.03269690953001947,1.6762361171079805
low_to_high_roughness,6,84,0.9355104401354436,0.9906774475288677,0.952541780772353,0.029028378349715948,2.1,2.1,2.1333333333333333,48.0,54.4,45.6,0.7,0.6666666666666666,0.5666666666666667,1.0,-0.0381356667565147,1.4465987377551202
low_to_high_roughness,6,87,0.9459645179188527,0.9914927419400765,0.9494002515466043,0.024396133985941322,2.1,2.1,2.1,43.2,54.4,44.0,0.7333333333333333,0.7666666666666667,0.6666666666666666,1.0,-0.04209249039347218,1.0816234343854467
low_to_high_roughness,6,90,0.9339046277954728,0.9921860863730958,0.9313353390235659,0.054246268018324564,2.1,2.1333333333333333,2.066666666666667,47.2,55.2,43.2,0.6333333333333333,0.7,0.5333333333333333,1.0,-0.06085074734952989,0.9577772026833337
low_to_high_roughness,6,93,0.940792696484481,0.991855660062623,0.9367363114196631,0.03859195266435247,2.1,2.1,2.1,46.4,53.6,43.2,0.8,0.8,0.7,1.0,-0.055119348642959975,0.9264072387521569
low_to_high_roughness,6,96,0.9457691900823809,0.9915876657012906,0.9464669940850834,0.05116619384622807,2.1333333333333333,2.1,2.1333333333333333,45.6,55.2,38.4,0.7333333333333333,0.7,0.6,1.0,-0.04512067161620725,1.0154652840418232
low_to_high_roughness,6,99,0.9325537934688712,0.9859042102343624,0.9431487703011592,0.054945806255573056,2.066666666666667,2.033333333333333,2.066666666666667,47.2,53.6,45.6,0.7333333333333333,0.8666666666666667,0.7,1.0,-0.04275543993320319,1.2478041823178634
low_to_high_roughness,6,102,0.9325432327235875,0.9851274849641255,0.9535819134652335,0.0477348976385288,2.033333333333333,2.0,2.1333333333333333,46.4,55.2,45.6,0.7666666666666667,0.9,0.7333333333333333,1.0,-0.03154557149889203,1.6669297699166705
low_to_high_roughness,6,105,0.9388259818646744,0.9857845885405271,0.9428638886813511,0.051285206680401735,2.033333333333333,2.066666666666667,2.1,48.0,57.6,45.6,0.8,0.9333333333333333,0.8,1.0,-0.042920699859176015,1.0940783079009706
low_to_high_roughness,6,108,0.9552581653484179,0.9867191765850236,0.9550433961690404,0.028275599399765056,2.1,2.066666666666667,2.1333333333333333,46.4,55.2,44.0,0.8333333333333334,0.9333333333333333,0.8333333333333334,1.0,-0.03167578041598318,0.9932197667569039
low_to_high_roughness,6,111,0.9525733708623974,0.9834532104790304,0.9608554845038824,0.02642050283974729,2.066666666666667,2.033333333333333,2.1333333333333333,47.2,55.2,43.2,0.8666666666666667,0.9,0.8666666666666667,1.0,-0.022597725975148086,1.366502083023455
low_to_high_roughness,6,114,0.9552114157832361,0.9859478249131773,0.961540306584967,0.03109955754896248,2.1,2.1333333333333333,2.1333333333333333,44.0,58.4,41.6,0.8333333333333334,0.8666666666666667,0.8333333333333334,1.0,-0.02440751832821031,1.2593008726502104
low_to_high_roughness,12,0,0.9727760885865038,0.9727760885865038,0.9345491293168291,0.048810318422701435,2.0,2.0,2.066666666666667,53.6,53.6,54.4,0.7333333333333333,0.36666666666666664,0.26666666666666666,0.0,-0.038226959269674676,-0.0
low_to_high_roughness,12,3,0.9718709567882835,0.9719232235326327,0.9311019928020655,0.05370537782281512,2.0,2.0,2.033333333333333,56.0,56.0,55.2,0.7,0.43333333333333335,0.3,0.0625,-0.040821230730567204,0.0012803813950194973
low_to_high_roughness,12,6,0.9722983453409877,0.972359662124561,0.9450479102617743,0.04906863949348926,2.033333333333333,2.033333333333333,2.033333333333333,56.8,56.8,56.0,0.7,0.4666666666666667,0.3333333333333333,0.12083333333333333,-0.02731175186278678,0.0022450695906071506
low_to_high_roughness,12,9,0.9752468527500285,0.9752763945182874,0.9363231867206668,0.053724098044738634,2.066666666666667,2.033333333333333,2.066666666666667,57.6,56.8,56.8,0.7,0.4666666666666667,0.3333333333333333,0.17916666666666667,-0.03895320779762057,0.0007583911551610845
low_to_high_roughness,12,12,0.9845231966142454,0.9752292697263873,0.937040262319298,0.05810640512129104,2.1333333333333333,2.0,2.0,57.6,54.4,55.2,0.5333333333333333,0.43333333333333335,0.23333333333333334,0.23888888888888887,-0.038189007407089304,-0.24336654757182083
low_to_high_roughness,12,15,0.9882116758765886,0.9724698460700402,0.9399298092550087,0.054343555827633123,2.1333333333333333,2.1,2.066666666666667,60.8,59.2,58.4,0.6,0.3333333333333333,0.2,0.2708333333333333,-0.03254003681503148,-0.4837680392321108
low_to_high_roughness,12,18,0.9566210372683586,0.9624853398377152,0.9571900468055219,0.0634482909741245,2.1,2.0,2.1333333333333333,59.2,57.6,53.6,0.5666666666666667,0.3,0.13333333333333333,0.3416666666666667,-0.005295293032193338,1.1074557222242405
low_to_high_roughness,12,21,0.9823112022408811,0.9610194629212896,0.9596195382812116,0.030354496457917483,2.1,1.9666666666666666,2.2333333333333334,56.0,57.6,49.6,0.6666666666666666,0.23333333333333334,0.16666666666666666,0.4375,-0.0013999246400779874,-15.209203917151832
low_to_high_roughness,12,24,0.9698633112641314,0.956803662174226,0.9637740588482555,0.036585270736046026,2.1666666666666665,2.0,2.2666666666666666,56.0,56.8,56.8,0.6,0.5,0.3,0.5,0.006970396674029544,1.8735876450996467
low_to_high_roughness,12,27,0.9788345447127565,0.9540207545172394,0.9467817356984628,0.0444652656229929,2.2,1.9333333333333333,2.1,56.8,54.4,51.2,0.6333333333333333,0.5,0.3333333333333333,0.5354166666666667,-0.0072390188187766435,-3.4277836287916306
low_to_high_roughness,12,30,0.9637589533345717,0.9520900526587326,0.945867959135402,0.058429334188978256,2.1,1.9,2.1,53.6,54.4,48.0,0.5666666666666667,0.5,0.3333333333333333,0.6152777777777778,-0.006222093523330585,-1.8753978274490757
low_to_high_roughness,12,33,0.9727621116891202,0.9543102397213272,0.9518745739261388,0.044690746839177495,2.1666666666666665,2.033333333333333,2.066666666666667,56.8,59.2,48.8,0.6,0.43333333333333335,0.3333333333333333,0.617361111111111,-0.002435665795188391,-7.57569942651585
low_to_high_roughness,12,36,0.9603223962843165,0.952085832749567,0.9410434144857127,0.062001493026236164,2.1,2.033333333333333,1.9666666666666666,55.2,59.2,44.8,0.5333333333333333,0.3333333333333333,0.26666666666666666,0.675,-0.011042418263854326,-0.7459021509546127
low_to_high_roughness,12,39,0.9723737685746873,0.9502641360095708,0.9413921368699607,0.051972763057783915,2.066666666666667,2.0,1.9666666666666666,50.4,60.0,42.4,0.5,0.3333333333333333,0.26666666666666666,0.757638888888889,-0.00887199913961012,-2.492068835580168
low_to_high_roughness,12,42,0.9713063488749403,0.9519951164605861,0.9456950677084107,0.04744376416942212,2.1,2.0,2.0,49.6,60.0,42.4,0.5666666666666667,0.4666666666666667,0.26666666666666666,0.8,-0.00630004875217538,-3.065251266140772
low_to_high_roughness,12,45,0.9636291053127422,0.9535189048497917,0.9426875394426372,0.053875772181043134,2.066666666666667,2.0,1.9666666666666666,49.6,58.4,41.6,0.6333333333333333,0.43333333333333335,0.3333333333333333,0.8333333333333334,-0.01083136540715457,-0.9334188334438615
low_to_high_roughness,12,48,0.9352067094631985,0.9561803788779037,0.9411208549091566,0.07289395926875811,2.033333333333333,2.033333333333333,1.9,52.0,60.0,40.0,0.6666666666666666,0.4666666666666667,0.3333333333333333,0.8444444444444444,-0.015059523968747102,1.3927179543146062
low_to_high_roughness,12,51,0.9720586917916705,0.9521707945747131,0.942753099530471,0.04038465551719646,2.1666666666666665,1.9666666666666666,1.9333333333333333,48.8,60.0,39.2,0.7333333333333333,0.6,0.5,0.8833333333333333,-0.009417695044242058,-2.1117584635655375
low_to_high_roughness,12,54,0.964746247690906,0.9508080202285876,0.9391909581671689,0.036698669460104694,2.2333333333333334,1.9666666666666666,1.9333333333333333,52.0,60.8,42.4,0.6666666666666666,0.5,0.36666666666666664,0.875,-0.01161706206141866,-1.1998065766222061
low_to_high_roughness,12,57,0.9537853848937291,0.9857276656522763,0.9419828188947792,0.036181049493114355,2.2,2.066666666666667,1.9666666666666666,51.2,56.8,44.8,0.6666666666666666,0.6333333333333333,0.5,0.9027777777777778,-0.043744846757497124,0.7301952830152011
low_to_high_roughness,12,60,0.9481078705602367,0.9835402249713489,0.9389177747667514,0.04240245415410634,2.1333333333333333,2.033333333333333,2.033333333333333,47.2,56.8,44.0,0.6333333333333333,0.6,0.43333333333333335,0.9388888888888889,-0.04462245020459743,0.7940477102591189
low_to_high_roughness,12,63,0.944283039166028,0.9838344269789994,0.9492291062921203,0.03315882787954215,2.1,2.066666666666667,2.1666666666666665,47.2,56.8,46.4,0.7333333333333333,0.6,0.5,0.9541666666666667,-0.03460532068687905,1.1429279378985124
low_to_high_roughness,12,66,0.9410082085143786,0.9836924430424312,0.9348033187691326,0.03952360135581764,2.1,2.1,2.1333333333333333,46.4,58.4,48.8,0.7,0.6333333333333333,0.5,0.9722222222222222,-0.04888912427329861,0.8730824117331367
low_to_high_roughness,12,69,0.9527414585487205,0.9844958531947834,0.9366161660432296,0.057129976569906524,2.2,2.066666666666667,2.1666666666666665,48.8,55.2,51.2,0.6666666666666666,0.7333333333333333,0.5666666666666667,0.9833333333333333,-0.047879687151553774,0.6632122416662952
low_to_high_roughness,12,72,0.9585260059196355,0.9842427891221585,0.9231536517343624,0.0671019413573806,2.2666666666666666,2.1,2.1666666666666665,48.8,53.6,48.0,0.6666666666666666,0.7666666666666667,0.6,1.0,-0.06108913738779609,0.42097145748305176
low_to_high_roughness,12,75,0.9440197027108864,0.9833419485198037,0.9484054233019431,0.025038693142289892,2.1666666666666665,2.1,2.2333333333333334,46.4,56.0,51.2,0.7333333333333333,0.8333333333333334,0.6333333333333333,1.0,-0.034936525217860614,1.1255339666354276
low_to_high_roughness,12,78,0.9498105555497691,0.9862869528507404,0.9450742981760474,0.03274787259297706,2.066666666666667,2.1666666666666665,2.066666666666667,45.6,61.6,48.8,0.6666666666666666,0.5666666666666667,0.4666666666666667,1.0,-0.04121265467469304,0.8850775954350235
low_to_high_roughness,12,81,0.938552984643272,0.9884838978226426,0.9408070298732054,0.03420967500336622,2.033333333333333,2.1666666666666665,2.066666666666667,50.4,61.6,50.4,0.7,0.6,0.5333333333333333,1.0,-0.04767686794943715,1.0472775441609112
low_to_high_roughness,12,84,0.9331217746722581,0.9896946430793019,0.9558150969335645,0.043969385167243726,2.066666666666667,2.1666666666666665,2.1666666666666665,47.2,60.0,48.8,0.6666666666666666,0.6333333333333333,0.5666666666666667,1.0,-0.033879546145737405,1.6698236795643016
low_to_high_roughness,12,87,0.931575836799966,0.9895504746327258,0.962749794070541,0.04676575687453334,2.066666666666667,2.1666666666666665,2.2,50.4,58.4,46.4,0.6666666666666666,0.6333333333333333,0.5666666666666667,1.0,-0.026800680562184875,2.1631778229751615
low_to_high_roughness,12,90,0.9393735528598471,0.9916456731563655,0.964346327815805,0.03673950399084139,2.1,2.1666666666666665,2.2,48.0,56.0,46.4,0.7333333333333333,0.7,0.6333333333333333,1.0,-0.027299345340560555,1.914775597891501
low_to_high_roughness,12,93,0.9425272535060113,0.991491654692966,0.9619645274380058,0.032153709888689264,2.1333333333333333,2.1333333333333333,2.1333333333333333,48.0,56.0,48.0,0.7333333333333333,0.7666666666666667,0.6666666666666666,1.0,-0.029527127254960206,1.6582853036855871
low_to_high_roughness,12,96,0.937937706965787,0.9906474329287159,0.9269360754528684,0.07459389303301736,2.1,2.1,2.066666666666667,49.6,56.0,44.8,0.6666666666666666,0.7,0.6333333333333333,1.0,-0.06371135747584755,0.8273207172349248
low_to_high_roughness,12,99,0.9380388698461547,0.9917192714175161,0.9315298912865582,0.07192015234652666,2.033333333333333,2.1333333333333333,2.033333333333333,46.4,56.0,40.0,0.7,0.7333333333333333,0.6666666666666666,1.0,-0.06018938013095798,0.8918583553205811
low_to_high_roughness,12,102,0.9332644538249923,0.9909983513178722,0.9359511792933776,0.07343220723871975,2.1,2.1333333333333333,2.1,52.0,56.8,44.0,0.7,0.8,0.6666666666666666,1.0,-0.055047172024494606,1.0488076929218033
low_to_high_roughness,12,105,0.9337794076431283,0.9891717837175078,0.9368951287240943,0.07059000339699958,2.1,2.1,2.1,52.0,56.8,47.2,0.7,0.8,0.6666666666666666,1.0,-0.052276654993413496,1.0596006206089235
low_to_high_roughness,12,108,0.9374583389412062,0.9866881920481531,0.9462470704132709,0.061172285546459634,2.1333333333333333,2.066666666666667,2.2,52.8,55.2,48.8,0.7666666666666667,0.8666666666666667,0.7333333333333333,1.0,-0.040441121634882116,1.217321654711082
