case,n_obs,order,method,truth_s,truth_kind,detected,abs_error,tolerance
near_zero,63,1,adaptive_s,0.001,minimum,True,2.6192156082904816e-15,0.0004
near_zero,63,1,log_lambda,0.001,minimum,True,2.3375398838787476e-16,0.0004
near_zero,63,1,dense,0.001,minimum,True,0.0,0.0004
near_zero,63,2,adaptive_s,0.001,minimum,True,1.15072664938487e-13,0.0004
near_zero,63,2,log_lambda,0.001,minimum,True,1.734723475976807e-17,0.0004
near_zero,63,2,dense,0.001,minimum,True,0.0,0.0004
near_zero,63,3,adaptive_s,0.001,minimum,True,1.6305208051792253e-13,0.0004
near_zero,63,3,log_lambda,0.001,minimum,True,2.0621525320674294e-16,0.0004
near_zero,63,3,dense,0.001,minimum,True,0.0,0.0004
near_zero,63,4,adaptive_s,0.001,minimum,True,1.4690939437178585e-15,0.0004
near_zero,63,4,log_lambda,0.001,minimum,True,3.686287386450715e-17,0.0004
near_zero,63,4,dense,0.001,minimum,True,0.0,0.0004
near_zero,252,1,adaptive_s,0.001,minimum,True,1.2706025467879023e-13,0.0004
near_zero,252,1,log_lambda,0.001,minimum,True,1.6588293239028218e-16,0.0004
near_zero,252,1,dense,0.001,minimum,True,0.0,0.0004
near_zero,252,2,adaptive_s,0.001,minimum,True,1.9922648600290138e-14,0.0004
near_zero,252,2,log_lambda,0.001,minimum,True,3.686287386450715e-18,0.0004
near_zero,252,2,dense,0.001,minimum,True,0.0,0.0004
near_zero,252,3,adaptive_s,0.001,minimum,True,3.9832720455379445e-14,0.0004
near_zero,252,3,log_lambda,0.001,minimum,True,6.201636426617085e-17,0.0004
near_zero,252,3,dense,0.001,minimum,True,0.0,0.0004
near_zero,252,4,adaptive_s,0.001,minimum,True,2.3047969782696853e-14,0.0004
near_zero,252,4,log_lambda,0.001,minimum,True,1.209969624493823e-16,0.0004
near_zero,252,4,dense,0.001,minimum,True,0.0,0.0004
near_one,63,1,adaptive_s,0.999,minimum,True,6.058265000774554e-12,0.0004
near_one,63,1,log_lambda,0.999,minimum,True,2.220446049250313e-16,0.0004
near_one,63,1,dense,0.999,minimum,True,0.0,0.0004
near_one,63,2,adaptive_s,0.999,minimum,True,1.411537553508424e-12,0.0004
near_one,63,2,log_lambda,0.999,minimum,True,1.1102230246251565e-16,0.0004
near_one,63,2,dense,0.999,minimum,True,0.0,0.0004
near_one,63,3,adaptive_s,0.999,minimum,True,5.2735593669694936e-12,0.0004
near_one,63,3,log_lambda,0.999,minimum,True,2.220446049250313e-16,0.0004
near_one,63,3,dense,0.999,minimum,True,0.0,0.0004
near_one,63,4,adaptive_s,0.999,minimum,True,3.254063685176334e-13,0.0004
near_one,63,4,log_lambda,0.999,minimum,True,1.1102230246251565e-16,0.0004
near_one,63,4,dense,0.999,minimum,True,0.0,0.0004
near_one,252,1,adaptive_s,0.999,minimum,True,2.4199531267754537e-12,0.0004
near_one,252,1,log_lambda,0.999,minimum,True,1.1102230246251565e-16,0.0004
near_one,252,1,dense,0.999,minimum,True,0.0,0.0004
near_one,252,2,adaptive_s,0.999,minimum,True,2.26885177312397e-12,0.0004
near_one,252,2,log_lambda,0.999,minimum,True,1.1102230246251565e-16,0.0004
near_one,252,2,dense,0.999,minimum,True,0.0,0.0004
near_one,252,3,adaptive_s,0.999,minimum,True,6.437073096776658e-12,0.0004
near_one,252,3,log_lambda,0.999,minimum,True,2.220446049250313e-16,0.0004
near_one,252,3,dense,0.999,minimum,True,0.0,0.0004
near_one,252,4,adaptive_s,0.999,minimum,True,3.2656100046324354e-12,0.0004
near_one,252,4,log_lambda,0.999,minimum,True,2.220446049250313e-16,0.0004
near_one,252,4,dense,0.999,minimum,True,0.0,0.0004
close_pair,63,1,adaptive_s,0.45,minimum,True,4.525435581825832e-12,0.0004
close_pair,63,1,adaptive_s,0.47,minimum,True,4.44239089958387e-12,0.0004
close_pair,63,1,log_lambda,0.45,minimum,True,4.251599072802037e-13,0.0004
close_pair,63,1,log_lambda,0.47,minimum,False,0.020000000000425122,0.0004
close_pair,63,1,dense,0.45,minimum,True,0.0,0.0004
close_pair,63,1,dense,0.47,minimum,True,5.551115123125783e-17,0.0004
close_pair,63,2,adaptive_s,0.45,minimum,True,1.0190737143034312e-12,0.0004
close_pair,63,2,adaptive_s,0.47,minimum,True,4.4941828036826337e-13,0.0004
close_pair,63,2,log_lambda,0.45,minimum,False,0.019999999999581575,0.0004
close_pair,63,2,log_lambda,0.47,minimum,True,4.1838754682999024e-13,0.0004
close_pair,63,2,dense,0.45,minimum,True,0.0,0.0004
close_pair,63,2,dense,0.47,minimum,True,5.551115123125783e-17,0.0004
close_pair,63,3,adaptive_s,0.45,minimum,True,9.559464331232448e-12,0.0004
close_pair,63,3,adaptive_s,0.47,minimum,True,2.0339285811132868e-13,0.0004
close_pair,63,3,log_lambda,0.45,minimum,True,3.5466074521650626e-13,0.0004
close_pair,63,3,log_lambda,0.47,minimum,True,4.75397499144492e-13,0.0004
close_pair,63,3,dense,0.45,minimum,True,0.0,0.0004
close_pair,63,3,dense,0.47,minimum,True,5.551115123125783e-17,0.0004
close_pair,63,4,adaptive_s,0.45,minimum,True,2.0373702724896248e-12,0.0004
close_pair,63,4,adaptive_s,0.47,minimum,True,8.973266574230365e-12,0.0004
close_pair,63,4,log_lambda,0.45,minimum,True,2.60513832728293e-13,0.0004
close_pair,63,4,log_lambda,0.47,minimum,False,0.020000000000260476,0.0004
close_pair,63,4,dense,0.45,minimum,True,0.0,0.0004
close_pair,63,4,dense,0.47,minimum,True,5.551115123125783e-17,0.0004
close_pair,252,1,adaptive_s,0.45,minimum,True,2.979338997732839e-12,0.0004
close_pair,252,1,adaptive_s,0.47,minimum,True,8.089251490872584e-12,0.0004
close_pair,252,1,log_lambda,0.45,minimum,False,0.019999999999619156,0.0004
close_pair,252,1,log_lambda,0.47,minimum,True,3.808064974464287e-13,0.0004
close_pair,252,1,dense,0.45,minimum,True,0.0,0.0004
close_pair,252,1,dense,0.47,minimum,True,5.551115123125783e-17,0.0004
close_pair,252,2,adaptive_s,0.45,minimum,True,2.4946711363327267e-12,0.0004
close_pair,252,2,adaptive_s,0.47,minimum,True,1.992461751143537e-12,0.0004
close_pair,252,2,log_lambda,0.45,minimum,True,3.3950620093037287e-13,0.0004
close_pair,252,2,log_lambda,0.47,minimum,False,0.02000000000033947,0.0004
close_pair,252,2,dense,0.45,minimum,True,0.0,0.0004
close_pair,252,2,dense,0.47,minimum,True,5.551115123125783e-17,0.0004
close_pair,252,3,adaptive_s,0.45,minimum,True,4.064526493152698e-13,0.0004
close_pair,252,3,adaptive_s,0.47,minimum,True,2.5311974738428944e-12,0.0004
close_pair,252,3,log_lambda,0.45,minimum,False,0.01999999999964769,0.0004
close_pair,252,3,log_lambda,0.47,minimum,True,3.5227376571356217e-13,0.0004
close_pair,252,3,dense,0.45,minimum,True,0.0,0.0004
close_pair,252,3,dense,0.47,minimum,True,5.551115123125783e-17,0.0004
close_pair,252,4,adaptive_s,0.45,minimum,True,2.813804744761228e-12,0.0004
close_pair,252,4,adaptive_s,0.47,minimum,True,7.434053372890048e-12,0.0004
close_pair,252,4,log_lambda,0.45,minimum,False,0.019999999999631646,0.0004
close_pair,252,4,log_lambda,0.47,minimum,True,3.683164884193957e-13,0.0004
close_pair,252,4,dense,0.45,minimum,True,0.0,0.0004
close_pair,252,4,dense,0.47,minimum,True,5.551115123125783e-17,0.0004
close_upper_pair,63,1,adaptive_s,0.97,minimum,True,8.664069461872259e-12,0.0004
close_upper_pair,63,1,adaptive_s,0.995,minimum,True,1.4356182909125437e-11,0.0004
close_upper_pair,63,1,log_lambda,0.97,minimum,True,2.518873998269555e-12,0.0004
close_upper_pair,63,1,log_lambda,0.995,minimum,True,2.484568106808638e-12,0.0004
close_upper_pair,63,1,dense,0.97,minimum,True,1.1102230246251565e-16,0.0004
close_upper_pair,63,1,dense,0.995,minimum,True,0.0,0.0004
close_upper_pair,63,2,adaptive_s,0.97,minimum,True,2.762567952174777e-12,0.0004
close_upper_pair,63,2,adaptive_s,0.995,minimum,True,1.772060276294951e-11,0.0004
close_upper_pair,63,2,log_lambda,0.97,minimum,True,1.4286349880876514e-12,0.0004
close_upper_pair,63,2,log_lambda,0.995,minimum,True,2.2642998587230068e-12,0.0004
close_upper_pair,63,2,dense,0.97,minimum,True,1.1102230246251565e-16,0.0004
close_upper_pair,63,2,dense,0.995,minimum,True,0.0,0.0004
close_upper_pair,63,3,adaptive_s,0.97,minimum,True,3.5030867095997564e-12,0.0004
close_upper_pair,63,3,adaptive_s,0.995,minimum,True,1.2385203973508396e-11,0.0004
close_upper_pair,63,3,log_lambda,0.97,minimum,True,1.4773737788686958e-12,0.0004
close_upper_pair,63,3,log_lambda,0.995,minimum,True,2.1002088956834086e-12,0.0004
close_upper_pair,63,3,dense,0.97,minimum,True,1.1102230246251565e-16,0.0004
close_upper_pair,63,3,dense,0.995,minimum,True,0.0,0.0004
close_upper_pair,63,4,adaptive_s,0.97,minimum,True,4.172107104238876e-12,0.0004
close_upper_pair,63,4,adaptive_s,0.995,minimum,True,9.956813151745791e-12,0.0004
close_upper_pair,63,4,log_lambda,0.97,minimum,True,1.0538236949741986e-12,0.0004
close_upper_pair,63,4,log_lambda,0.995,minimum,True,3.1090685581602884e-12,0.0004
close_upper_pair,63,4,dense,0.97,minimum,True,1.1102230246251565e-16,0.0004
close_upper_pair,63,4,dense,0.995,minimum,True,0.0,0.0004
close_upper_pair,252,1,adaptive_s,0.97,minimum,True,1.5858425683745736e-12,0.0004
close_upper_pair,252,1,adaptive_s,0.995,minimum,True,1.0504153102885994e-11,0.0004
close_upper_pair,252,1,log_lambda,0.97,minimum,True,1.9589885269510887e-12,0.0004
close_upper_pair,252,1,log_lambda,0.995,minimum,True,1.279532035880493e-12,0.0004
close_upper_pair,252,1,dense,0.97,minimum,True,1.1102230246251565e-16,0.0004
close_upper_pair,252,1,dense,0.995,minimum,True,0.0,0.0004
close_upper_pair,252,2,adaptive_s,0.97,minimum,True,1.3343770532969756e-11,0.0004
close_upper_pair,252,2,adaptive_s,0.995,minimum,True,1.477562516782882e-11,0.0004
close_upper_pair,252,2,log_lambda,0.97,minimum,True,1.943778471513724e-12,0.0004
close_upper_pair,252,2,log_lambda,0.995,minimum,True,3.2472913247261204e-12,0.0004
close_upper_pair,252,2,dense,0.97,minimum,True,1.1102230246251565e-16,0.0004
close_upper_pair,252,2,dense,0.995,minimum,True,0.0,0.0004
close_upper_pair,252,3,adaptive_s,0.97,minimum,True,5.612954545597404e-12,0.0004
close_upper_pair,252,3,adaptive_s,0.995,minimum,True,1.5987211554602254e-11,0.0004
close_upper_pair,252,3,log_lambda,0.97,minimum,True,2.4059643166651767e-12,0.0004
close_upper_pair,252,3,log_lambda,0.995,minimum,True,2.1722623699815813e-12,0.0004
close_upper_pair,252,3,dense,0.97,minimum,True,1.1102230246251565e-16,0.0004
close_upper_pair,252,3,dense,0.995,minimum,True,0.0,0.0004
close_upper_pair,252,4,adaptive_s,0.97,minimum,True,4.623190719144077e-12,0.0004
close_upper_pair,252,4,adaptive_s,0.995,minimum,True,1.4004464254924187e-11,0.0004
close_upper_pair,252,4,log_lambda,0.97,minimum,True,2.0915491560913324e-12,0.0004
close_upper_pair,252,4,log_lambda,0.995,minimum,True,2.5869306696790773e-12,0.0004
close_upper_pair,252,4,dense,0.97,minimum,True,1.1102230246251565e-16,0.0004
close_upper_pair,252,4,dense,0.995,minimum,True,0.0,0.0004
flat_minimum,63,1,adaptive_s,0.733,flat_minimum,True,1.8908599755951272e-06,0.0004
flat_minimum,63,1,log_lambda,0.733,flat_minimum,True,3.2176114438398074e-06,0.0004
flat_minimum,63,1,dense,0.733,flat_minimum,True,0.0,0.0004
flat_minimum,63,2,adaptive_s,0.733,flat_minimum,True,4.12783989101051e-06,0.0004
flat_minimum,63,2,log_lambda,0.733,flat_minimum,True,1.297914189901661e-06,0.0004
flat_minimum,63,2,dense,0.733,flat_minimum,True,0.0,0.0004
flat_minimum,63,3,adaptive_s,0.733,flat_minimum,True,1.3419096256406249e-06,0.0004
flat_minimum,63,3,log_lambda,0.733,flat_minimum,True,1.915462893742337e-06,0.0004
flat_minimum,63,3,dense,0.733,flat_minimum,True,0.0,0.0004
flat_minimum,63,4,adaptive_s,0.733,flat_minimum,True,1.5917438686008367e-06,0.0004
flat_minimum,63,4,log_lambda,0.733,flat_minimum,True,5.850277833285844e-07,0.0004
flat_minimum,63,4,dense,0.733,flat_minimum,True,0.0,0.0004
flat_minimum,252,1,adaptive_s,0.733,flat_minimum,True,1.4162916895932298e-06,0.0004
flat_minimum,252,1,log_lambda,0.733,flat_minimum,True,3.89563362235279e-07,0.0004
flat_minimum,252,1,dense,0.733,flat_minimum,True,0.0,0.0004
flat_minimum,252,2,adaptive_s,0.733,flat_minimum,True,2.4289696732848753e-06,0.0004
flat_minimum,252,2,log_lambda,0.733,flat_minimum,True,1.9444083302344595e-06,0.0004
flat_minimum,252,2,dense,0.733,flat_minimum,True,0.0,0.0004
flat_minimum,252,3,adaptive_s,0.733,flat_minimum,True,2.9046669772769818e-06,0.0004
flat_minimum,252,3,log_lambda,0.733,flat_minimum,True,2.820256384428177e-06,0.0004
flat_minimum,252,3,dense,0.733,flat_minimum,True,0.0,0.0004
flat_minimum,252,4,adaptive_s,0.733,flat_minimum,True,2.6807512439885883e-06,0.0004
flat_minimum,252,4,log_lambda,0.733,flat_minimum,True,1.586179771972951e-06,0.0004
flat_minimum,252,4,dense,0.733,flat_minimum,True,0.0,0.0004
stationary_inflection,63,1,adaptive_s,0.0,boundary_minimum,True,0.0,0.0004
stationary_inflection,63,1,adaptive_s,0.537,stationary_inflection,False,,0.0004
stationary_inflection,63,1,log_lambda,0.0,boundary_minimum,True,0.0,0.0004
stationary_inflection,63,1,log_lambda,0.537,stationary_inflection,False,,0.0004
stationary_inflection,63,1,dense,0.0,boundary_minimum,True,0.0,0.0004
stationary_inflection,63,1,dense,0.537,stationary_inflection,False,0.537,0.0004
stationary_inflection,63,2,adaptive_s,0.0,boundary_minimum,True,0.0,0.0004
stationary_inflection,63,2,adaptive_s,0.537,stationary_inflection,False,,0.0004
stationary_inflection,63,2,log_lambda,0.0,boundary_minimum,True,0.0,0.0004
stationary_inflection,63,2,log_lambda,0.537,stationary_inflection,False,,0.0004
stationary_inflection,63,2,dense,0.0,boundary_minimum,True,0.0,0.0004
stationary_inflection,63,2,dense,0.537,stationary_inflection,False,0.537,0.0004
stationary_inflection,63,3,adaptive_s,0.0,boundary_minimum,True,0.0,0.0004
stationary_inflection,63,3,adaptive_s,0.537,stationary_inflection,False,,0.0004
stationary_inflection,63,3,log_lambda,0.0,boundary_minimum,True,0.0,0.0004
stationary_inflection,63,3,log_lambda,0.537,stationary_inflection,False,,0.0004
stationary_inflection,63,3,dense,0.0,boundary_minimum,True,0.0,0.0004
stationary_inflection,63,3,dense,0.537,stationary_inflection,False,0.537,0.0004
stationary_inflection,63,4,adaptive_s,0.0,boundary_minimum,True,0.0,0.0004
stationary_inflection,63,4,adaptive_s,0.537,stationary_inflection,False,,0.0004
stationary_inflection,63,4,log_lambda,0.0,boundary_minimum,True,0.0,0.0004
stationary_inflection,63,4,log_lambda,0.537,stationary_inflection,False,,0.0004
stationary_inflection,63,4,dense,0.0,boundary_minimum,True,0.0,0.0004
stationary_inflection,63,4,dense,0.537,stationary_inflection,False,0.537,0.0004
stationary_inflection,252,1,adaptive_s,0.0,boundary_minimum,True,0.0,0.0004
stationary_inflection,252,1,adaptive_s,0.537,stationary_inflection,False,,0.0004
stationary_inflection,252,1,log_lambda,0.0,boundary_minimum,True,0.0,0.0004
stationary_inflection,252,1,log_lambda,0.537,stationary_inflection,False,,0.0004
stationary_inflection,252,1,dense,0.0,boundary_minimum,True,0.0,0.0004
stationary_inflection,252,1,dense,0.537,stationary_inflection,False,0.537,0.0004
stationary_inflection,252,2,adaptive_s,0.0,boundary_minimum,True,0.0,0.0004
stationary_inflection,252,2,adaptive_s,0.537,stationary_inflection,False,,0.0004
stationary_inflection,252,2,log_lambda,0.0,boundary_minimum,True,0.0,0.0004
stationary_inflection,252,2,log_lambda,0.537,stationary_inflection,False,,0.0004
stationary_inflection,252,2,dense,0.0,boundary_minimum,True,0.0,0.0004
stationary_inflection,252,2,dense,0.537,stationary_inflection,False,0.537,0.0004
stationary_inflection,252,3,adaptive_s,0.0,boundary_minimum,True,0.0,0.0004
stationary_inflection,252,3,adaptive_s,0.537,stationary_inflection,False,,0.0004
stationary_inflection,252,3,log_lambda,0.0,boundary_minimum,True,0.0,0.0004
stationary_inflection,252,3,log_lambda,0.537,stationary_inflection,False,,0.0004
stationary_inflection,252,3,dense,0.0,boundary_minimum,True,0.0,0.0004
stationary_inflection,252,3,dense,0.537,stationary_inflection,False,0.537,0.0004
stationary_inflection,252,4,adaptive_s,0.0,boundary_minimum,True,0.0,0.0004
stationary_inflection,252,4,adaptive_s,0.537,stationary_inflection,False,,0.0004
stationary_inflection,252,4,log_lambda,0.0,boundary_minimum,True,0.0,0.0004
stationary_inflection,252,4,log_lambda,0.537,stationary_inflection,False,,0.0004
stationary_inflection,252,4,dense,0.0,boundary_minimum,True,0.0,0.0004
stationary_inflection,252,4,dense,0.537,stationary_inflection,False,0.537,0.0004
five_minima,63,1,adaptive_s,0.1,minimum,True,6.59053367435547e-12,0.0004
five_minima,63,1,adaptive_s,0.25,minimum,True,8.449130284304829e-12,0.0004
five_minima,63,1,adaptive_s,0.45,minimum,True,2.841077373361145e-11,0.0004
five_minima,63,1,adaptive_s,0.7,minimum,True,6.7406080717091754e-12,0.0004
five_minima,63,1,adaptive_s,0.9,minimum,True,4.736655512260768e-12,0.0004
five_minima,63,1,log_lambda,0.1,minimum,True,1.3322676295501878e-15,0.0004
five_minima,63,1,log_lambda,0.25,minimum,True,9.048317650695026e-15,0.0004
five_minima,63,1,log_lambda,0.45,minimum,True,5.360156762890256e-13,0.0004
five_minima,63,1,log_lambda,0.7,minimum,True,2.922551090023262e-12,0.0004
five_minima,63,1,log_lambda,0.9,minimum,True,1.4311885010442893e-12,0.0004
five_minima,63,1,dense,0.1,minimum,True,0.0,0.0004
five_minima,63,1,dense,0.25,minimum,True,0.0,0.0004
five_minima,63,1,dense,0.45,minimum,True,0.0,0.0004
five_minima,63,1,dense,0.7,minimum,True,1.1102230246251565e-16,0.0004
five_minima,63,1,dense,0.9,minimum,True,0.0,0.0004
five_minima,63,2,adaptive_s,0.1,minimum,True,7.925382572437911e-12,0.0004
five_minima,63,2,adaptive_s,0.25,minimum,True,1.2737311205768265e-12,0.0004
five_minima,63,2,adaptive_s,0.45,minimum,True,1.6778856082311222e-11,0.0004
five_minima,63,2,adaptive_s,0.7,minimum,True,7.68218821889377e-12,0.0004
five_minima,63,2,adaptive_s,0.9,minimum,True,7.46547268448694e-12,0.0004
five_minima,63,2,log_lambda,0.1,minimum,True,7.008282842946301e-15,0.0004
five_minima,63,2,log_lambda,0.25,minimum,True,7.205347429817266e-14,0.0004
five_minima,63,2,log_lambda,0.45,minimum,True,5.549449788588845e-13,0.0004
five_minima,63,2,log_lambda,0.7,minimum,True,2.4814594823396874e-12,0.0004
five_minima,63,2,log_lambda,0.9,minimum,True,1.4022116801015727e-12,0.0004
five_minima,63,2,dense,0.1,minimum,True,0.0,0.0004
five_minima,63,2,dense,0.25,minimum,True,0.0,0.0004
five_minima,63,2,dense,0.45,minimum,True,0.0,0.0004
five_minima,63,2,dense,0.7,minimum,True,1.1102230246251565e-16,0.0004
five_minima,63,2,dense,0.9,minimum,True,0.0,0.0004
five_minima,63,3,adaptive_s,0.1,minimum,True,4.291469957173888e-12,0.0004
five_minima,63,3,adaptive_s,0.25,minimum,True,4.372641138061795e-12,0.0004
five_minima,63,3,adaptive_s,0.45,minimum,True,2.0971946401715513e-11,0.0004
five_minima,63,3,adaptive_s,0.7,minimum,True,8.424372310855688e-13,0.0004
five_minima,63,3,adaptive_s,0.9,minimum,True,1.954769679457513e-12,0.0004
five_minima,63,3,log_lambda,0.1,minimum,True,1.970645868709653e-15,0.0004
five_minima,63,3,log_lambda,0.25,minimum,True,3.8413716652030416e-14,0.0004
five_minima,63,3,log_lambda,0.45,minimum,True,6.608047442568932e-13,0.0004
five_minima,63,3,log_lambda,0.7,minimum,True,3.690048266946633e-12,0.0004
five_minima,63,3,log_lambda,0.9,minimum,True,1.4320766794639894e-12,0.0004
five_minima,63,3,dense,0.1,minimum,True,0.0,0.0004
five_minima,63,3,dense,0.25,minimum,True,0.0,0.0004
five_minima,63,3,dense,0.45,minimum,True,0.0,0.0004
five_minima,63,3,dense,0.7,minimum,True,1.1102230246251565e-16,0.0004
five_minima,63,3,dense,0.9,minimum,True,0.0,0.0004
five_minima,63,4,adaptive_s,0.1,minimum,True,8.76274053318582e-12,0.0004
five_minima,63,4,adaptive_s,0.25,minimum,True,1.2284617767477357e-12,0.0004
five_minima,63,4,adaptive_s,0.45,minimum,True,2.4377388996299487e-11,0.0004
five_minima,63,4,adaptive_s,0.7,minimum,True,1.01063601931628e-12,0.0004
five_minima,63,4,adaptive_s,0.9,minimum,True,6.112887973586112e-12,0.0004
five_minima,63,4,log_lambda,0.1,minimum,True,1.1796119636642288e-15,0.0004
five_minima,63,4,log_lambda,0.25,minimum,True,7.271960811294775e-14,0.0004
five_minima,63,4,log_lambda,0.45,minimum,True,5.153100168797664e-13,0.0004
five_minima,63,4,log_lambda,0.7,minimum,True,3.805511461507649e-12,0.0004
five_minima,63,4,log_lambda,0.9,minimum,True,2.127409359786725e-12,0.0004
five_minima,63,4,dense,0.1,minimum,True,0.0,0.0004
five_minima,63,4,dense,0.25,minimum,True,0.0,0.0004
five_minima,63,4,dense,0.45,minimum,True,0.0,0.0004
five_minima,63,4,dense,0.7,minimum,True,1.1102230246251565e-16,0.0004
five_minima,63,4,dense,0.9,minimum,True,0.0,0.0004
five_minima,252,1,adaptive_s,0.1,minimum,True,2.1054408216869547e-12,0.0004
five_minima,252,1,adaptive_s,0.25,minimum,True,2.5970892103543974e-13,0.0004
five_minima,252,1,adaptive_s,0.45,minimum,True,1.904271185182438e-11,0.0004
five_minima,252,1,adaptive_s,0.7,minimum,True,4.881095527764501e-12,0.0004
five_minima,252,1,adaptive_s,0.9,minimum,True,3.68860497701462e-12,0.0004
five_minima,252,1,log_lambda,0.1,minimum,True,1.5265566588595902e-15,0.0004
five_minima,252,1,log_lambda,0.25,minimum,True,8.337774914934926e-14,0.0004
five_minima,252,1,log_lambda,0.45,minimum,True,7.315814620767469e-13,0.0004
five_minima,252,1,log_lambda,0.7,minimum,True,4.019007349143067e-12,0.0004
five_minima,252,1,log_lambda,0.9,minimum,True,2.2171153801764376e-12,0.0004
five_minima,252,1,dense,0.1,minimum,True,0.0,0.0004
five_minima,252,1,dense,0.25,minimum,True,0.0,0.0004
five_minima,252,1,dense,0.45,minimum,True,0.0,0.0004
five_minima,252,1,dense,0.7,minimum,True,1.1102230246251565e-16,0.0004
five_minima,252,1,dense,0.9,minimum,True,0.0,0.0004
five_minima,252,2,adaptive_s,0.1,minimum,True,5.072192665878106e-12,0.0004
five_minima,252,2,adaptive_s,0.25,minimum,True,2.755018435607326e-12,0.0004
five_minima,252,2,adaptive_s,0.45,minimum,True,2.502492657541211e-11,0.0004
five_minima,252,2,adaptive_s,0.7,minimum,True,1.6053824936079764e-13,0.0004
five_minima,252,2,adaptive_s,0.9,minimum,True,7.83528797398958e-12,0.0004
five_minima,252,2,log_lambda,0.1,minimum,True,1.3183898417423734e-15,0.0004
five_minima,252,2,log_lambda,0.25,minimum,True,3.9745984281580604e-14,0.0004
five_minima,252,2,log_lambda,0.45,minimum,True,6.269984531570572e-13,0.0004
five_minima,252,2,log_lambda,0.7,minimum,True,3.4484637367881987e-12,0.0004
five_minima,252,2,log_lambda,0.9,minimum,True,1.4026557693114228e-12,0.0004
five_minima,252,2,dense,0.1,minimum,True,0.0,0.0004
five_minima,252,2,dense,0.25,minimum,True,0.0,0.0004
five_minima,252,2,dense,0.45,minimum,True,0.0,0.0004
five_minima,252,2,dense,0.7,minimum,True,1.1102230246251565e-16,0.0004
five_minima,252,2,dense,0.9,minimum,True,0.0,0.0004
five_minima,252,3,adaptive_s,0.1,minimum,True,9.12062092517374e-13,0.0004
five_minima,252,3,adaptive_s,0.25,minimum,True,2.7540192348851633e-12,0.0004
five_minima,252,3,adaptive_s,0.45,minimum,True,1.5890733173762328e-11,0.0004
five_minima,252,3,adaptive_s,0.7,minimum,True,3.3861802251067274e-13,0.0004
five_minima,252,3,adaptive_s,0.9,minimum,True,9.402700840155376e-12,0.0004
five_minima,252,3,log_lambda,0.1,minimum,True,5.967448757360216e-16,0.0004
five_minima,252,3,log_lambda,0.25,minimum,True,2.2593038551121936e-14,0.0004
five_minima,252,3,log_lambda,0.45,minimum,True,4.3981485120525576e-13,0.0004
five_minima,252,3,log_lambda,0.7,minimum,True,3.662070646726079e-12,0.0004
five_minima,252,3,log_lambda,0.9,minimum,True,1.812439087700568e-12,0.0004
five_minima,252,3,dense,0.1,minimum,True,0.0,0.0004
five_minima,252,3,dense,0.25,minimum,True,0.0,0.0004
five_minima,252,3,dense,0.45,minimum,True,0.0,0.0004
five_minima,252,3,dense,0.7,minimum,True,1.1102230246251565e-16,0.0004
five_minima,252,3,dense,0.9,minimum,True,0.0,0.0004
five_minima,252,4,adaptive_s,0.1,minimum,True,4.144212750745169e-12,0.0004
five_minima,252,4,adaptive_s,0.25,minimum,True,4.350797500052295e-12,0.0004
five_minima,252,4,adaptive_s,0.45,minimum,True,1.8901769038848215e-11,0.0004
five_minima,252,4,adaptive_s,0.7,minimum,True,1.7074119895710282e-12,0.0004
five_minima,252,4,adaptive_s,0.9,minimum,True,5.296874050486622e-13,0.0004
five_minima,252,4,log_lambda,0.1,minimum,True,1.096345236817342e-15,0.0004
five_minima,252,4,log_lambda,0.25,minimum,True,4.3520742565306136e-14,0.0004
five_minima,252,4,log_lambda,0.45,minimum,True,6.172284905403558e-13,0.0004
five_minima,252,4,log_lambda,0.7,minimum,True,4.686917520757561e-12,0.0004
five_minima,252,4,log_lambda,0.9,minimum,True,1.0607070777268746e-12,0.0004
five_minima,252,4,dense,0.1,minimum,True,0.0,0.0004
five_minima,252,4,dense,0.25,minimum,True,0.0,0.0004
five_minima,252,4,dense,0.45,minimum,True,0.0,0.0004
five_minima,252,4,dense,0.7,minimum,True,1.1102230246251565e-16,0.0004
five_minima,252,4,dense,0.9,minimum,True,0.0,0.0004
boundary_zero,63,1,adaptive_s,0.0,boundary_minimum,True,0.0,0.0004
boundary_zero,63,1,log_lambda,0.0,boundary_minimum,True,0.0,0.0004
boundary_zero,63,1,dense,0.0,boundary_minimum,True,0.0,0.0004
boundary_zero,63,2,adaptive_s,0.0,boundary_minimum,True,0.0,0.0004
boundary_zero,63,2,log_lambda,0.0,boundary_minimum,True,0.0,0.0004
boundary_zero,63,2,dense,0.0,boundary_minimum,True,0.0,0.0004
boundary_zero,63,3,adaptive_s,0.0,boundary_minimum,True,0.0,0.0004
boundary_zero,63,3,log_lambda,0.0,boundary_minimum,True,0.0,0.0004
boundary_zero,63,3,dense,0.0,boundary_minimum,True,0.0,0.0004
boundary_zero,63,4,adaptive_s,0.0,boundary_minimum,True,0.0,0.0004
boundary_zero,63,4,log_lambda,0.0,boundary_minimum,True,0.0,0.0004
boundary_zero,63,4,dense,0.0,boundary_minimum,True,0.0,0.0004
boundary_zero,252,1,adaptive_s,0.0,boundary_minimum,True,0.0,0.0004
boundary_zero,252,1,log_lambda,0.0,boundary_minimum,True,0.0,0.0004
boundary_zero,252,1,dense,0.0,boundary_minimum,True,0.0,0.0004
boundary_zero,252,2,adaptive_s,0.0,boundary_minimum,True,0.0,0.0004
boundary_zero,252,2,log_lambda,0.0,boundary_minimum,True,0.0,0.0004
boundary_zero,252,2,dense,0.0,boundary_minimum,True,0.0,0.0004
boundary_zero,252,3,adaptive_s,0.0,boundary_minimum,True,0.0,0.0004
boundary_zero,252,3,log_lambda,0.0,boundary_minimum,True,0.0,0.0004
boundary_zero,252,3,dense,0.0,boundary_minimum,True,0.0,0.0004
boundary_zero,252,4,adaptive_s,0.0,boundary_minimum,True,0.0,0.0004
boundary_zero,252,4,log_lambda,0.0,boundary_minimum,True,0.0,0.0004
boundary_zero,252,4,dense,0.0,boundary_minimum,True,0.0,0.0004
boundary_one,63,1,adaptive_s,1.0,boundary_minimum,True,0.0,0.0004
boundary_one,63,1,log_lambda,1.0,boundary_minimum,True,0.0,0.0004
boundary_one,63,1,dense,1.0,boundary_minimum,True,0.0,0.0004
boundary_one,63,2,adaptive_s,1.0,boundary_minimum,True,0.0,0.0004
boundary_one,63,2,log_lambda,1.0,boundary_minimum,True,0.0,0.0004
boundary_one,63,2,dense,1.0,boundary_minimum,True,0.0,0.0004
boundary_one,63,3,adaptive_s,1.0,boundary_minimum,True,0.0,0.0004
boundary_one,63,3,log_lambda,1.0,boundary_minimum,True,0.0,0.0004
boundary_one,63,3,dense,1.0,boundary_minimum,True,0.0,0.0004
boundary_one,63,4,adaptive_s,1.0,boundary_minimum,True,0.0,0.0004
boundary_one,63,4,log_lambda,1.0,boundary_minimum,True,0.0,0.0004
boundary_one,63,4,dense,1.0,boundary_minimum,True,0.0,0.0004
boundary_one,252,1,adaptive_s,1.0,boundary_minimum,True,0.0,0.0004
boundary_one,252,1,log_lambda,1.0,boundary_minimum,True,0.0,0.0004
boundary_one,252,1,dense,1.0,boundary_minimum,True,0.0,0.0004
boundary_one,252,2,adaptive_s,1.0,boundary_minimum,True,0.0,0.0004
boundary_one,252,2,log_lambda,1.0,boundary_minimum,True,0.0,0.0004
boundary_one,252,2,dense,1.0,boundary_minimum,True,0.0,0.0004
boundary_one,252,3,adaptive_s,1.0,boundary_minimum,True,0.0,0.0004
boundary_one,252,3,log_lambda,1.0,boundary_minimum,True,0.0,0.0004
boundary_one,252,3,dense,1.0,boundary_minimum,True,0.0,0.0004
boundary_one,252,4,adaptive_s,1.0,boundary_minimum,True,0.0,0.0004
boundary_one,252,4,log_lambda,1.0,boundary_minimum,True,0.0,0.0004
boundary_one,252,4,dense,1.0,boundary_minimum,True,0.0,0.0004
