series,rule,n_outer,geometric_rmsfe_vs_last,geometric_rmsfe_vs_pooled,win_rate_vs_last,win_rate_vs_pooled
GDPC1,mean_k3,2,0.9167697234212686,1.0400097765249643,0.5,0.0
GDPC1,mean_k5,2,0.8990882923391719,1.019951455750901,0.5,0.0
GDPC1,median_k3,2,0.8378924568245159,0.9505291508995327,1.0,1.0
GDPC1,median_k5,2,0.8390437033183902,0.9518351578260607,1.0,1.0
GDPC1,recency_hl10,2,0.8981504620244547,1.0188875542376752,0.5,0.0
GDPC1,recency_hl3,2,0.9165013007024226,1.0397052701208922,0.5,0.0
GDPC1,recency_hl5,2,0.9061179405369421,1.0279260895814433,0.5,0.0
GDPC1,recency_val2_hl10,2,0.819962937207546,0.9301893914008693,1.0,1.0
GDPC1,recency_val2_hl3,2,0.8176639658599023,0.9275813725970007,1.0,1.0
GDPC1,recency_val2_hl5,2,0.8191091457996306,0.929220826025443,1.0,1.0
GDPC1,val2_weighted,2,0.8205683439748448,0.930876182140877,1.0,1.0
