order_set,asset_class,n_series,n_outer,geometric_ratio_vs_pooled,geometric_ratio_vs_last,win_rate_vs_pooled,win_rate_vs_last,ratio_gt_10_rate
d12,crypto,8,64,1.068474073885918,0.9862731621181425,0.421875,0.515625,0.0
d12,etf,20,160,1.0671340704731833,0.9873585457285424,0.50625,0.45625,0.0
d12,stock,36,288,1.0764333926669019,1.0326783387389493,0.4201388888888889,0.4722222222222222,0.0
d123,crypto,8,64,1.1201612226590152,0.911010569858179,0.421875,0.578125,0.015625
d123,etf,20,160,1.2949021543103612,0.9348852522126784,0.4125,0.44375,0.025
d123,stock,36,288,1.168434532045932,0.9647556945529047,0.4270833333333333,0.4965277777777778,0.017361111111111112
d1234,crypto,8,64,0.9283460292788007,0.6474975683558015,0.453125,0.59375,0.015625
d1234,etf,20,160,1.501620346547604,0.5713283177936487,0.41875,0.4625,0.04375
d1234,stock,36,288,1.3889563969472742,0.7792234899580297,0.4270833333333333,0.4826388888888889,0.03125
d2,crypto,8,64,1.067381425924567,0.9512274418001698,0.390625,0.53125,0.0
d2,etf,20,160,1.0511973932295298,0.9420782571768342,0.4875,0.55,0.0
d2,stock,36,288,1.036763723829762,1.0344694212811183,0.4305555555555556,0.4791666666666667,0.0
