asset_class,series,order_set,n_outer,geometric_ratio_vs_pooled,geometric_ratio_vs_last,win_rate_vs_pooled,win_rate_vs_last,fallback_rate
crypto,ADA-USD,d12,8,1.1840573766514992,1.1005688366066175,0.25,0.125,0.0
crypto,ADA-USD,d123,8,1.5219168018864389,1.0118284069284622,0.25,0.375,0.0
crypto,ADA-USD,d1234,8,0.4445795275930022,0.7984998729994858,0.5,0.625,0.0
crypto,ADA-USD,d2,8,1.258008435946777,0.9793910239654088,0.25,0.25,0.0
crypto,AVAX-USD,d12,8,1.1743604501993516,0.915741849692153,0.375,0.75,0.0
crypto,AVAX-USD,d123,8,1.0844987863429643,0.8143295293827563,0.5,0.75,0.0
crypto,AVAX-USD,d1234,8,1.006838534625867,0.8492699898743388,0.625,0.75,0.0
crypto,AVAX-USD,d2,8,1.5652227136457164,0.9513638478918928,0.25,0.75,0.0
crypto,BCH-USD,d12,8,1.2550873515652763,0.8398131622105658,0.5,0.625,0.0
crypto,BCH-USD,d123,8,1.3335054813133635,0.9752517725360527,0.25,0.625,0.0
crypto,BCH-USD,d1234,8,1.3335054813133635,0.9752517725360527,0.25,0.625,0.0
crypto,BCH-USD,d2,8,1.0460874148954757,0.7500660805773757,0.625,0.625,0.0
crypto,DOGE-USD,d12,8,0.8805571696321551,1.1574800180692324,0.375,0.25,0.0
crypto,DOGE-USD,d123,8,0.8002552616159068,0.8608495977152961,0.5,0.25,0.0
crypto,DOGE-USD,d1234,8,0.8002552616159068,0.8608495977152961,0.5,0.25,0.0
crypto,DOGE-USD,d2,8,0.8935613868223667,1.2180333112734691,0.5,0.375,0.0
crypto,DOT-USD,d12,8,0.9822668309415379,1.062162922634086,0.375,0.375,0.0
crypto,DOT-USD,d123,8,1.3299006297997684,0.7228671237410064,0.25,0.625,0.0
crypto,DOT-USD,d1234,8,1.2181107055259859,0.6374880009122015,0.25,0.625,0.0
crypto,DOT-USD,d2,8,1.252058796800282,0.9888145110613705,0.25,0.375,0.0
crypto,LINK-USD,d12,8,1.01894020040864,0.9872893927114226,0.375,0.5,0.0
crypto,LINK-USD,d123,8,1.0024375932436493,0.8372954599314381,0.5,0.625,0.0
crypto,LINK-USD,d1234,8,0.7362358934048299,1.0678671201947005,0.625,0.5,0.0
crypto,LINK-USD,d2,8,1.0292536109308348,0.7090716380093308,0.25,0.625,0.0
crypto,SOL-USD,d12,8,0.9744434585393343,0.9520156201995429,0.5,0.75,0.0
crypto,SOL-USD,d123,8,0.878957212703459,1.1346791896989172,0.5,0.625,0.0
crypto,SOL-USD,d1234,8,1.0722252154198773,0.07982249528628006,0.25,0.625,0.0
crypto,SOL-USD,d2,8,0.7908138380268954,0.9593769561981025,0.5,0.75,0.0
crypto,XLM-USD,d12,8,1.1333692193228997,0.9154014353235738,0.625,0.75,0.0
crypto,XLM-USD,d123,8,1.2010378058098072,0.9986790660269581,0.625,0.75,0.0
crypto,XLM-USD,d1234,8,1.2010378058098072,0.9986790660269581,0.625,0.75,0.0
crypto,XLM-USD,d2,8,0.8982219837041431,1.1706290078330337,0.5,0.5,0.0
etf,IJH,d12,8,1.028319747471592,1.0734575420523662,0.5,0.375,0.0
etf,IJH,d123,8,1.0476527055662164,1.0836332706109664,0.5,0.375,0.0
etf,IJH,d1234,8,1.0476527055662164,1.0836332706109664,0.5,0.375,0.0
etf,IJH,d2,8,1.0300820970830666,1.0316046717928053,0.5,0.5,0.0
etf,IJR,d12,8,1.282329242228366,1.0758662296127972,0.5,0.5,0.0
etf,IJR,d123,8,1.7399387466845957,1.037940899707531,0.375,0.5,0.0
etf,IJR,d1234,8,1.7745500881234328,1.2365973250736397,0.375,0.375,0.0
etf,IJR,d2,8,1.2815164228449072,1.024447712616264,0.5,0.5,0.0
etf,ITOT,d12,8,1.0027440341792417,0.9526811139849805,0.625,0.5,0.0
etf,ITOT,d123,8,1.3219719339738256,1.0324051638907439,0.25,0.5,0.0
etf,ITOT,d1234,8,1.3219719339738256,1.0324051638907439,0.25,0.5,0.0
etf,ITOT,d2,8,1.1620868180147566,0.9012756520412538,0.5,0.625,0.0
etf,IVV,d12,8,1.1439046025720483,0.9192988109498357,0.5,0.25,0.0
etf,IVV,d123,8,1.140626151453163,0.5825405383857525,0.625,0.5,0.0
etf,IVV,d1234,8,1.1176508809106884,0.5903633451843389,0.625,0.5,0.0
etf,IVV,d2,8,0.7811936877723703,0.7490922104795646,0.75,0.5,0.0
etf,IWD,d12,8,1.2079671116138364,1.0084297787768792,0.375,0.375,0.0
etf,IWD,d123,8,1.42465484916227,0.9862719421735994,0.375,0.375,0.0
etf,IWD,d1234,8,1.42465484916227,0.9862719421735994,0.375,0.375,0.0
etf,IWD,d2,8,1.1027527109724062,0.8192573640224987,0.25,0.625,0.0
etf,IWF,d12,8,1.1101118154341043,1.0626303233657513,0.375,0.375,0.0
etf,IWF,d123,8,1.6054748606910172,0.9933052038163805,0.125,0.25,0.0
etf,IWF,d1234,8,2.4548246692433593,0.8998080164754918,0.25,0.375,0.0
etf,IWF,d2,8,1.1101118154341043,1.0626303233657513,0.375,0.375,0.0
etf,MDY,d12,8,1.005387466818882,1.0367280283595628,0.625,0.375,0.0
etf,MDY,d123,8,0.9788622071988938,1.0904361127551252,0.625,0.375,0.0
etf,MDY,d1234,8,0.9788622071988938,1.0904361127551252,0.625,0.375,0.0
etf,MDY,d2,8,1.0282001908824148,1.0285522171198538,0.5,0.5,0.0
etf,SCHB,d12,8,1.0012854577789685,0.9520078172880252,0.625,0.5,0.0
etf,SCHB,d123,8,1.3231763473412568,1.029731924125096,0.25,0.5,0.0
etf,SCHB,d1234,8,1.3148891669931009,0.9568127811527193,0.25,0.625,0.0
etf,SCHB,d2,8,1.1625232105112553,0.9012677135043373,0.5,0.625,0.0
etf,SMH,d12,8,0.7648404234185713,0.9100060530203853,0.875,0.75,0.0
etf,SMH,d123,8,1.4525802576080937,1.339303772279486,0.625,0.5,0.0
etf,SMH,d1234,8,4.656698799683035,1.4133203750652388,0.5,0.5,0.0
etf,SMH,d2,8,0.7648404234185713,0.9100060530203853,0.875,0.75,0.0
etf,VB,d12,8,1.059134514682578,0.9386726012577344,0.5,0.5,0.0
etf,VB,d123,8,1.8125327037785726,0.9621834685247307,0.375,0.5,0.0
etf,VB,d1234,8,1.6496908124352263,0.3709681135982833,0.5,0.625,0.0
etf,VB,d2,8,1.0626730967614508,0.9043049388862439,0.5,0.625,0.0
etf,VEA,d12,8,1.0934041422969274,0.831705462677813,0.25,0.5,0.0
etf,VEA,d123,8,1.2299786665655512,0.7623251961996147,0.25,0.5,0.0
etf,VEA,d1234,8,1.2299786665655512,0.7623251961996147,0.25,0.5,0.0
etf,VEA,d2,8,0.9886900005168548,0.7771788390108341,0.375,0.625,0.0
etf,VO,d12,8,1.1610866877760502,1.0173474055769338,0.375,0.375,0.0
etf,VO,d123,8,1.1659229610639341,0.9423329254048373,0.25,0.25,0.0
etf,VO,d1234,8,1.2765081864101289,1.017443324736461,0.25,0.25,0.0
etf,VO,d2,8,1.20773150032745,0.950270908559407,0.375,0.5,0.0
etf,VTV,d12,8,1.1741599839907642,0.9061565515002558,0.625,0.625,0.0
etf,VTV,d123,8,1.0412297619002597,0.7859631587988303,0.625,0.625,0.0
etf,VTV,d1234,8,2.9866686079461235,0.6434190132128734,0.625,0.75,0.0
etf,VTV,d2,8,1.0931443495160758,0.8413704593587178,0.5,0.75,0.0
etf,VUG,d12,8,1.044779720180096,1.032224177138162,0.5,0.375,0.0
etf,VUG,d123,8,1.4235985007792584,1.346343868851946,0.25,0.125,0.0
etf,VUG,d1234,8,1.8709059187393784,1.1542852278449012,0.25,0.25,0.0
etf,VUG,d2,8,1.117432968160198,1.046787062122646,0.375,0.375,0.0
etf,VWO,d12,8,1.2791214765112064,1.1678088757122835,0.375,0.375,0.0
etf,VWO,d123,8,1.1053432510278278,1.0292500827387434,0.375,0.5,0.0
etf,VWO,d1234,8,1.0640848364236448,1.1754034175995052,0.375,0.375,0.0
etf,VWO,d2,8,1.3145500048265544,1.1425057714075917,0.125,0.375,0.0
etf,XLB,d12,8,1.0136758356665951,0.934299909218332,0.375,0.375,0.0
etf,XLB,d123,8,0.9947894664076483,0.5414581762726584,0.5,0.5,0.0
etf,XLB,d1234,8,1.1949344433824418,8.894865459547894e-05,0.5,0.625,0.0
etf,XLB,d2,8,1.0298176832539472,0.9236627318220211,0.375,0.5,0.0
etf,XLI,d12,8,1.1799583098006072,1.0462124711083267,0.625,0.625,0.0
etf,XLI,d123,8,1.4578362690940037,0.9212033578568677,0.5,0.75,0.0
etf,XLI,d1234,8,1.9101528692614886,0.7904135358550639,0.5,0.625,0.0
etf,XLI,d2,8,1.1799583098006072,1.0462124711083267,0.625,0.625,0.0
etf,XLP,d12,8,0.8718462964472689,0.9119333426627151,0.625,0.5,0.0
etf,XLP,d123,8,1.2439516906945345,0.8898545985125406,0.5,0.5,0.0
etf,XLP,d1234,8,1.2439516906945345,0.8898545985125406,0.5,0.5,0.0
etf,XLP,d2,8,0.8718462964472689,0.9119333426627151,0.625,0.5,0.0
etf,XLU,d12,8,0.9364288841940374,0.9207497133488943,0.625,0.5,0.0
etf,XLU,d123,8,1.6847371517417011,0.6392377289062989,0.375,0.375,0.0
etf,XLU,d1234,8,1.1760498120568745,0.6690492651743105,0.375,0.375,0.0
etf,XLU,d2,8,0.9364288841940374,0.9207497133488943,0.625,0.5,0.0
etf,XLY,d12,8,1.1398489157082736,1.1185618080558315,0.25,0.375,0.0
etf,XLY,d123,8,1.1475443301701616,1.2219924158438047,0.5,0.375,0.0
etf,XLY,d1234,8,1.1475443301701616,1.2219924158438047,0.5,0.375,0.0
etf,XLY,d2,8,1.0012651971829185,1.061185439934636,0.5,0.625,0.0
stock,ABBV,d12,8,1.1295177493428268,0.8567908015997026,0.375,0.5,0.0
stock,ABBV,d123,8,1.0034244506875256,0.8278629663025523,0.625,0.625,0.0
stock,ABBV,d1234,8,0.9817790226323734,0.3703194552301019,0.625,0.75,0.0
stock,ABBV,d2,8,0.9506805806201707,0.8692405438337243,0.375,0.5,0.0
stock,ADBE,d12,8,0.954927584934106,0.804629521022256,0.625,0.75,0.0
stock,ADBE,d123,8,1.114498532167527,0.8296489410816176,0.5,0.75,0.0
stock,ADBE,d1234,8,1.9805756013085902,0.492893147284873,0.375,0.625,0.0
stock,ADBE,d2,8,0.8404425316074225,0.8149206313125601,0.625,0.75,0.0
stock,AMD,d12,8,1.1090600061361426,1.0965475136508172,0.375,0.375,0.0
stock,AMD,d123,8,2.2099568309491078,1.1016657318650878,0.125,0.375,0.0
stock,AMD,d1234,8,1.6164057100490752,0.8132227353218241,0.375,0.375,0.0
stock,AMD,d2,8,1.0124054581955355,1.076545555883283,0.375,0.5,0.0
stock,AMZN,d12,8,1.4294027290887108,1.1812083007124703,0.125,0.25,0.0
stock,AMZN,d123,8,1.0440314796390195,0.8881065476362483,0.375,0.375,0.0
stock,AMZN,d1234,8,0.8116444197467277,0.5443609211554019,0.5,0.625,0.0
stock,AMZN,d2,8,1.4294027290887108,1.1812083007124703,0.125,0.25,0.0
stock,AVGO,d12,8,0.8455639898743427,1.169520593121434,0.625,0.375,0.0
stock,AVGO,d123,8,0.7038777855919514,0.8800913950956828,0.75,0.625,0.0
stock,AVGO,d1234,8,0.624178765067068,0.9266433879321299,0.75,0.5,0.0
stock,AVGO,d2,8,0.8455639898743427,1.169520593121434,0.625,0.375,0.0
stock,BA,d12,8,0.868382947055489,1.015851809051618,0.75,0.5,0.0
stock,BA,d123,8,1.1686361241095349,1.172611501800258,0.625,0.375,0.0
stock,BA,d1234,8,0.8838864987664038,0.9280687057051431,0.625,0.375,0.0
stock,BA,d2,8,0.8104590574708578,1.0874311538512618,0.75,0.375,0.0
stock,BLK,d12,8,1.0297908235965376,0.7764272482494676,0.375,0.75,0.0
stock,BLK,d123,8,1.0635271855068171,0.8920149694812326,0.375,0.625,0.0
stock,BLK,d1234,8,1.07684691418601,0.9733320262165419,0.375,0.625,0.0
stock,BLK,d2,8,0.9839199952893758,0.7749519408558913,0.5,0.875,0.0
stock,C,d12,8,1.2288867234263963,1.1107834701027635,0.375,0.625,0.0
stock,C,d123,8,1.1929372472155937,1.2582220372146333,0.5,0.5,0.0
stock,C,d1234,8,1.1929372472155937,1.2582220372146333,0.5,0.5,0.0
stock,C,d2,8,1.2191957327871403,1.1020238407522305,0.375,0.625,0.0
stock,COP,d12,8,0.8343767617516871,0.7463093750878027,0.625,0.75,0.0
stock,COP,d123,8,0.9580158518911223,0.8998753393909716,0.5,0.625,0.0
stock,COP,d1234,8,1.0467799376058613,0.0012613012005718589,0.5,0.625,0.0
stock,COP,d2,8,0.9283374604276141,0.7472449135315521,0.5,0.75,0.0
stock,COST,d12,8,1.014538421532296,0.9579283881488974,0.375,0.375,0.0
stock,COST,d123,8,0.9007331108743369,0.9320583260013231,0.5,0.5,0.0
stock,COST,d1234,8,4.5958054413025575,0.7944664635471091,0.375,0.375,0.0
stock,COST,d2,8,1.014538421532296,0.9579283881488974,0.375,0.375,0.0
stock,CRM,d12,8,1.1077594008353044,1.5168672886609382,0.375,0.125,0.0
stock,CRM,d123,8,1.9974230501534593,1.529274406309608,0.25,0.25,0.0
stock,CRM,d1234,8,1.4667736048085736,1.7168976030950522,0.375,0.25,0.0
stock,CRM,d2,8,1.1273513717119181,1.4961994182006415,0.25,0.125,0.0
stock,CSCO,d12,8,1.26277910788147,1.004390817182617,0.375,0.5,0.0
stock,CSCO,d123,8,1.034701228645967,1.2042003210394538,0.5,0.5,0.0
stock,CSCO,d1234,8,1.034701228645967,1.2042003210394538,0.5,0.5,0.0
stock,CSCO,d2,8,0.8980692945368898,0.8735298295001275,0.375,0.5,0.0
stock,DE,d12,8,0.9036768204910085,0.7933430773001978,0.625,0.75,0.0
stock,DE,d123,8,0.908002018398382,0.8311210959602948,0.75,0.75,0.0
stock,DE,d1234,8,0.7702159725604194,0.8554823902259416,0.75,0.75,0.0
stock,DE,d2,8,0.927804669361107,0.7886242281308816,0.625,0.75,0.0
stock,DIS,d12,8,1.2749433216727153,1.1205927288165658,0.25,0.375,0.0
stock,DIS,d123,8,1.628917092523897,1.3450927645676936,0.125,0.25,0.0
stock,DIS,d1234,8,1.5295210006328879,1.186618148683513,0.25,0.375,0.0
stock,DIS,d2,8,0.9616916150146875,1.0038609504152887,0.25,0.375,0.0
stock,FDX,d12,8,1.1654438323010428,1.0154231362499364,0.375,0.5,0.0
stock,FDX,d123,8,1.4134555741288413,0.5266809885991715,0.375,0.5,0.0
stock,FDX,d1234,8,1.4134555741288413,0.5266809885991715,0.375,0.5,0.0
stock,FDX,d2,8,1.1313189915402013,0.9792613229156828,0.375,0.5,0.0
stock,GE,d12,8,1.07482895044122,1.200122997274099,0.375,0.375,0.0
stock,GE,d123,8,1.394969458017821,0.5515875022056892,0.125,0.625,0.0
stock,GE,d1234,8,1.6397877095619309,0.664040052575312,0.125,0.5,0.0
stock,GE,d2,8,1.07482895044122,1.200122997274099,0.375,0.375,0.0
stock,GOOGL,d12,8,0.896273386893928,1.1582289690351804,0.5,0.25,0.0
stock,GOOGL,d123,8,0.991461293402358,1.081198726992115,0.625,0.5,0.0
stock,GOOGL,d1234,8,0.8913924745628758,1.140435382887557,0.5,0.375,0.0
stock,GOOGL,d2,8,0.9351277889837445,1.158620627829971,0.5,0.25,0.0
stock,GS,d12,8,1.111587249740636,0.9857555746952372,0.375,0.5,0.0
stock,GS,d123,8,1.0198146948643814,1.1109441321126592,0.5,0.5,0.0
stock,GS,d1234,8,1.0021337731233815,0.766975338913847,0.625,0.625,0.0
stock,GS,d2,8,1.114680293812799,1.0009117007174686,0.5,0.625,0.0
stock,IBM,d12,8,0.8846249883462532,1.019562258533036,0.5,0.625,0.0
stock,IBM,d123,8,1.0462465649944277,0.7446554762662921,0.5,0.75,0.0
stock,IBM,d1234,8,0.902774409615834,0.7479897338650027,0.375,0.75,0.0
stock,IBM,d2,8,0.8846249883462532,1.019562258533036,0.5,0.625,0.0
stock,LLY,d12,8,0.935838533582713,1.0345900662186376,0.75,0.5,0.0
stock,LLY,d123,8,0.7974827313884331,1.0708034822591896,0.75,0.375,0.0
stock,LLY,d1234,8,2.8839467293101952,2.241274022564909,0.625,0.25,0.0
stock,LLY,d2,8,0.935838533582713,1.0345900662186376,0.75,0.5,0.0
stock,MCD,d12,8,0.7074174192974783,0.9770703434595238,0.625,0.375,0.0
stock,MCD,d123,8,1.0355408020742762,0.9868630746617088,0.5,0.25,0.0
stock,MCD,d1234,8,3.263091823338526,1.669784534995355,0.125,0.125,0.0
stock,MCD,d2,8,0.8568767624656574,1.1653684983567956,0.5,0.375,0.0
stock,META,d12,8,1.1403425437198198,1.679134818311945,0.5,0.125,0.0
stock,META,d123,8,2.302830232867357,1.4017713859190313,0.125,0.375,0.0
stock,META,d1234,8,1.2909988747085828,0.6905101513162204,0.375,0.5,0.0
stock,META,d2,8,1.1403425437198198,1.679134818311945,0.5,0.125,0.0
stock,MMM,d12,8,1.0249442829275217,0.9518274187622294,0.375,0.5,0.0
stock,MMM,d123,8,1.0719743498224936,1.0608620169199285,0.5,0.5,0.0
stock,MMM,d1234,8,1.1260882398226137,0.9677893021941036,0.375,0.5,0.0
stock,MMM,d2,8,1.0249442829275217,0.9518274187622294,0.375,0.5,0.0
stock,MRK,d12,8,1.0896444129848553,1.0538416819273422,0.25,0.5,0.0
stock,MRK,d123,8,1.044469615924136,0.857282652114803,0.375,0.625,0.0
stock,MRK,d1234,8,1.1191524483132662,0.9245968889690622,0.375,0.625,0.0
stock,MRK,d2,8,1.0896444129848553,1.0538416819273422,0.25,0.5,0.0
stock,MS,d12,8,1.4008274347548526,1.053474100744569,0.25,0.375,0.0
stock,MS,d123,8,1.1266451950245886,0.7988535334877223,0.375,0.125,0.0
stock,MS,d1234,8,11.070146083295825,1.1448993610795377,0.375,0.125,0.0
stock,MS,d2,8,1.2540665329289216,0.9540060269397398,0.375,0.5,0.0
stock,NKE,d12,8,1.1620553522712003,0.9875659686247623,0.25,0.375,0.0
stock,NKE,d123,8,1.3499715221337476,0.9030101478278347,0.25,0.5,0.0
stock,NKE,d1234,8,5.660610113676752,3.0965445668207754,0.125,0.25,0.0
stock,NKE,d2,8,1.1228038833239113,1.1418274269016704,0.25,0.25,0.0
stock,NVDA,d12,8,0.8663160393651604,0.9053853608822505,0.625,0.75,0.0
stock,NVDA,d123,8,0.9562780217764816,0.6684608168510526,0.625,0.75,0.0
stock,NVDA,d1234,8,1.3248640303782577,0.7594512158439096,0.5,0.625,0.0
stock,NVDA,d2,8,0.8663160393651604,0.9053853608822505,0.625,0.75,0.0
stock,ORCL,d12,8,1.3741296450375906,0.8792630433900172,0.375,0.75,0.0
stock,ORCL,d123,8,1.1168533991616694,0.7582675004832677,0.375,0.625,0.0
stock,ORCL,d1234,8,1.1168533991616694,0.7582675004832677,0.375,0.625,0.0
stock,ORCL,d2,8,1.3741296450375906,0.8792630433900172,0.375,0.75,0.0
stock,OXY,d12,8,0.9809652468070662,0.9700179941444037,0.25,0.25,0.0
stock,OXY,d123,8,0.9747895636422282,0.8360467604906342,0.25,0.5,0.0
stock,OXY,d1234,8,0.8643246024860974,1.0676756518145545,0.375,0.25,0.0
stock,OXY,d2,8,0.9089298358053606,1.1422626945846566,0.375,0.25,0.0
stock,PEP,d12,8,1.0228774046796656,1.1721011592847994,0.5,0.375,0.0
stock,PEP,d123,8,1.3772530386080741,1.3016233869765892,0.5,0.375,0.0
stock,PEP,d1234,8,2.1364946385137134,1.2606693731686902,0.375,0.5,0.0
stock,PEP,d2,8,1.0384159388922738,1.1848079900253006,0.5,0.375,0.0
stock,PFE,d12,8,1.3225098256666385,1.1161385385027665,0.25,0.5,0.0
stock,PFE,d123,8,1.00276056016305,0.7522499149052048,0.375,0.875,0.0
stock,PFE,d1234,8,1.038288692048328,0.8241130665124476,0.375,0.75,0.0
stock,PFE,d2,8,1.1284755849516943,1.057912111245181,0.375,0.5,0.0
stock,SLB,d12,8,0.9814446023501245,1.0575069609927796,0.375,0.5,0.0
stock,SLB,d123,8,1.9929282247843982,1.6915988517957434,0.25,0.25,0.0
stock,SLB,d1234,8,1.2176194597170165,1.1564088777776667,0.5,0.5,0.0
stock,SLB,d2,8,1.136196864934739,1.0666632368329978,0.25,0.5,0.0
stock,TGT,d12,8,1.305072504007645,1.0234540759677648,0.375,0.375,0.0
stock,TGT,d123,8,1.257788515062781,1.2454568674577917,0.375,0.25,0.0
stock,TGT,d1234,8,1.257788515062781,1.2454568674577917,0.375,0.25,0.0
stock,TGT,d2,8,1.1555839966162162,1.0733522533210906,0.375,0.5,0.0
stock,TSLA,d12,8,1.5248773501132673,1.2137054113729668,0.25,0.375,0.0
stock,TSLA,d123,8,0.8599940063812183,0.8863792218096321,0.375,0.25,0.0
stock,TSLA,d1234,8,0.8862884591285561,0.9725719096553563,0.375,0.25,0.0
stock,TSLA,d2,8,1.3882997241788249,1.1504479682994377,0.375,0.375,0.0
stock,UNH,d12,8,1.1416634202322913,0.771519361769136,0.375,0.875,0.0
stock,UNH,d123,8,1.3128874878118166,0.7851481837739572,0.25,0.875,0.0
stock,UNH,d1234,8,1.0380342577540547,0.3868585809561255,0.375,0.875,0.0
stock,UNH,d2,8,0.9900228190591154,0.7970639121636376,0.375,0.625,0.0
stock,UPS,d12,8,1.2251870729580376,1.3962324822373517,0.375,0.25,0.0
stock,UPS,d123,8,1.3904939065914346,1.3308952849246065,0.5,0.375,0.0
stock,UPS,d1234,8,1.2291190926525186,1.0828796259024538,0.5,0.375,0.0
stock,UPS,d2,8,1.2294859523088222,1.270913943960617,0.5,0.375,0.0
