direction,matched_control,horizon,seed,mean_excess_adaptive_mse_advantage,transition_adaptive_mse_advantage,control_adaptive_mse_advantage
high_to_low_noise,stable_high_noise,1,0,0.062129474164583996,0.06802368073960696,0.00589420657502297
high_to_low_noise,stable_high_noise,1,1,0.08614840112788744,-0.007659031837361685,-0.09380743296524914
high_to_low_noise,stable_high_noise,1,2,-0.07581365574665025,0.47877800225925304,0.5545916580059034
high_to_low_noise,stable_high_noise,1,3,0.10305029330324234,0.18181636798492368,0.07876607468168136
high_to_low_noise,stable_high_noise,1,4,0.002268965920495991,0.012796329323790318,0.010527363403294337
high_to_low_noise,stable_high_noise,1,5,0.011946533964568318,-0.004829480577121088,-0.01677601454168941
high_to_low_noise,stable_high_noise,1,6,-0.19378903116937427,1.5475967961014758,1.7413858272708502
high_to_low_noise,stable_high_noise,1,7,0.04084851054088895,-0.004209694450908684,-0.04505820499179762
high_to_low_noise,stable_high_noise,1,8,0.018288604549898783,0.05430315587145122,0.036014551321552436
high_to_low_noise,stable_high_noise,1,9,0.07558073498567745,-0.020083371194547266,-0.09566410618022474
high_to_low_noise,stable_high_noise,1,10,0.2322899135379163,-0.015218444379975696,-0.24750835791789197
high_to_low_noise,stable_high_noise,1,11,0.06439356472521071,0.040769061566813695,-0.023624503158397
high_to_low_noise,stable_high_noise,1,12,0.07836682248080758,0.08838913276712881,0.010022310286321223
high_to_low_noise,stable_high_noise,1,13,0.185508612387093,-0.02773138608618316,-0.21323999847327615
high_to_low_noise,stable_high_noise,1,14,0.18883900859020772,1.7953943395449385,1.6065553309547305
high_to_low_noise,stable_high_noise,1,15,0.05402271260727685,-0.002384886101312284,-0.05640759870858912
high_to_low_noise,stable_high_noise,1,16,0.05340758198202111,0.050877939839503575,-0.0025296421425175354
high_to_low_noise,stable_high_noise,1,17,0.17476671669261695,0.0822429240617966,-0.09252379263082035
high_to_low_noise,stable_high_noise,1,18,0.08513875232795232,0.05157228146713202,-0.033566470860820284
high_to_low_noise,stable_high_noise,1,19,0.041904176776017245,0.08393035238607108,0.04202617561005384
high_to_low_noise,stable_high_noise,1,20,-0.018497673775648156,0.010157615294201835,0.028655289069849987
high_to_low_noise,stable_high_noise,1,21,0.11463327414707503,1.362434114104716,1.2478008399576408
high_to_low_noise,stable_high_noise,1,22,-0.03631460633626051,0.006202513783730824,0.042517120119991335
high_to_low_noise,stable_high_noise,1,23,0.13218598657330743,0.0006363981824966343,-0.13154958839081082
high_to_low_noise,stable_high_noise,1,24,0.06452273517374563,0.6512902395706349,0.5867675043968893
high_to_low_noise,stable_high_noise,1,25,0.03445684835318501,0.08838871042734109,0.05393186207415608
high_to_low_noise,stable_high_noise,1,26,0.004377009356559556,0.006556109665785445,0.002179100309225887
high_to_low_noise,stable_high_noise,1,27,0.04706955536255535,0.09030396591209203,0.04323441054953668
high_to_low_noise,stable_high_noise,1,28,0.07145840328785336,0.021668979244499436,-0.049789424043353916
high_to_low_noise,stable_high_noise,1,29,0.046629741594903976,-0.003948953799229724,-0.05057869539413369
high_to_low_noise,stable_high_noise,3,0,0.05793929655138119,0.021368605442725633,-0.03657069110865556
high_to_low_noise,stable_high_noise,3,1,-0.023445458722514946,0.005929553040340427,0.029375011762855376
high_to_low_noise,stable_high_noise,3,2,0.049910290097889734,0.4521367198201978,0.402226429722308
high_to_low_noise,stable_high_noise,3,3,0.09600726760255061,0.5649925958551879,0.46898532825263733
high_to_low_noise,stable_high_noise,3,4,0.027721351127675254,0.01634228499228796,-0.0113790661353873
high_to_low_noise,stable_high_noise,3,5,0.07961583365395228,-0.011916466916405584,-0.09153230057035787
high_to_low_noise,stable_high_noise,3,6,0.07465334094473605,1.1158756678053579,1.041222326860622
high_to_low_noise,stable_high_noise,3,7,0.029539390964513877,-0.02142115711835353,-0.05096054808286741
high_to_low_noise,stable_high_noise,3,8,0.046250034983942485,0.0317041188545829,-0.014545916129359581
high_to_low_noise,stable_high_noise,3,9,0.0340605796797301,0.09140794789883053,0.05734736821910043
high_to_low_noise,stable_high_noise,3,10,0.021297190230169828,-0.01510878352437153,-0.036405973754541354
high_to_low_noise,stable_high_noise,3,11,0.08532314618525785,0.03835198320112089,-0.04697116298413696
high_to_low_noise,stable_high_noise,3,12,0.014160036428546153,0.029745258721438062,0.015585222292891915
high_to_low_noise,stable_high_noise,3,13,0.05093214254891727,0.04624625463110403,-0.004685887917813247
high_to_low_noise,stable_high_noise,3,14,0.15476911125187143,1.5921288489501382,1.4373597376982665
high_to_low_noise,stable_high_noise,3,15,0.015117408328312664,0.0006403076803176758,-0.014477100647994984
high_to_low_noise,stable_high_noise,3,16,0.0601155027676234,0.038893348081857536,-0.02122215468576587
high_to_low_noise,stable_high_noise,3,17,0.053061309335072936,0.03470076642479542,-0.018360542910277507
high_to_low_noise,stable_high_noise,3,18,0.07911022597854316,0.018565653804976656,-0.0605445721735665
high_to_low_noise,stable_high_noise,3,19,0.07302834731198848,0.05958043632777903,-0.013447910984209449
high_to_low_noise,stable_high_noise,3,20,0.015547054712755585,-0.0027132532392049992,-0.01826030795196058
high_to_low_noise,stable_high_noise,3,21,-0.04491390724713583,0.8921700388642396,0.9370839461113754
high_to_low_noise,stable_high_noise,3,22,-0.021801058565419158,-0.005635494664596873,0.01616556390082228
high_to_low_noise,stable_high_noise,3,23,0.0025563733408193166,-0.00028705870578320594,-0.0028434320466025178
high_to_low_noise,stable_high_noise,3,24,0.051095548403522636,0.3758854693456867,0.324789920942164
high_to_low_noise,stable_high_noise,3,25,-0.013877583292036038,-0.006425168954718006,0.007452414337318028
high_to_low_noise,stable_high_noise,3,26,0.011785089589310982,-0.003724794440456476,-0.01550988402976746
high_to_low_noise,stable_high_noise,3,27,0.04677552585098318,0.053088719352998734,0.006313193502015571
high_to_low_noise,stable_high_noise,3,28,0.03829549294594618,-0.007111555270684408,-0.04540704821663059
high_to_low_noise,stable_high_noise,3,29,0.03418809397104083,0.02221869677544496,-0.011969397195595866
high_to_low_noise,stable_high_noise,6,0,0.04139694803368776,0.005303004165695075,-0.03609394386799269
high_to_low_noise,stable_high_noise,6,1,0.0724073433378725,0.004663219304927261,-0.0677441240329452
high_to_low_noise,stable_high_noise,6,2,0.08816661835407502,0.49279328360971536,0.40462666525564034
high_to_low_noise,stable_high_noise,6,3,0.175882980042809,0.6028483182010173,0.42696533815820814
high_to_low_noise,stable_high_noise,6,4,-0.005421863788516669,0.014039068297925082,0.019460932086441753
high_to_low_noise,stable_high_noise,6,5,0.1458085044891088,-0.014814942395461888,-0.16062344688457067
high_to_low_noise,stable_high_noise,6,6,0.18163837536966207,1.280694214848467,1.0990558394788046
high_to_low_noise,stable_high_noise,6,7,0.038217481222095104,-0.049628144782198416,-0.08784562600429353
high_to_low_noise,stable_high_noise,6,8,0.03580633667480953,0.024534390012499414,-0.011271946662310113
high_to_low_noise,stable_high_noise,6,9,0.0478791054907542,0.11899710514457112,0.07111799965381695
high_to_low_noise,stable_high_noise,6,10,0.10004088640122007,-0.028744275118014057,-0.12878516151923414
high_to_low_noise,stable_high_noise,6,11,0.09796834830145654,0.04719052292445648,-0.050777825377000055
high_to_low_noise,stable_high_noise,6,12,0.01586501968724943,0.01921960380528873,0.0033545841180393074
high_to_low_noise,stable_high_noise,6,13,0.049628030647609934,0.059530714227810255,0.009902683580200331
high_to_low_noise,stable_high_noise,6,14,0.18978203220419104,1.9023481296907891,1.7125660974865984
high_to_low_noise,stable_high_noise,6,15,0.027426940422913715,-0.0016779685803790935,-0.029104909003292805
high_to_low_noise,stable_high_noise,6,16,0.04643615684904524,0.05158710864052918,0.005150951791483931
high_to_low_noise,stable_high_noise,6,17,0.0858243319575391,0.034400623862368945,-0.051423708095170134
high_to_low_noise,stable_high_noise,6,18,0.07643149364781991,0.22088089191330285,0.1444493982654829
high_to_low_noise,stable_high_noise,6,19,0.03719390950557844,0.019565568053955044,-0.01762834145162339
high_to_low_noise,stable_high_noise,6,20,0.04852898873696517,-0.019711936997318526,-0.0682409257342837
high_to_low_noise,stable_high_noise,6,21,-0.01706092264770792,1.4400196898426332,1.4570806124903413
high_to_low_noise,stable_high_noise,6,22,-0.02421513601630301,-0.0015466247875677492,0.02266851122873525
high_to_low_noise,stable_high_noise,6,23,-0.01497779325722846,-0.00427772742271636,0.010700065834512102
high_to_low_noise,stable_high_noise,6,24,0.10871996451882247,0.3915992854119417,0.28287932089311923
high_to_low_noise,stable_high_noise,6,25,0.005093283653907978,-0.011884362733323437,-0.01697764638723141
high_to_low_noise,stable_high_noise,6,26,0.011769917731087693,0.007486005507578823,-0.004283912223508871
high_to_low_noise,stable_high_noise,6,27,0.024948465912786964,0.05791329411646971,0.03296482820368275
high_to_low_noise,stable_high_noise,6,28,0.00442126359823594,-0.010270477976890532,-0.01469174157512647
high_to_low_noise,stable_high_noise,6,29,0.03916721064562572,0.01091999368323909,-0.028247216962386627
high_to_low_noise,stable_high_noise,12,0,0.003997531433441916,0.006007015724731687,0.002009484291289767
high_to_low_noise,stable_high_noise,12,1,0.0956662701112681,-0.055742890313755324,-0.15140916042502342
high_to_low_noise,stable_high_noise,12,2,0.190317514593838,0.555072984305276,0.3647554697114378
high_to_low_noise,stable_high_noise,12,3,0.1945703020573241,0.7420570860743093,0.5474867840169854
high_to_low_noise,stable_high_noise,12,4,0.038932364551707344,0.015416917055521822,-0.023515447496185518
high_to_low_noise,stable_high_noise,12,5,0.07787852720576396,-0.06233784356335077,-0.14021637076911472
high_to_low_noise,stable_high_noise,12,6,0.5249435728729224,8.224568946551125,7.6996253736782005
high_to_low_noise,stable_high_noise,12,7,0.14188464465090087,0.034192881797246576,-0.1076917628536543
high_to_low_noise,stable_high_noise,12,8,0.06263225167487689,0.023056966515356613,-0.039575285159520274
high_to_low_noise,stable_high_noise,12,9,0.006056650080140795,0.08025575276367432,0.07419910268353351
high_to_low_noise,stable_high_noise,12,10,0.18523332234595496,-0.12745795155587483,-0.3126912739018299
high_to_low_noise,stable_high_noise,12,11,0.07418594437645497,0.06879173484907097,-0.0053942095273839755
high_to_low_noise,stable_high_noise,12,12,0.02711178481422449,0.009709151414383705,-0.01740263339984079
high_to_low_noise,stable_high_noise,12,13,0.00981020462381339,0.07789586977801732,0.06808566515420389
high_to_low_noise,stable_high_noise,12,14,0.43345747950829994,2.299521580522802,1.8660641010145018
high_to_low_noise,stable_high_noise,12,15,0.02851885089402048,-0.016373462336189092,-0.04489231323020957
high_to_low_noise,stable_high_noise,12,16,0.10942974944831037,0.0962453004981447,-0.013184448950165678
high_to_low_noise,stable_high_noise,12,17,0.14409741301038662,0.08353959995109765,-0.06055781305928898
high_to_low_noise,stable_high_noise,12,18,-0.01704468903920497,-0.027746421375423193,-0.010701732336218218
high_to_low_noise,stable_high_noise,12,19,0.10097151604712917,0.013932748492137494,-0.08703876755499171
high_to_low_noise,stable_high_noise,12,20,0.052347525520469784,0.0024710568845767514,-0.049876468635893026
high_to_low_noise,stable_high_noise,12,21,-0.07969462354374797,2.64715485836287,2.726849481906618
high_to_low_noise,stable_high_noise,12,22,-0.1748368036933235,-0.14099987607972,0.03383692761360344
high_to_low_noise,stable_high_noise,12,23,-0.049001673103317864,-0.030039398390962598,0.01896227471235527
high_to_low_noise,stable_high_noise,12,24,0.17272465843762033,0.32277034645788305,0.1500456880202627
high_to_low_noise,stable_high_noise,12,25,-0.07342883626625643,-0.02432366046423024,0.049105175802026196
high_to_low_noise,stable_high_noise,12,26,0.03203314585252732,0.010260848856902951,-0.02177229699562437
high_to_low_noise,stable_high_noise,12,27,0.042005532597319435,0.030387384315929647,-0.01161814828138979
high_to_low_noise,stable_high_noise,12,28,-0.08526605596317002,0.012147812185166296,0.09741386814833634
high_to_low_noise,stable_high_noise,12,29,0.030046947372627378,-0.01245378441798094,-0.04250073179060831
low_to_high_noise,stable_low_noise,1,0,-0.12417383480216504,-0.11050244907064337,0.013671385731521662
low_to_high_noise,stable_low_noise,1,1,-0.1042348255633658,-0.11752860824400202,-0.013293782680636195
low_to_high_noise,stable_low_noise,1,2,-0.027427149132082405,0.07493870414677743,0.10236585327885987
low_to_high_noise,stable_low_noise,1,3,-0.11534558428174065,-0.08803275328610898,0.027312830995631664
low_to_high_noise,stable_low_noise,1,4,-0.029624665488645462,-0.031544114293620806,-0.001919448804975355
low_to_high_noise,stable_low_noise,1,5,0.011033582954545961,0.003100702482885778,-0.0079328804716602
low_to_high_noise,stable_low_noise,1,6,-0.04468185375579572,0.32950624406789947,0.3741880978236952
low_to_high_noise,stable_low_noise,1,7,0.01818025450407713,0.022258852312664286,0.004078597808587164
low_to_high_noise,stable_low_noise,1,8,-0.010716470491913339,-0.006700693580176009,0.004015776911737323
low_to_high_noise,stable_low_noise,1,9,-0.03925598015202198,-0.03657839990726663,0.0026775802447553615
low_to_high_noise,stable_low_noise,1,10,-0.1024367066054626,-0.10812169992037404,-0.005684993314911418
low_to_high_noise,stable_low_noise,1,11,-0.09854103956175778,-0.07991865592694714,0.018622383634810648
low_to_high_noise,stable_low_noise,1,12,0.007270412631583645,0.022797805147076283,0.015527392515492646
low_to_high_noise,stable_low_noise,1,13,-0.18726527154839548,-0.25271376462222866,-0.06544849307383316
low_to_high_noise,stable_low_noise,1,14,-0.023125512738075095,-0.01545773282279092,0.00766777991528417
low_to_high_noise,stable_low_noise,1,15,-0.06251729673074083,-0.07847372871909206,-0.01595643198835122
low_to_high_noise,stable_low_noise,1,16,-0.05929751525040128,-0.07271846848187961,-0.013420953231478346
low_to_high_noise,stable_low_noise,1,17,-0.12948027742070173,-0.1274668443315255,0.0020134330891762434
low_to_high_noise,stable_low_noise,1,18,-0.0335325511689664,-0.050854554374764716,-0.017322003205798336
low_to_high_noise,stable_low_noise,1,19,-0.09934264566699666,-0.09173286935485496,0.007609776312141632
low_to_high_noise,stable_low_noise,1,20,0.006037664721233732,-0.00037577570736885697,-0.006413440428602588
low_to_high_noise,stable_low_noise,1,21,0.0347632585889283,0.3582537216543725,0.3234904630654444
low_to_high_noise,stable_low_noise,1,22,0.1525100986515985,0.177355496247757,0.024845397596158513
low_to_high_noise,stable_low_noise,1,23,0.07057390237227208,0.05732151114054781,-0.013252391231724276
low_to_high_noise,stable_low_noise,1,24,-0.07523554219617794,-0.07134481236582514,0.0038907298303528176
low_to_high_noise,stable_low_noise,1,25,0.09563677128627297,0.14125621784675996,0.04561944656048698
low_to_high_noise,stable_low_noise,1,26,-0.14239277815812454,-0.1547551642059986,-0.012362386047874041
low_to_high_noise,stable_low_noise,1,27,-0.08628783601513572,-0.06435763483991629,0.021930201175219443
low_to_high_noise,stable_low_noise,1,28,0.043266536972018585,0.04338576475519228,0.00011922778317370875
low_to_high_noise,stable_low_noise,1,29,-0.05832379133874216,-0.06683681922057746,-0.008513027881835309
low_to_high_noise,stable_low_noise,3,0,-0.04088105975215493,-0.04132980280827279,-0.00044874305611784934
low_to_high_noise,stable_low_noise,3,1,0.03294502745914194,0.024933548960485403,-0.00801147849865652
low_to_high_noise,stable_low_noise,3,2,-0.051611811975956344,0.2127733551521008,0.26438516712805715
low_to_high_noise,stable_low_noise,3,3,-0.04275066438296821,-0.035564251405434184,0.00718641297753404
low_to_high_noise,stable_low_noise,3,4,0.09177691150994319,0.08942611952154425,-0.002350791988398937
low_to_high_noise,stable_low_noise,3,5,-0.004758822978513611,-0.01156612345559851,-0.006807300477084902
low_to_high_noise,stable_low_noise,3,6,-0.079108476992479,0.27893960805385376,0.3580480850463328
low_to_high_noise,stable_low_noise,3,7,0.06988533911979823,0.04310106863393513,-0.026784270485863078
low_to_high_noise,stable_low_noise,3,8,0.0014769293983094625,0.0032037561640524707,0.0017268267657430056
low_to_high_noise,stable_low_noise,3,9,-0.013937188337649703,-0.011142039145739743,0.0027951491919099548
low_to_high_noise,stable_low_noise,3,10,0.18730459143276654,0.20080381477429085,0.013499223341524296
low_to_high_noise,stable_low_noise,3,11,-0.04393038842695395,-0.023269592695210513,0.020660795731743432
low_to_high_noise,stable_low_noise,3,12,-0.024901851003281482,-0.018680050053493668,0.006221800949787818
low_to_high_noise,stable_low_noise,3,13,0.005154690612097518,0.015970750818918012,0.010816060206820488
low_to_high_noise,stable_low_noise,3,14,-0.12039886873071555,0.29869384315482633,0.4190927118855418
low_to_high_noise,stable_low_noise,3,15,-0.0005992362198457612,-0.0025849882768052626,-0.0019857520569594995
low_to_high_noise,stable_low_noise,3,16,0.01624563622950336,0.009432780726761198,-0.00681285550274216
low_to_high_noise,stable_low_noise,3,17,0.00014522937604201093,-0.00816669606141721,-0.00831192543745922
low_to_high_noise,stable_low_noise,3,18,-0.05835980420236466,-0.06922282915919194,-0.010863024956827285
low_to_high_noise,stable_low_noise,3,19,-0.06769147948505314,-0.06289163278781178,0.0047998466972413514
low_to_high_noise,stable_low_noise,3,20,0.02834800328194075,0.02842372014199885,7.571686005809417e-05
low_to_high_noise,stable_low_noise,3,21,0.0985551152765803,0.09628677514285228,-0.0022683401337279907
low_to_high_noise,stable_low_noise,3,22,0.08747393695526547,0.0883713453480262,0.0008974083927607346
low_to_high_noise,stable_low_noise,3,23,0.057260760322899194,0.04909062001912965,-0.008170140303769556
low_to_high_noise,stable_low_noise,3,24,-0.012711662285793443,-0.015713864891263786,-0.003002202605470344
low_to_high_noise,stable_low_noise,3,25,0.07668052755325071,0.07274262487528685,-0.003937902677963876
low_to_high_noise,stable_low_noise,3,26,-0.007389248325326077,-0.014425755352338976,-0.007036507027012898
low_to_high_noise,stable_low_noise,3,27,-0.02667466912764486,-0.031023058274692816,-0.004348389147047959
low_to_high_noise,stable_low_noise,3,28,0.01204843151812819,0.01032133412088734,-0.0017270973972408471
low_to_high_noise,stable_low_noise,3,29,0.011407950018243507,0.010352665675959334,-0.0010552843422841698
low_to_high_noise,stable_low_noise,6,0,-0.011345604799389383,-0.016390855611435128,-0.005045250812045742
low_to_high_noise,stable_low_noise,6,1,-0.027548244806281465,-0.04465645954478959,-0.017108214738508112
low_to_high_noise,stable_low_noise,6,2,-0.10637222035399156,0.2679869430756655,0.3743591634296571
low_to_high_noise,stable_low_noise,6,3,-0.14392737303203654,-0.15090644834589376,-0.006979075313857192
low_to_high_noise,stable_low_noise,6,4,0.05526964540542013,0.04360324927452808,-0.011666396130892055
low_to_high_noise,stable_low_noise,6,5,-0.046725184441812,-0.04929646099315216,-0.002571276551340163
low_to_high_noise,stable_low_noise,6,6,-0.1325518055952222,0.45769715903009156,0.5902489646253135
low_to_high_noise,stable_low_noise,6,7,0.020396457749954962,-0.023020996664245424,-0.04341745441420036
low_to_high_noise,stable_low_noise,6,8,0.0024402705648717262,0.0028300557958939273,0.0003897852310222033
low_to_high_noise,stable_low_noise,6,9,-0.002054641857533338,-0.017643864062955032,-0.015589222205421688
low_to_high_noise,stable_low_noise,6,10,0.19626546937838957,0.20953660797228324,0.013271138593893674
low_to_high_noise,stable_low_noise,6,11,-0.07994387796931401,-0.04263934051731569,0.03730453745199832
low_to_high_noise,stable_low_noise,6,12,-0.02368053984690059,-0.019394586682287,0.00428595316461359
low_to_high_noise,stable_low_noise,6,13,-0.04266666314552643,-0.028175363415885855,0.014491299729640587
low_to_high_noise,stable_low_noise,6,14,-0.14811319091823832,0.42938923124644407,0.5775024221646823
low_to_high_noise,stable_low_noise,6,15,-0.013582099035815766,-0.020867121614136324,-0.007285022578320555
low_to_high_noise,stable_low_noise,6,16,-0.0408752899009084,-0.038242614159240705,0.002632675741667698
low_to_high_noise,stable_low_noise,6,17,-0.0016827295069854016,-0.020096984219101437,-0.01841425471211604
low_to_high_noise,stable_low_noise,6,18,0.18190945946337808,0.17396818891290175,-0.007941270550476338
low_to_high_noise,stable_low_noise,6,19,0.0031628681346670116,-0.0031235826366966322,-0.006286450771363645
low_to_high_noise,stable_low_noise,6,20,0.0552490550658146,0.05232102867908566,-0.0029280263867289434
low_to_high_noise,stable_low_noise,6,21,0.07780876049842682,0.07186508223674859,-0.005943678261678229
low_to_high_noise,stable_low_noise,6,22,0.15437692032711595,0.1674621231472888,0.013085202820172835
low_to_high_noise,stable_low_noise,6,23,0.1282744055923381,0.11220309471135789,-0.016071310880980207
low_to_high_noise,stable_low_noise,6,24,-0.03923772191779257,-0.05056683566253645,-0.011329113744743883
low_to_high_noise,stable_low_noise,6,25,0.07153279042660236,0.060582320771784236,-0.01095046965481814
low_to_high_noise,stable_low_noise,6,26,0.03100277619568952,0.024947213980460046,-0.006055562215229477
low_to_high_noise,stable_low_noise,6,27,-0.0392372897405063,-0.04468154776257428,-0.005444258022067991
low_to_high_noise,stable_low_noise,6,28,0.09605941227345378,0.1008725047852801,0.004813092511826316
low_to_high_noise,stable_low_noise,6,29,-0.008416214961452633,-0.012041832096729679,-0.003625617135277045
low_to_high_noise,stable_low_noise,12,0,0.059284141646021894,0.05867163733943766,-0.0006125043065842237
low_to_high_noise,stable_low_noise,12,1,-0.021865722322178174,-0.09167397301828518,-0.06980825069610702
low_to_high_noise,stable_low_noise,12,2,-0.18824799971200035,0.215785691566276,0.4040336912782763
low_to_high_noise,stable_low_noise,12,3,-0.2422085478195554,0.35878041073502165,0.6009889585545769
low_to_high_noise,stable_low_noise,12,4,-0.06700200414175839,-0.0807379520333951,-0.013735947891636692
low_to_high_noise,stable_low_noise,12,5,0.09387861655192081,0.037715235986294206,-0.056163380565626635
low_to_high_noise,stable_low_noise,12,6,-0.350594077413217,1.1264652578376317,1.4770593352508492
low_to_high_noise,stable_low_noise,12,7,-0.13828972761561015,-0.12645974719637917,0.011829980419230966
low_to_high_noise,stable_low_noise,12,8,-0.03280650266017536,-0.04045498566868895,-0.007648483008513583
low_to_high_noise,stable_low_noise,12,9,0.10533222681009838,0.0346602665449973,-0.07067196026510109
low_to_high_noise,stable_low_noise,12,10,-0.21217478184698954,-0.3031609869227479,-0.09098620507575833
low_to_high_noise,stable_low_noise,12,11,-0.05172202113836969,0.020070607116315142,0.07179262825468483
low_to_high_noise,stable_low_noise,12,12,-0.007289185600066246,-0.016151627758462152,-0.008862442158395909
low_to_high_noise,stable_low_noise,12,13,0.1641708336657061,0.1794683194640268,0.015297485798320703
low_to_high_noise,stable_low_noise,12,14,-0.3412387251699879,0.5554893587963468,0.8967280839663347
low_to_high_noise,stable_low_noise,12,15,0.05141229702288096,0.023189595294796837,-0.028222701728084137
low_to_high_noise,stable_low_noise,12,16,-0.10255841288023176,-0.08561459576193789,0.01694381711829388
low_to_high_noise,stable_low_noise,12,17,-0.09592476511410335,-0.12756151365363366,-0.03163674853953029
low_to_high_noise,stable_low_noise,12,18,0.10314140549667951,0.07944078790587722,-0.023700617590802275
low_to_high_noise,stable_low_noise,12,19,0.006810703138357893,-0.002144495539308118,-0.008955198677666015
low_to_high_noise,stable_low_noise,12,20,-0.00858620714694594,0.004450128926661587,0.013036336073607536
low_to_high_noise,stable_low_noise,12,21,0.17455345185079774,0.15963261566858608,-0.014920836182211702
low_to_high_noise,stable_low_noise,12,22,0.7643111072888038,0.826148177497391,0.06183707020858725
low_to_high_noise,stable_low_noise,12,23,0.22396364817797534,0.18988107707468335,-0.034082571103291964
low_to_high_noise,stable_low_noise,12,24,-0.15518295757616427,-0.21873761876543024,-0.06355466118926599
low_to_high_noise,stable_low_noise,12,25,0.2902016039660987,0.27977353055739107,-0.010428073408707585
low_to_high_noise,stable_low_noise,12,26,0.06884866089836836,0.06610515256339579,-0.002743508334972579
low_to_high_noise,stable_low_noise,12,27,-0.08362092352017043,-0.06659801628020273,0.017022907239967685
low_to_high_noise,stable_low_noise,12,28,0.3327179585496539,0.3593690982777739,0.02665113972811998
low_to_high_noise,stable_low_noise,12,29,-0.0035914468805061262,-0.03222407847101346,-0.028632631590507333
