parameter,setting,is_primary,n_cases,matched_minima,missed_minima,cases_with_missed_minima,positive_regret_cases,max_positive_regret,mean_abs_s_error,max_abs_s_error,mean_evaluations,median_evaluations,mean_seconds
primary,frozen,True,216,228,0,0,0,0.0,4.183683118901829e-05,9.920001091545672e-05,82.83796296296296,82.0,0.012056798611646864
initial_grid_size,5,False,216,228,0,0,0,0.0,4.183683109035107e-05,9.920001091545672e-05,75.37037037037037,74.5,0.010825500003260526
initial_grid_size,7,False,216,228,0,0,0,0.0,4.1836832241232225e-05,9.920001125673927e-05,83.04629629629629,82.0,0.011884360185595815
initial_grid_size,13,False,216,228,0,0,0,0.0,4.183683233497e-05,9.920001125673927e-05,93.83333333333333,93.5,0.01338811898582477
max_depth,4,False,216,228,0,0,0,0.0,4.183683118901829e-05,9.920001091545672e-05,71.52777777777777,71.0,0.010126874070718057
max_depth,6,False,216,228,0,0,0,0.0,4.183683118901829e-05,9.920001091545672e-05,79.98611111111111,81.5,0.011270905087628678
max_depth,10,False,216,228,0,0,0,0.0,4.183683118901829e-05,9.920001091545672e-05,82.83796296296296,82.0,0.011713944904234571
endpoint_refinement_levels,0,False,216,223,5,5,3,0.11657027206147696,0.000197091726626028,0.018492038841663394,64.01388888888889,61.0,0.008971176392622982
endpoint_refinement_levels,2,False,216,228,0,0,0,0.0,4.18368316771628e-05,9.920001091545672e-05,70.20833333333333,70.0,0.009821106483556193
endpoint_refinement_levels,4,False,216,228,0,0,0,0.0,4.183683146104095e-05,9.920001091545672e-05,75.4675925925926,75.0,0.010596866199867454
endpoint_refinement_levels,8,False,216,228,0,0,0,0.0,4.1836831284282625e-05,9.920001091545672e-05,90.80555555555556,90.0,0.012825588889730474
min_interval,0.0005,False,216,228,0,0,0,0.0,4.1836831212195737e-05,9.920001091545672e-05,88.82407407407408,88.5,0.01253978055211957
min_interval,0.002,False,216,228,0,0,0,0.0,4.18368312128372e-05,9.920001091545672e-05,76.7824074074074,75.0,0.010817112502991222
min_interval,0.005,False,216,228,0,0,0,0.0,4.183683114449655e-05,9.920001091545672e-05,70.7824074074074,69.0,0.009906151852596344
near_zero_ratio,0.1,False,216,227,1,1,0,0.0,4.1836831174788675e-05,9.920001091545672e-05,82.06944444444444,82.0,0.011513827780921323
near_zero_ratio,0.5,False,216,228,0,0,0,0.0,4.183683150654387e-05,9.92000469767218e-05,92.71296296296296,88.5,0.013035571300187494
