selector_max_inner_origins,transition,horizon,period,n_blocks,mean_selected_order,mean_selected_window,mean_selected_smoothness,mean_inner_origin_post_fraction,mean_outer_block_mse,mean_benchmark_block_mse,pooled_relative_rmsfe
5,high_to_low,1,early,360,2.161111111111111,49.8,0.8411296332761112,0.75,0.4621860743517142,0.48998103679195193,0.9712226271627036
5,high_to_low,1,late,480,2.3,51.85,0.889329337457023,1.0,0.4220406743418559,0.527178596660582,0.8947429174266005
5,high_to_low,1,mid,360,2.1944444444444446,53.06666666666667,0.8666716534854249,1.0,0.4461257967741684,0.5012673065954686,0.9433958863900601
5,high_to_low,1,pre,600,2.095,47.44,0.6930376938619492,0.0,0.18194308318268718,0.11499485762818815,1.2578491627403
5,high_to_low,3,early,360,2.0944444444444446,55.13333333333333,0.8884559384502931,0.75,0.42077700421957276,0.5789390603185539,0.8525298080385919
5,high_to_low,3,late,480,2.29375,54.0,0.9515156601484126,1.0,0.37264798854470166,0.703478066115135,0.7278202088762958
5,high_to_low,3,mid,360,2.2777777777777777,54.53333333333333,0.9540688183492105,1.0,0.38994753374744934,0.5972022769621913,0.8080576786159116
5,high_to_low,3,pre,600,1.945,51.4,0.7438905746988466,0.0,0.3400956758559907,0.23751491494927762,1.1966168436781215
5,high_to_low,6,early,360,2.136111111111111,56.06666666666667,0.9329501720640604,0.6666666666666666,0.4730757794220155,0.8080236672358314,0.7651618631760433
5,high_to_low,6,late,450,2.2844444444444445,54.50666666666667,0.9633604491354201,1.0,0.3673718683893148,1.1585246163455634,0.5631191743730755
5,high_to_low,6,mid,360,2.325,55.53333333333333,0.9745119352810199,1.0,0.4322446332141387,0.9102304331012251,0.6891109151377575
5,high_to_low,6,pre,600,1.9533333333333334,54.72,0.8527041613505145,0.0,0.6148633043481924,0.4774932815874257,1.134764274786228
5,high_to_low,12,early,360,2.1305555555555555,58.4,0.958601385415063,0.5,0.6696080140146674,1.7063081861338218,0.6264430338930496
5,high_to_low,12,late,390,2.2435897435897436,56.43076923076923,0.9729917339338534,1.0,0.5173029674724645,2.826344361714221,0.4278188808318318
5,high_to_low,12,mid,360,2.2888888888888888,56.53333333333333,0.9863184489508825,1.0,0.5576954767167396,2.111519924592864,0.5139264491020297
5,high_to_low,12,pre,600,2.0,57.52,0.9212310911899406,0.0,0.8734513587803308,1.1888728497241303,0.8571397929121375
5,low_to_high,1,early,360,2.091666666666667,47.333333333333336,0.6974829827538306,0.75,0.18826563982500336,0.11254915357275325,1.293345081060218
5,low_to_high,1,late,480,2.075,46.55,0.6285714066547824,1.0,0.20336337252309009,0.13780544552451232,1.2147955098254888
5,low_to_high,1,mid,360,2.0444444444444443,46.733333333333334,0.6411110194818803,1.0,0.18765929472638207,0.13033984205416851,1.1999038441985561
5,low_to_high,1,pre,600,2.18,51.6,0.8994129978024684,0.0,0.4119358060982895,0.5127165168429773,0.8963468930977091
5,low_to_high,3,early,360,2.036111111111111,49.86666666666667,0.812084735035836,0.75,0.29518055415995004,0.2658965209544694,1.053628584605671
5,low_to_high,3,late,480,2.0083333333333333,52.6,0.7642578339033557,1.0,0.34403153501282646,0.3687966665965252,0.9658409907146682
5,low_to_high,3,mid,360,1.9555555555555555,50.4,0.7561790285264379,1.0,0.32712480217321593,0.3123638606056055,1.023355070213798
5,low_to_high,3,pre,600,2.1283333333333334,53.2,0.9358246006223826,0.0,0.37441323445083946,0.5310800142854895,0.8396448268318147
5,low_to_high,6,early,360,2.138888888888889,55.333333333333336,0.9094334439101217,0.6666666666666666,0.42793774052672556,0.5829291642231154,0.8568058099207024
5,low_to_high,6,late,450,2.0644444444444443,54.346666666666664,0.8688882053528302,1.0,0.45286364331886186,0.8962360179344987,0.7108411018786971
5,low_to_high,6,mid,360,2.0305555555555554,52.53333333333333,0.8790570208968417,1.0,0.5116406854386287,0.7153427782836873,0.8457177340104212
5,low_to_high,6,pre,600,2.158333333333333,56.04,0.9656185084988013,0.0,0.43075713477334593,0.6992953195068988,0.7848486743201102
5,low_to_high,12,early,360,2.202777777777778,58.93333333333333,0.9513602222831146,0.5,0.8406080380417863,1.5871563070757357,0.7277578850894054
5,low_to_high,12,late,390,2.105128205128205,57.23076923076923,0.9545701538535347,1.0,0.735227897071554,2.6042608391775066,0.5313353961936146
5,low_to_high,12,mid,360,2.125,57.266666666666666,0.9574229789394502,1.0,0.7700064464630917,2.0227880845830444,0.6169812799992335
5,low_to_high,12,pre,600,2.14,58.96,0.966886640874706,0.0,0.5525805922263594,1.3120469344408552,0.6489677693599226
5,stable_high,1,early,360,2.0944444444444446,47.4,0.6305939481476851,0.75,0.17840250372057354,0.1114532778059841,1.26518504511175
5,stable_high,1,late,480,2.075,46.55,0.6285597548362911,1.0,0.20327540329410917,0.13780544558515473,1.2145327380911166
5,stable_high,1,mid,360,2.058333333333333,46.46666666666667,0.6500784922847601,1.0,0.19499528846618597,0.13033938951848698,1.2231345043860697
5,stable_high,1,pre,600,2.095,47.44,0.6930376938619492,0.0,0.18194308318268718,0.11499485762818815,1.2578491627403
5,stable_high,3,early,360,1.9972222222222222,50.13333333333333,0.7392750968201339,0.75,0.30002865226354375,0.26223308381469707,1.0696399732374193
5,stable_high,3,late,480,2.0125,51.85,0.7663292034566779,1.0,0.34442697313221887,0.36879666663413224,0.9663959116816253
5,stable_high,3,mid,360,2.0027777777777778,50.733333333333334,0.7672328835889605,1.0,0.3235929299480431,0.3123629033075156,1.0178172024819427
5,stable_high,3,pre,600,1.945,51.4,0.7438905746988466,0.0,0.3400956758559907,0.23751491494927762,1.1966168436781215
5,stable_high,6,early,360,2.075,54.93333333333333,0.8813577897188081,0.6666666666666666,0.4612633822999393,0.5733543013565151,0.896939090965889
5,stable_high,6,late,450,2.077777777777778,54.666666666666664,0.8694626773368727,1.0,0.45793752325523635,0.8962360179302106,0.7148121384578466
5,stable_high,6,mid,360,2.066666666666667,53.8,0.8860067231801643,1.0,0.501759138625034,0.7153399238851773,0.8375127233293651
5,stable_high,6,pre,600,1.9533333333333334,54.72,0.8527041613505145,0.0,0.608718845276807,0.4723161532649064,1.1352512120544338
5,stable_high,12,early,360,2.1222222222222222,59.13333333333333,0.9303768218570514,0.5,0.7477688345524606,1.5643176618724957,0.6913869946767351
5,stable_high,12,late,390,2.1,57.41538461538462,0.9529936973540246,1.0,0.7432933860010372,2.604260838404604,0.5342418357692424
5,stable_high,12,mid,360,2.102777777777778,56.06666666666667,0.9450672154925693,1.0,0.7815228077247074,2.0227805319137535,0.6215791609009885
5,stable_high,12,pre,600,2.0,57.52,0.9212310911899406,0.0,0.8717919965107418,1.1913721895768774,0.8554265192828833
5,stable_low,1,early,360,2.2583333333333333,48.666666666666664,0.9189881390701654,0.75,0.3752005765783662,0.4959875732249571,0.8697538318332501
5,stable_low,1,late,480,2.3020833333333335,51.8,0.8893719827386618,1.0,0.4217147586424043,0.527178596660582,0.8943973736183308
5,stable_low,1,mid,360,2.1805555555555554,52.53333333333333,0.868559589932254,1.0,0.44322582868581456,0.5012673065954686,0.9403246916409247
5,stable_low,1,pre,600,2.18,51.6,0.8994129978024684,0.0,0.4119358060982895,0.5127165168429773,0.8963468930977091
5,stable_low,3,early,360,2.1416666666666666,52.2,0.9385547758768207,0.75,0.3398302895265485,0.5861002731681458,0.7614564694405878
5,stable_low,3,late,480,2.2895833333333333,54.05,0.9498616920777347,1.0,0.3738554192106013,0.703478066115135,0.7289983740151386
5,stable_low,3,mid,360,2.272222222222222,53.8,0.9515561232455798,1.0,0.38787052928236326,0.5972022769621913,0.8059027986684978
5,stable_low,3,pre,600,2.1283333333333334,53.2,0.9358246006223826,0.0,0.37441323445083946,0.5310800142854895,0.8396448268318147
5,stable_low,6,early,360,2.202777777777778,54.8,0.9571634239666812,0.6666666666666666,0.3819802812601733,0.8182587780134641,0.6832429129480679
5,stable_low,6,late,450,2.2844444444444445,54.72,0.9634979932670271,1.0,0.3682479142435658,1.1585246163455634,0.5637901899235296
5,stable_low,6,mid,360,2.3194444444444446,55.666666666666664,0.9736655127209506,1.0,0.42220583113291843,0.9102304331012251,0.6810616679022885
5,stable_low,6,pre,600,2.158333333333333,56.04,0.9656185084988013,0.0,0.429907742710537,0.6995267637697179,0.7839447677484408
5,stable_low,12,early,360,2.1777777777777776,56.13333333333333,0.9738268332305807,0.5,0.7262633737585803,1.7229714759162145,0.6492441237274758
5,stable_low,12,late,390,2.2512820512820513,56.61538461538461,0.9731432179331534,1.0,0.5172217579709281,2.826344361714221,0.4277852986528241
5,stable_low,12,mid,360,2.2777777777777777,56.6,0.9852764735119744,1.0,0.5420428232501,2.111519924592864,0.5066630199638508
5,stable_low,12,pre,600,2.14,58.96,0.966886640874706,0.0,0.552726101744295,1.3090474296557684,0.64979639243166
10,high_to_low,1,early,360,2.0194444444444444,50.266666666666666,0.8044184803130983,0.5416666666666666,0.42967618250079853,0.48998103679195193,0.9364422596744546
10,high_to_low,1,late,480,2.220833333333333,50.45,0.91256999080294,1.0,0.3482639902797674,0.527178596660582,0.8127844777156861
10,high_to_low,1,mid,360,2.25,51.4,0.903777064733518,1.0,0.3847761193297537,0.5012673065954686,0.8761316412001636
10,high_to_low,1,pre,600,1.6983333333333333,45.76,0.5581107720459089,0.0,0.1533784981205482,0.11499485762818815,1.1548964077112471
10,high_to_low,3,early,360,1.9083333333333334,50.6,0.8251059666606464,0.5416666666666666,0.3972206958674154,0.5789390603185539,0.8283225945995949
10,high_to_low,3,late,480,2.2083333333333335,52.65,0.9482319816497718,1.0,0.3475942915418781,0.703478066115135,0.7029283142703473
10,high_to_low,3,mid,360,2.158333333333333,49.53333333333333,0.9696765256090824,1.0,0.3450474521862344,0.5972022769621913,0.7601139185369995
10,high_to_low,3,pre,600,1.62,49.56,0.5896211736850855,0.0,0.2617939452271828,0.23751491494927762,1.0498671708579137
10,high_to_low,6,early,360,2.0194444444444444,53.266666666666666,0.9024019016112814,0.4583333333333333,0.4371888539391674,0.8080236672358314,0.7355674449267866
10,high_to_low,6,late,450,2.2288888888888887,51.89333333333333,0.9643166412889609,1.0,0.3761301217559545,1.1585246163455634,0.5697921008455127
10,high_to_low,6,mid,360,2.188888888888889,50.4,0.9801504667272962,1.0,0.3969770579887723,0.9102304331012251,0.660399945122363
10,high_to_low,6,pre,600,1.785,53.6,0.7666300243514825,0.0,0.44077384223412736,0.4774932815874257,0.9607807078527023
10,high_to_low,12,early,360,2.033333333333333,55.53333333333333,0.9017249331023284,0.3,0.6056978509208913,1.7063081861338218,0.5957983267515654
10,high_to_low,12,late,390,2.2102564102564104,52.49230769230769,0.9705079671541347,1.0,0.4975319938627408,2.826344361714221,0.41956376031117054
10,high_to_low,12,mid,360,2.1444444444444444,52.2,0.9795275621065224,0.9916666666666667,0.5641633295583143,2.111519924592864,0.5168979799572043
10,high_to_low,12,pre,600,1.9416666666666667,56.8,0.8817291819126044,0.0,0.7913241650168059,1.1888728497241303,0.8158484814101602
10,low_to_high,1,early,360,1.9527777777777777,48.733333333333334,0.7198942620097548,0.5416666666666666,0.19867818632001613,0.11254915357275325,1.328629762422415
10,low_to_high,1,late,480,1.74375,45.2,0.530069955064328,1.0,0.14820230222965047,0.13780544552451232,1.0370370803952529
10,low_to_high,1,mid,360,1.7833333333333334,46.333333333333336,0.5201763107952752,1.0,0.1719763803945556,0.13033984205416851,1.1486713969524418
10,low_to_high,1,pre,600,2.19,52.0,0.9327138798437384,0.0,0.35420521388751375,0.5127165168429773,0.8311680119370499
10,low_to_high,3,early,360,1.9833333333333334,48.93333333333333,0.8411766801765703,0.5416666666666666,0.2609180384359512,0.2658965209544694,0.990594072541833
10,low_to_high,3,late,480,1.6854166666666666,49.65,0.5725807376623658,1.0,0.25990415464927313,0.3687966665965252,0.8394853419913837
10,low_to_high,3,mid,360,1.7694444444444444,44.666666666666664,0.710162314643041,1.0,0.28260484011933623,0.3123638606056055,0.9511727657384539
10,low_to_high,3,pre,600,2.066666666666667,52.44,0.9557619183614686,0.0,0.3374136832522322,0.5310800142854895,0.7970789980648012
10,low_to_high,6,early,360,2.1166666666666667,54.6,0.9395904109172832,0.4583333333333333,0.39135899394542456,0.5829291642231154,0.8193694503848673
10,low_to_high,6,late,450,1.86,51.78666666666667,0.747760456009215,1.0,0.42314284043020073,0.8962360179344987,0.6871195444956267
10,low_to_high,6,mid,360,1.9111111111111112,49.46666666666667,0.868462012806558,1.0,0.44398019115104004,0.7153427782836873,0.7878158214684005
10,low_to_high,6,pre,600,2.1033333333333335,54.92,0.9621630021822474,0.0,0.37455768398857137,0.6992953195068988,0.7318617415174844
10,low_to_high,12,early,360,2.1972222222222224,57.13333333333333,0.96237734760379,0.3,0.642618300754487,1.5871563070757357,0.636306991431561
10,low_to_high,12,late,390,2.023076923076923,55.93846153846154,0.9288891928514116,1.0,0.6777263074973747,2.6042608391775066,0.5101347775904824
10,low_to_high,12,mid,360,2.0861111111111112,56.0,0.9394731304013089,0.9916666666666667,0.6571347469810827,2.0227880845830444,0.5699700328867017
10,low_to_high,12,pre,600,2.111666666666667,56.0,0.9654451310097121,0.0,0.5076370517239986,1.3120469344408552,0.6220165944151375
10,stable_high,1,early,360,1.7333333333333334,45.666666666666664,0.5127425576234267,0.5416666666666666,0.14695849955315413,0.1114532778059841,1.1482882790195614
10,stable_high,1,late,480,1.74375,44.3,0.5300818586674889,1.0,0.14815697186495147,0.13780544558515473,1.0368784697286653
10,stable_high,1,mid,360,1.7777777777777777,46.86666666666667,0.5191541142681919,1.0,0.16898965539309577,0.13033938951848698,1.1386551609023512
10,stable_high,1,pre,600,1.6983333333333333,45.76,0.5581107720459089,0.0,0.1533784981205482,0.11499485762818815,1.1548964077112471
10,stable_high,3,early,360,1.711111111111111,49.666666666666664,0.6144107466249247,0.5416666666666666,0.25283302965405724,0.26223308381469707,0.9819133468002126
10,stable_high,3,late,480,1.6958333333333333,48.25,0.5773485536788971,1.0,0.26251782720509775,0.36879666663413224,0.8436958385773653
10,stable_high,3,mid,360,1.7916666666666667,47.333333333333336,0.7219891997319305,1.0,0.2788033962289197,0.3123629033075156,0.944755229401151
10,stable_high,3,pre,600,1.62,49.56,0.5896211736850855,0.0,0.2617939452271828,0.23751491494927762,1.0498671708579137
10,stable_high,6,early,360,1.9777777777777779,52.6,0.8259357586214302,0.4583333333333333,0.4418905262923055,0.5733543013565151,0.8779015340545803
10,stable_high,6,late,450,1.8777777777777778,52.32,0.7495355942144617,1.0,0.4231820408515589,0.8962360179302106,0.6871513715179504
10,stable_high,6,mid,360,1.9305555555555556,50.6,0.87746102552704,1.0,0.45067834740731544,0.7153399238851773,0.7937378939017387
10,stable_high,6,pre,600,1.785,53.6,0.7666300243514825,0.0,0.4369996191373174,0.4723161532649064,0.961887165263971
10,stable_high,12,early,360,2.058333333333333,55.666666666666664,0.8933337005619317,0.3,0.69126751731626,1.5643176618724957,0.6647534509403206
10,stable_high,12,late,390,2.028205128205128,55.01538461538462,0.9257170961370622,1.0,0.6588489535540367,2.604260838404604,0.5029799693777938
10,stable_high,12,mid,360,2.0972222222222223,55.53333333333333,0.9545717468420928,0.9916666666666667,0.6965555566726523,2.0227805319137535,0.5868180960568579
10,stable_high,12,pre,600,1.9416666666666667,56.8,0.8817291819126044,0.0,0.7901816884628851,1.1913721895768774,0.8144037252800349
10,stable_low,1,early,360,2.2527777777777778,50.733333333333334,0.9417738021125317,0.5416666666666666,0.34561079439426695,0.4959875732249571,0.8347535051682952
10,stable_low,1,late,480,2.216666666666667,50.6,0.9112299265955549,1.0,0.3485229480252287,0.527178596660582,0.8130866015791639
10,stable_low,1,mid,360,2.227777777777778,49.333333333333336,0.9039776969453897,1.0,0.3784935498096503,0.5012673065954686,0.8689495272576844
10,stable_low,1,pre,600,2.19,52.0,0.9327138798437384,0.0,0.35420521388751375,0.5127165168429773,0.8311680119370499
10,stable_low,3,early,360,2.175,51.93333333333333,0.9611206908966557,0.5416666666666666,0.339315186507335,0.5861002731681458,0.7608791558772181
10,stable_low,3,late,480,2.2041666666666666,52.5,0.9498320404251178,1.0,0.349261298942139,0.703478066115135,0.7046118648392236
10,stable_low,3,mid,360,2.216666666666667,50.06666666666667,0.9714765948009869,1.0,0.346993317566932,0.5972022769621913,0.7622542037705275
10,stable_low,3,pre,600,2.066666666666667,52.44,0.9557619183614686,0.0,0.3374136832522322,0.5310800142854895,0.7970789980648012
10,stable_low,6,early,360,2.1777777777777776,54.4,0.9636824650156167,0.4583333333333333,0.3698990655735749,0.8182587780134641,0.6723513490673507
10,stable_low,6,late,450,2.2244444444444444,52.21333333333333,0.9633601699713995,1.0,0.3777644684699787,1.1585246163455634,0.5710286788149896
10,stable_low,6,mid,360,2.2416666666666667,50.333333333333336,0.979310430995851,1.0,0.39097900852541134,0.9102304331012251,0.6553918621780406
10,stable_low,6,pre,600,2.1033333333333335,54.92,0.9621630021822474,0.0,0.37473264862345396,0.6995267637697179,0.7319115468367566
10,stable_low,12,early,360,2.2,56.666666666666664,0.9680374929676637,0.3,0.5236333303475466,1.7229714759162145,0.5512829963544243
10,stable_low,12,late,390,2.2205128205128206,52.55384615384615,0.9702940200113171,1.0,0.5027773270259218,2.826344361714221,0.4217696301248556
10,stable_low,12,mid,360,2.2222222222222223,54.06666666666667,0.9817030505214391,0.9916666666666667,0.5404346835780862,2.111519924592864,0.5059108744741367
10,stable_low,12,pre,600,2.111666666666667,56.0,0.9654451310097121,0.0,0.5099598110948255,1.3090474296557684,0.6241518823930226
20,high_to_low,1,early,360,1.6694444444444445,48.266666666666666,0.6643913790063494,0.275,0.3997733911974276,0.48998103679195193,0.9032694167167817
20,high_to_low,1,late,480,2.2,45.85,0.9545249917272488,1.0,0.3245622784432174,0.527178596660582,0.7846394448583133
20,high_to_low,1,mid,360,2.111111111111111,49.8,0.8965563324451895,0.85,0.3775458738623815,0.5012673065954686,0.8678610031942166
20,high_to_low,1,pre,600,1.39,43.76,0.41785907417729556,0.0,0.12411433060700297,0.11499485762818815,1.0388952359030108
20,high_to_low,3,early,360,1.6,46.53333333333333,0.7119379132643987,0.275,0.40628202717642714,0.5789390603185539,0.8377170976966724
20,high_to_low,3,late,480,2.127083333333333,49.4,0.9692065386166665,1.0,0.3276788475654787,0.703478066115135,0.6824941344364718
20,high_to_low,3,mid,360,2.011111111111111,48.93333333333333,0.9417906139191272,0.85,0.3544833262392676,0.5972022769621913,0.770437083668531
20,high_to_low,3,pre,600,1.4283333333333332,45.44,0.5004597485550226,0.0,0.23427452293925166,0.23751491494927762,0.9931551243081108
20,high_to_low,6,early,360,1.7694444444444444,52.333333333333336,0.8123452504230484,0.22916666666666666,0.4184322150764323,0.8080236672358314,0.7196155112362747
20,high_to_low,6,late,450,2.148888888888889,49.70666666666666,0.9762984260161637,1.0,0.3627511828399602,1.1585246163455634,0.5595666020507163
20,high_to_low,6,mid,360,2.022222222222222,49.13333333333333,0.9560044354066295,0.8125,0.3921489625546587,0.9102304331012251,0.656371717321933
20,high_to_low,6,pre,600,1.7133333333333334,48.36,0.7058978990921635,0.0,0.37569308280252156,0.4774932815874257,0.8870190904038829
20,high_to_low,12,early,360,1.9111111111111112,55.8,0.8902927299249145,0.15,0.5910212031203098,1.7063081861338218,0.5885356753319045
20,high_to_low,12,late,390,2.1307692307692307,50.276923076923076,0.9752024837775832,1.0,0.4736873156548406,2.826344361714221,0.40938633307918826
20,high_to_low,12,mid,360,2.0055555555555555,50.733333333333334,0.9571781025680868,0.725,0.5694148637070862,2.111519924592864,0.5192981887802709
20,high_to_low,12,pre,600,1.8966666666666667,50.88,0.8645299680272749,0.0,0.6696533769924822,1.1888728497241303,0.7505114581296132
20,low_to_high,1,early,360,1.9583333333333333,46.4,0.8557459961900942,0.275,0.21388329413987145,0.11254915357275325,1.378533471725476
20,low_to_high,1,late,480,1.4791666666666667,47.4,0.42498227715248443,1.0,0.13363795422271052,0.13780544552451232,0.984762992936028
20,low_to_high,1,mid,360,1.5055555555555555,42.666666666666664,0.49899829133602425,0.85,0.1488166228436862,0.13033984205416851,1.0685310019940983
20,low_to_high,1,pre,600,2.135,49.52,0.9434642980962028,0.0,0.33363619770857367,0.5127165168429773,0.8066737549716744
20,low_to_high,3,early,360,1.9722222222222223,47.53333333333333,0.9155169336771094,0.275,0.24985315876755287,0.2658965209544694,0.9693622316427126
20,low_to_high,3,late,480,1.525,47.15,0.5025227785274308,1.0,0.24996329556729718,0.3687966665965252,0.8232744309957534
20,low_to_high,3,mid,360,1.636111111111111,43.0,0.6720581430887811,0.85,0.2657404008496973,0.3123638606056055,0.9223556278400099
20,low_to_high,3,pre,600,2.0083333333333333,48.68,0.9660088320985933,0.0,0.31933416208579657,0.5310800142854895,0.7754302009144716
20,low_to_high,6,early,360,2.05,52.666666666666664,0.9418931519324376,0.22916666666666666,0.37899955317845413,0.5829291642231154,0.806327472696254
20,low_to_high,6,late,450,1.8222222222222222,48.74666666666667,0.7676106490104242,1.0,0.3826233039480278,0.8962360179344987,0.6533930521246021
20,low_to_high,6,mid,360,1.8944444444444444,44.46666666666667,0.9024112983304446,0.8125,0.4289659348277864,0.7153427782836873,0.7743803141574505
20,low_to_high,6,pre,600,2.02,51.8,0.9617183593460201,0.0,0.3509368440921556,0.6992953195068988,0.7084091669275298
20,low_to_high,12,early,360,2.088888888888889,54.733333333333334,0.9608409184927978,0.15,0.6238329666730262,1.5871563070757357,0.6269375914550901
20,low_to_high,12,late,390,1.9615384615384615,53.23076923076923,0.9362907762556293,1.0,0.5897493997237807,2.6042608391775066,0.4758734919618271
20,low_to_high,12,mid,360,1.961111111111111,51.6,0.9427209920080949,0.725,0.6787264145144691,2.0227880845830444,0.5792581891868233
20,low_to_high,12,pre,600,1.9983333333333333,50.0,0.9559949020318105,0.0,0.47025903693992577,1.3120469344408552,0.5986788139809508
20,stable_high,1,early,360,1.4222222222222223,44.733333333333334,0.3863928346875208,0.275,0.12053006069409214,0.1114532778059841,1.0399231946255478
20,stable_high,1,late,480,1.4770833333333333,46.55,0.42485411959611613,1.0,0.13363453596852906,0.13780544558515473,0.9847503982742972
20,stable_high,1,mid,360,1.4694444444444446,40.8,0.4218150178133072,0.85,0.14876090143862564,0.13033938951848698,1.0683327928541413
20,stable_high,1,pre,600,1.39,43.76,0.41785907417729556,0.0,0.12411433060700297,0.11499485762818815,1.0388952359030108
20,stable_high,3,early,360,1.461111111111111,43.6,0.5035547488827332,0.275,0.2127891445385138,0.26223308381469707,0.9008054253995794
20,stable_high,3,late,480,1.525,45.85,0.5005235382426716,1.0,0.25023086545072065,0.36879666663413224,0.8237149446793546
20,stable_high,3,mid,360,1.5,45.266666666666666,0.5163897805026358,0.85,0.25041867909151955,0.3123629033075156,0.8953722592838176
20,stable_high,3,pre,600,1.4283333333333332,45.44,0.5004597485550226,0.0,0.23427452293925166,0.23751491494927762,0.9931551243081108
20,stable_high,6,early,360,1.6861111111111111,51.333333333333336,0.6968702760549783,0.22916666666666666,0.35725211945729307,0.5733543013565151,0.7893613710229478
20,stable_high,6,late,450,1.8066666666666666,49.38666666666666,0.7643201489616475,1.0,0.38266474167811976,0.8962360179302106,0.6534284320829608
20,stable_high,6,mid,360,1.8472222222222223,46.733333333333334,0.8388487953997649,0.8125,0.4544851375088185,0.7153399238851773,0.7970831174767609
20,stable_high,6,pre,600,1.7133333333333334,48.36,0.7058978990921635,0.0,0.3726480625655796,0.4723161532649064,0.8882455378009764
20,stable_high,12,early,360,1.9166666666666667,56.4,0.8799114205691045,0.15,0.6012310136489092,1.5643176618724957,0.6199522108719908
20,stable_high,12,late,390,1.9461538461538461,54.646153846153844,0.9283498232325581,1.0,0.6119862222445029,2.604260838404604,0.48476201531636254
20,stable_high,12,mid,360,1.8944444444444444,51.266666666666666,0.8905903860145742,0.725,0.6915649464276626,2.0227805319137535,0.5847121298860769
20,stable_high,12,pre,600,1.8966666666666667,50.88,0.8645299680272749,0.0,0.6722465500517796,1.1913721895768774,0.7511740251133353
20,stable_low,1,early,360,2.1555555555555554,51.4,0.947632230150125,0.275,0.3315926469263391,0.4959875732249571,0.8176492598901676
20,stable_low,1,late,480,2.2041666666666666,45.45,0.9557260689982776,1.0,0.32553048196032847,0.527178596660582,0.7858089044731895
20,stable_low,1,mid,360,2.216666666666667,46.86666666666667,0.9502012219364425,0.85,0.35857391056906945,0.5012673065954686,0.8457746297388965
20,stable_low,1,pre,600,2.135,49.52,0.9434642980962028,0.0,0.33363619770857367,0.5127165168429773,0.8066737549716744
20,stable_low,3,early,360,2.0805555555555557,51.86666666666667,0.9621436647780133,0.275,0.31994742831782347,0.5861002731681458,0.7388450192425514
20,stable_low,3,late,480,2.1645833333333333,50.2,0.9701278238028915,1.0,0.3284432205335373,0.703478066115135,0.6832896941682443
20,stable_low,3,mid,360,2.1277777777777778,49.0,0.9718228211993464,0.85,0.3312848207517976,0.5972022769621913,0.7448006400358016
20,stable_low,3,pre,600,2.0083333333333333,48.68,0.9660088320985933,0.0,0.31933416208579657,0.5310800142854895,0.7754302009144716
20,stable_low,6,early,360,2.1166666666666667,55.0,0.9684784492599584,0.22916666666666666,0.3554097870440702,0.8182587780134641,0.6590515032898846
20,stable_low,6,late,450,2.1533333333333333,50.45333333333333,0.97716644156149,1.0,0.3642695077165443,1.1585246163455634,0.5607364352119989
20,stable_low,6,mid,360,2.113888888888889,48.93333333333333,0.974659647672444,0.8125,0.3790868468017509,0.9102304331012251,0.6453475744000462
20,stable_low,6,pre,600,2.02,51.8,0.9617183593460201,0.0,0.35159555742236065,0.6995267637697179,0.7089563909830007
20,stable_low,12,early,360,2.1166666666666667,55.86666666666667,0.9650373780663657,0.15,0.5113444096767101,1.7229714759162145,0.54477568108227
20,stable_low,12,late,390,2.164102564102564,52.30769230769231,0.9781597313767886,1.0,0.46870690173394564,2.826344361714221,0.40722847383316063
20,stable_low,12,mid,360,2.066666666666667,51.8,0.9713418093493309,0.725,0.5116764697599852,2.111519924592864,0.4922663288627487
20,stable_low,12,pre,600,1.9983333333333333,50.0,0.9559949020318105,0.0,0.4678673439181399,1.3090474296557684,0.5978382191970049
30,high_to_low,1,early,360,1.4583333333333333,45.4,0.5751372511707918,0.18333333333333332,0.38781216141056946,0.48998103679195193,0.8896538773036949
30,high_to_low,1,late,480,2.175,47.2,0.9565572106455604,0.95625,0.3298465704228202,0.527178596660582,0.7910011257660164
30,high_to_low,1,mid,360,1.8555555555555556,47.266666666666666,0.8395885802108368,0.5833333333333334,0.3821437520494628,0.5012673065954686,0.8731295599626889
30,high_to_low,1,pre,600,1.3466666666666667,43.24,0.3761227717818074,0.0,0.1216241827696315,0.11499485762818815,1.0284205771089892
30,high_to_low,3,early,360,1.4638888888888888,44.8,0.6279817544493463,0.18333333333333332,0.4000804366280996,0.5789390603185539,0.8312989497362361
30,high_to_low,3,late,480,2.029166666666667,47.15,0.9639835747303942,0.95625,0.32488625517015374,0.703478066115135,0.6795796862133624
30,high_to_low,3,mid,360,1.7805555555555554,45.8,0.8876267410413529,0.5833333333333334,0.34904063795734575,0.5972022769621913,0.7644996121695388
30,high_to_low,3,pre,600,1.405,44.52,0.4698237860569468,0.0,0.23204983114601588,0.23751491494927762,0.9884283311479514
30,high_to_low,6,early,360,1.7166666666666666,49.8,0.7844765688803834,0.1527777777777778,0.3987333980315755,0.8080236672358314,0.7024724009064433
30,high_to_low,6,late,450,2.011111111111111,49.49333333333333,0.9645769745024443,0.9377777777777778,0.35169995278477073,1.1585246163455634,0.5509770658679406
30,high_to_low,6,mid,360,1.8444444444444446,45.0,0.9264900485858678,0.55,0.39896423895592625,0.9102304331012251,0.6620507911321963
30,high_to_low,6,pre,600,1.7083333333333333,47.4,0.6945341218815823,0.0,0.36372136418755324,0.4774932815874257,0.8727719358214151
30,high_to_low,12,early,360,1.8666666666666667,55.6,0.8635026281121297,0.1,0.5708787867940558,1.7063081861338218,0.5784198860111048
30,high_to_low,12,late,390,1.9897435897435898,48.676923076923075,0.9638800446112049,0.8846153846153846,0.4619522884611817,2.826344361714221,0.4042835065242208
30,high_to_low,12,mid,360,1.8416666666666666,52.53333333333333,0.9194437477311955,0.48333333333333334,0.526131789474539,2.111519924592864,0.4991713829284399
30,high_to_low,12,pre,600,1.8683333333333334,51.04,0.8423410369292511,0.0,0.65076334409623,1.1888728497241303,0.7398502697913325
30,low_to_high,1,early,360,1.9472222222222222,48.2,0.9148700807014903,0.18333333333333332,0.21243159105896123,0.11254915357275325,1.373847204333625
30,low_to_high,1,late,480,1.35625,44.05,0.37828642176957267,0.95625,0.12704383933727062,0.13780544552451232,0.9601600127770413
30,low_to_high,1,mid,360,1.6444444444444444,41.0,0.7201942603669996,0.5833333333333334,0.16326361899317868,0.13033984205416851,1.1191959098843693
30,low_to_high,1,pre,600,2.175,49.68,0.9539634635680663,0.0,0.33092631793796246,0.5127165168429773,0.8033910688963664
30,low_to_high,3,early,360,1.9444444444444444,47.4,0.9499269226554754,0.18333333333333332,0.24819759389553062,0.2658965209544694,0.9661453233735998
30,low_to_high,3,late,480,1.4791666666666667,44.75,0.5338872713256282,0.95625,0.2307823591901029,0.3687966665965252,0.7910570599310769
30,low_to_high,3,mid,360,1.7027777777777777,38.8,0.828327781854964,0.5833333333333334,0.2849761189311466,0.3123638606056055,0.9551549767674197
30,low_to_high,3,pre,600,2.02,49.24,0.9675579315685796,0.0,0.31658119842244,0.5310800142854895,0.7720804935979483
30,low_to_high,6,early,360,1.9916666666666667,50.06666666666667,0.959490395265702,0.1527777777777778,0.3581026219722506,0.5829291642231154,0.7837830342573479
30,low_to_high,6,late,450,1.8,47.46666666666667,0.834411548120094,0.9377777777777778,0.3762492211246611,0.8962360179344987,0.6479277909226547
30,low_to_high,6,mid,360,1.8416666666666666,43.333333333333336,0.9370357337783778,0.55,0.39795096178134975,0.7153427782836873,0.7458606250268013
30,low_to_high,6,pre,600,2.0016666666666665,50.32,0.9642360544686941,0.0,0.35140976519305395,0.6992953195068988,0.7088863309191065
30,low_to_high,12,early,360,2.0055555555555555,50.266666666666666,0.9576776873619453,0.1,0.6132251775861083,1.5871563070757357,0.6215844469863939
30,low_to_high,12,late,390,1.905128205128205,52.98461538461538,0.9279110838066532,0.8846153846153846,0.5747525589853645,2.6042608391775066,0.4697839947800656
30,low_to_high,12,mid,360,1.8888888888888888,47.86666666666667,0.9517896364283127,0.48333333333333334,0.6066655393115401,2.0227880845830444,0.5476454323211526
30,low_to_high,12,pre,600,2.005,49.88,0.9624619549215536,0.0,0.46509328812759887,1.3120469344408552,0.595381520210992
30,stable_high,1,early,360,1.3055555555555556,45.733333333333334,0.3259808276253375,0.18333333333333332,0.11398811623790056,0.1114532778059841,1.0113078202263124
30,stable_high,1,late,480,1.3104166666666666,44.8,0.3392313226207086,0.95625,0.123939520868072,0.13780544558515473,0.9483566996228585
30,stable_high,1,mid,360,1.336111111111111,45.266666666666666,0.35825582959679014,0.5833333333333334,0.1277610285715262,0.13033938951848698,0.990059643980398
30,stable_high,1,pre,600,1.3466666666666667,43.24,0.3761227717818074,0.0,0.1216241827696315,0.11499485762818815,1.0284205771089892
30,stable_high,3,early,360,1.3972222222222221,44.6,0.46659412019323887,0.18333333333333332,0.20297453886000036,0.26223308381469707,0.8797859874590078
30,stable_high,3,late,480,1.45,44.7,0.4858075897300181,0.95625,0.2391017232886326,0.36879666663413224,0.8051890489669515
30,stable_high,3,mid,360,1.3944444444444444,43.0,0.4576342450225606,0.5833333333333334,0.24606475316462703,0.3123629033075156,0.8875543953469384
30,stable_high,3,pre,600,1.405,44.52,0.4698237860569468,0.0,0.23204983114601588,0.23751491494927762,0.9884283311479514
30,stable_high,6,early,360,1.6388888888888888,49.333333333333336,0.6942459918344327,0.1527777777777778,0.32224484656432933,0.5733543013565151,0.7496895425043149
30,stable_high,6,late,450,1.7777777777777777,48.21333333333333,0.7920854551078234,0.9377777777777778,0.36923873763542764,0.8962360179302106,0.6418631336830433
30,stable_high,6,mid,360,1.6472222222222221,46.666666666666664,0.7331551738762769,0.55,0.4305896269780147,0.7153399238851773,0.7758460432185682
30,stable_high,6,pre,600,1.7083333333333333,47.4,0.6945341218815823,0.0,0.36022059247656657,0.4723161532649064,0.873308864999567
30,stable_high,12,early,360,1.8777777777777778,55.333333333333336,0.8633792543901229,0.1,0.5881037279212943,1.5643176618724957,0.6131468364063359
30,stable_high,12,late,390,1.8974358974358974,52.8,0.8973968023110726,0.8846153846153846,0.5885627393515713,2.604260838404604,0.4753944880978491
30,stable_high,12,mid,360,1.7833333333333334,50.666666666666664,0.8729101202031987,0.48333333333333334,0.6438899784116413,2.0227805319137535,0.5641978804536534
30,stable_high,12,pre,600,1.8683333333333334,51.04,0.8423410369292511,0.0,0.6543397868774699,1.1913721895768774,0.7411019143031775
30,stable_low,1,early,360,2.1,48.0,0.9589633996045663,0.18333333333333332,0.3209411841499154,0.4959875732249571,0.8044097530603195
30,stable_low,1,late,480,2.2104166666666667,46.55,0.964222644643354,0.95625,0.33323933416989343,0.527178596660582,0.7950587914245921
30,stable_low,1,mid,360,2.1527777777777777,49.06666666666667,0.9556816223213596,0.5833333333333334,0.3411606954091839,0.5012673065954686,0.824982631545259
30,stable_low,1,pre,600,2.175,49.68,0.9539634635680663,0.0,0.33092631793796246,0.5127165168429773,0.8033910688963664
30,stable_low,3,early,360,2.0305555555555554,52.4,0.9715477883693707,0.18333333333333332,0.31038608236950543,0.5861002731681458,0.7277214191732008
30,stable_low,3,late,480,2.08125,48.55,0.9699797699620836,0.95625,0.32206255028490693,0.703478066115135,0.6766200038580523
30,stable_low,3,mid,360,2.0861111111111112,51.86666666666667,0.9727000521105769,0.5833333333333334,0.3261460358321021,0.5972022769621913,0.7390015080850915
30,stable_low,3,pre,600,2.02,49.24,0.9675579315685796,0.0,0.31658119842244,0.5310800142854895,0.7720804935979483
30,stable_low,6,early,360,2.0444444444444443,52.8,0.969684190299188,0.1527777777777778,0.3548979272331418,0.8182587780134641,0.6585767505715229
30,stable_low,6,late,450,2.0933333333333333,51.52,0.9730371623873384,0.9377777777777778,0.34788587587101705,1.1585246163455634,0.5479813340809498
30,stable_low,6,mid,360,2.091666666666667,51.266666666666666,0.9738727045526179,0.55,0.3597285598275674,0.9102304331012251,0.6286541452727571
30,stable_low,6,pre,600,2.0016666666666665,50.32,0.9642360544686941,0.0,0.3514769786861802,0.6995267637697179,0.7088368299698284
30,stable_low,12,early,360,2.0166666666666666,51.666666666666664,0.9618967376794706,0.1,0.48667153648729633,1.7229714759162145,0.5314702138125186
30,stable_low,12,late,390,2.094871794871795,51.753846153846155,0.9711474058479291,0.8846153846153846,0.4487198953515381,2.826344361714221,0.39845118730766965
30,stable_low,12,mid,360,2.0527777777777776,52.333333333333336,0.9710619721021101,0.48333333333333334,0.45950764999683974,2.111519924592864,0.4664969204137976
30,stable_low,12,pre,600,2.005,49.88,0.9624619549215536,0.0,0.4639397471681258,1.3090474296557684,0.5953236003749316
