series,family,order,window,horizon,split_number,train_start_date,train_end_date,validation_start_date,validation_end_date,development_start_date,development_end_date,final_train_start_date,final_train_end_date,test_start_date,test_end_date,scored_test_start_date,scored_test_end_date
GDPC1,GDP,1,40,1,1,2008-07-01,2018-04-01,2018-07-01,2018-07-01,1964-07-01,2024-04-01,2014-07-01,2024-04-01,2024-07-01,2026-04-01,2024-07-01,2024-07-01
GDPC1,GDP,1,40,1,2,2008-10-01,2018-07-01,2018-10-01,2018-10-01,1964-07-01,2024-04-01,2014-07-01,2024-04-01,2024-07-01,2026-04-01,2024-07-01,2024-07-01
GDPC1,GDP,1,40,1,3,2009-01-01,2018-10-01,2019-01-01,2019-01-01,1964-07-01,2024-04-01,2014-07-01,2024-04-01,2024-07-01,2026-04-01,2024-07-01,2024-07-01
GDPC1,GDP,1,40,1,4,2009-04-01,2019-01-01,2019-04-01,2019-04-01,1964-07-01,2024-04-01,2014-07-01,2024-04-01,2024-07-01,2026-04-01,2024-07-01,2024-07-01
GDPC1,GDP,1,40,1,5,2009-07-01,2019-04-01,2019-07-01,2019-07-01,1964-07-01,2024-04-01,2014-07-01,2024-04-01,2024-07-01,2026-04-01,2024-07-01,2024-07-01
GDPC1,GDP,1,40,1,6,2009-10-01,2019-07-01,2019-10-01,2019-10-01,1964-07-01,2024-04-01,2014-07-01,2024-04-01,2024-07-01,2026-04-01,2024-07-01,2024-07-01
GDPC1,GDP,1,40,1,7,2010-01-01,2019-10-01,2020-01-01,2020-01-01,1964-07-01,2024-04-01,2014-07-01,2024-04-01,2024-07-01,2026-04-01,2024-07-01,2024-07-01
GDPC1,GDP,1,40,1,8,2010-04-01,2020-01-01,2020-04-01,2020-04-01,1964-07-01,2024-04-01,2014-07-01,2024-04-01,2024-07-01,2026-04-01,2024-07-01,2024-07-01
GDPC1,GDP,1,40,1,9,2010-07-01,2020-04-01,2020-07-01,2020-07-01,1964-07-01,2024-04-01,2014-07-01,2024-04-01,2024-07-01,2026-04-01,2024-07-01,2024-07-01
GDPC1,GDP,1,40,1,10,2010-10-01,2020-07-01,2020-10-01,2020-10-01,1964-07-01,2024-04-01,2014-07-01,2024-04-01,2024-07-01,2026-04-01,2024-07-01,2024-07-01
GDPC1,GDP,1,40,1,11,2011-01-01,2020-10-01,2021-01-01,2021-01-01,1964-07-01,2024-04-01,2014-07-01,2024-04-01,2024-07-01,2026-04-01,2024-07-01,2024-07-01
GDPC1,GDP,1,40,1,12,2011-04-01,2021-01-01,2021-04-01,2021-04-01,1964-07-01,2024-04-01,2014-07-01,2024-04-01,2024-07-01,2026-04-01,2024-07-01,2024-07-01
GDPC1,GDP,1,40,1,13,2011-07-01,2021-04-01,2021-07-01,2021-07-01,1964-07-01,2024-04-01,2014-07-01,2024-04-01,2024-07-01,2026-04-01,2024-07-01,2024-07-01
GDPC1,GDP,1,40,1,14,2011-10-01,2021-07-01,2021-10-01,2021-10-01,1964-07-01,2024-04-01,2014-07-01,2024-04-01,2024-07-01,2026-04-01,2024-07-01,2024-07-01
GDPC1,GDP,1,40,1,15,2012-01-01,2021-10-01,2022-01-01,2022-01-01,1964-07-01,2024-04-01,2014-07-01,2024-04-01,2024-07-01,2026-04-01,2024-07-01,2024-07-01
GDPC1,GDP,1,40,1,16,2012-04-01,2022-01-01,2022-04-01,2022-04-01,1964-07-01,2024-04-01,2014-07-01,2024-04-01,2024-07-01,2026-04-01,2024-07-01,2024-07-01
GDPC1,GDP,1,40,1,17,2012-07-01,2022-04-01,2022-07-01,2022-07-01,1964-07-01,2024-04-01,2014-07-01,2024-04-01,2024-07-01,2026-04-01,2024-07-01,2024-07-01
GDPC1,GDP,1,40,1,18,2012-10-01,2022-07-01,2022-10-01,2022-10-01,1964-07-01,2024-04-01,2014-07-01,2024-04-01,2024-07-01,2026-04-01,2024-07-01,2024-07-01
GDPC1,GDP,1,40,1,19,2013-01-01,2022-10-01,2023-01-01,2023-01-01,1964-07-01,2024-04-01,2014-07-01,2024-04-01,2024-07-01,2026-04-01,2024-07-01,2024-07-01
GDPC1,GDP,1,40,1,20,2013-04-01,2023-01-01,2023-04-01,2023-04-01,1964-07-01,2024-04-01,2014-07-01,2024-04-01,2024-07-01,2026-04-01,2024-07-01,2024-07-01
GDPC1,GDP,1,40,1,21,2013-07-01,2023-04-01,2023-07-01,2023-07-01,1964-07-01,2024-04-01,2014-07-01,2024-04-01,2024-07-01,2026-04-01,2024-07-01,2024-07-01
GDPC1,GDP,1,40,1,22,2013-10-01,2023-07-01,2023-10-01,2023-10-01,1964-07-01,2024-04-01,2014-07-01,2024-04-01,2024-07-01,2026-04-01,2024-07-01,2024-07-01
GDPC1,GDP,1,40,1,23,2014-01-01,2023-10-01,2024-01-01,2024-01-01,1964-07-01,2024-04-01,2014-07-01,2024-04-01,2024-07-01,2026-04-01,2024-07-01,2024-07-01
GDPC1,GDP,1,40,1,24,2014-04-01,2024-01-01,2024-04-01,2024-04-01,1964-07-01,2024-04-01,2014-07-01,2024-04-01,2024-07-01,2026-04-01,2024-07-01,2024-07-01
SPY,ETF,1,126,60,1,2025-03-04,2025-09-02,2025-09-03,2025-11-25,2018-07-18,2026-07-02,2025-12-31,2026-07-02,2026-07-06,2026-09-28,2026-07-06,2026-09-28
SPY,ETF,1,126,60,2,2025-03-11,2025-09-09,2025-09-10,2025-12-03,2018-07-18,2026-07-02,2025-12-31,2026-07-02,2026-07-06,2026-09-28,2026-07-06,2026-09-28
SPY,ETF,1,126,60,3,2025-03-18,2025-09-16,2025-09-17,2025-12-10,2018-07-18,2026-07-02,2025-12-31,2026-07-02,2026-07-06,2026-09-28,2026-07-06,2026-09-28
SPY,ETF,1,126,60,4,2025-03-25,2025-09-23,2025-09-24,2025-12-17,2018-07-18,2026-07-02,2025-12-31,2026-07-02,2026-07-06,2026-09-28,2026-07-06,2026-09-28
SPY,ETF,1,126,60,5,2025-04-01,2025-09-30,2025-10-01,2025-12-24,2018-07-18,2026-07-02,2025-12-31,2026-07-02,2026-07-06,2026-09-28,2026-07-06,2026-09-28
SPY,ETF,1,126,60,6,2025-04-08,2025-10-07,2025-10-08,2026-01-02,2018-07-18,2026-07-02,2025-12-31,2026-07-02,2026-07-06,2026-09-28,2026-07-06,2026-09-28
SPY,ETF,1,126,60,7,2025-04-15,2025-10-14,2025-10-15,2026-01-09,2018-07-18,2026-07-02,2025-12-31,2026-07-02,2026-07-06,2026-09-28,2026-07-06,2026-09-28
SPY,ETF,1,126,60,8,2025-04-23,2025-10-21,2025-10-22,2026-01-16,2018-07-18,2026-07-02,2025-12-31,2026-07-02,2026-07-06,2026-09-28,2026-07-06,2026-09-28
SPY,ETF,1,126,60,9,2025-04-30,2025-10-28,2025-10-29,2026-01-26,2018-07-18,2026-07-02,2025-12-31,2026-07-02,2026-07-06,2026-09-28,2026-07-06,2026-09-28
SPY,ETF,1,126,60,10,2025-05-07,2025-11-04,2025-11-05,2026-02-02,2018-07-18,2026-07-02,2025-12-31,2026-07-02,2026-07-06,2026-09-28,2026-07-06,2026-09-28
SPY,ETF,1,126,60,11,2025-05-14,2025-11-11,2025-11-12,2026-02-09,2018-07-18,2026-07-02,2025-12-31,2026-07-02,2026-07-06,2026-09-28,2026-07-06,2026-09-28
SPY,ETF,1,126,60,12,2025-05-21,2025-11-18,2025-11-19,2026-02-17,2018-07-18,2026-07-02,2025-12-31,2026-07-02,2026-07-06,2026-09-28,2026-07-06,2026-09-28
SPY,ETF,1,126,60,13,2025-05-29,2025-11-25,2025-11-26,2026-02-24,2018-07-18,2026-07-02,2025-12-31,2026-07-02,2026-07-06,2026-09-28,2026-07-06,2026-09-28
SPY,ETF,1,126,60,14,2025-06-05,2025-12-03,2025-12-04,2026-03-03,2018-07-18,2026-07-02,2025-12-31,2026-07-02,2026-07-06,2026-09-28,2026-07-06,2026-09-28
SPY,ETF,1,126,60,15,2025-06-12,2025-12-10,2025-12-11,2026-03-10,2018-07-18,2026-07-02,2025-12-31,2026-07-02,2026-07-06,2026-09-28,2026-07-06,2026-09-28
SPY,ETF,1,126,60,16,2025-06-20,2025-12-17,2025-12-18,2026-03-17,2018-07-18,2026-07-02,2025-12-31,2026-07-02,2026-07-06,2026-09-28,2026-07-06,2026-09-28
SPY,ETF,1,126,60,17,2025-06-27,2025-12-24,2025-12-26,2026-03-24,2018-07-18,2026-07-02,2025-12-31,2026-07-02,2026-07-06,2026-09-28,2026-07-06,2026-09-28
SPY,ETF,1,126,60,18,2025-07-07,2026-01-02,2026-01-05,2026-03-31,2018-07-18,2026-07-02,2025-12-31,2026-07-02,2026-07-06,2026-09-28,2026-07-06,2026-09-28
SPY,ETF,1,126,60,19,2025-07-14,2026-01-09,2026-01-12,2026-04-08,2018-07-18,2026-07-02,2025-12-31,2026-07-02,2026-07-06,2026-09-28,2026-07-06,2026-09-28
SPY,ETF,1,126,60,20,2025-07-21,2026-01-16,2026-01-20,2026-04-15,2018-07-18,2026-07-02,2025-12-31,2026-07-02,2026-07-06,2026-09-28,2026-07-06,2026-09-28
SPY,ETF,1,126,60,21,2025-07-28,2026-01-26,2026-01-27,2026-04-22,2018-07-18,2026-07-02,2025-12-31,2026-07-02,2026-07-06,2026-09-28,2026-07-06,2026-09-28
SPY,ETF,1,126,60,22,2025-08-04,2026-02-02,2026-02-03,2026-04-29,2018-07-18,2026-07-02,2025-12-31,2026-07-02,2026-07-06,2026-09-28,2026-07-06,2026-09-28
SPY,ETF,1,126,60,23,2025-08-11,2026-02-09,2026-02-10,2026-05-06,2018-07-18,2026-07-02,2025-12-31,2026-07-02,2026-07-06,2026-09-28,2026-07-06,2026-09-28
SPY,ETF,1,126,60,24,2025-08-18,2026-02-17,2026-02-18,2026-05-13,2018-07-18,2026-07-02,2025-12-31,2026-07-02,2026-07-06,2026-09-28,2026-07-06,2026-09-28
SPY,ETF,1,126,60,25,2025-08-25,2026-02-24,2026-02-25,2026-05-20,2018-07-18,2026-07-02,2025-12-31,2026-07-02,2026-07-06,2026-09-28,2026-07-06,2026-09-28
SPY,ETF,1,126,60,26,2025-09-02,2026-03-03,2026-03-04,2026-05-28,2018-07-18,2026-07-02,2025-12-31,2026-07-02,2026-07-06,2026-09-28,2026-07-06,2026-09-28
SPY,ETF,1,126,60,27,2025-09-09,2026-03-10,2026-03-11,2026-06-04,2018-07-18,2026-07-02,2025-12-31,2026-07-02,2026-07-06,2026-09-28,2026-07-06,2026-09-28
SPY,ETF,1,126,60,28,2025-09-16,2026-03-17,2026-03-18,2026-06-11,2018-07-18,2026-07-02,2025-12-31,2026-07-02,2026-07-06,2026-09-28,2026-07-06,2026-09-28
SPY,ETF,1,126,60,29,2025-09-23,2026-03-24,2026-03-25,2026-06-18,2018-07-18,2026-07-02,2025-12-31,2026-07-02,2026-07-06,2026-09-28,2026-07-06,2026-09-28
SPY,ETF,1,126,60,30,2025-09-30,2026-03-31,2026-04-01,2026-06-26,2018-07-18,2026-07-02,2025-12-31,2026-07-02,2026-07-06,2026-09-28,2026-07-06,2026-09-28
AAPL,Stock,2,252,1,1,2024-11-25,2025-11-26,2025-11-28,2025-11-28,2018-07-18,2026-07-02,2025-07-02,2026-07-02,2026-07-06,2026-09-28,2026-07-06,2026-07-06
AAPL,Stock,2,252,1,2,2024-12-03,2025-12-04,2025-12-05,2025-12-05,2018-07-18,2026-07-02,2025-07-02,2026-07-02,2026-07-06,2026-09-28,2026-07-06,2026-07-06
AAPL,Stock,2,252,1,3,2024-12-10,2025-12-11,2025-12-12,2025-12-12,2018-07-18,2026-07-02,2025-07-02,2026-07-02,2026-07-06,2026-09-28,2026-07-06,2026-07-06
AAPL,Stock,2,252,1,4,2024-12-17,2025-12-18,2025-12-19,2025-12-19,2018-07-18,2026-07-02,2025-07-02,2026-07-02,2026-07-06,2026-09-28,2026-07-06,2026-07-06
AAPL,Stock,2,252,1,5,2024-12-24,2025-12-26,2025-12-29,2025-12-29,2018-07-18,2026-07-02,2025-07-02,2026-07-02,2026-07-06,2026-09-28,2026-07-06,2026-07-06
AAPL,Stock,2,252,1,6,2025-01-02,2026-01-05,2026-01-06,2026-01-06,2018-07-18,2026-07-02,2025-07-02,2026-07-02,2026-07-06,2026-09-28,2026-07-06,2026-07-06
AAPL,Stock,2,252,1,7,2025-01-10,2026-01-12,2026-01-13,2026-01-13,2018-07-18,2026-07-02,2025-07-02,2026-07-02,2026-07-06,2026-09-28,2026-07-06,2026-07-06
AAPL,Stock,2,252,1,8,2025-01-17,2026-01-20,2026-01-21,2026-01-21,2018-07-18,2026-07-02,2025-07-02,2026-07-02,2026-07-06,2026-09-28,2026-07-06,2026-07-06
AAPL,Stock,2,252,1,9,2025-01-27,2026-01-27,2026-01-28,2026-01-28,2018-07-18,2026-07-02,2025-07-02,2026-07-02,2026-07-06,2026-09-28,2026-07-06,2026-07-06
AAPL,Stock,2,252,1,10,2025-02-03,2026-02-03,2026-02-04,2026-02-04,2018-07-18,2026-07-02,2025-07-02,2026-07-02,2026-07-06,2026-09-28,2026-07-06,2026-07-06
AAPL,Stock,2,252,1,11,2025-02-10,2026-02-10,2026-02-11,2026-02-11,2018-07-18,2026-07-02,2025-07-02,2026-07-02,2026-07-06,2026-09-28,2026-07-06,2026-07-06
AAPL,Stock,2,252,1,12,2025-02-18,2026-02-18,2026-02-19,2026-02-19,2018-07-18,2026-07-02,2025-07-02,2026-07-02,2026-07-06,2026-09-28,2026-07-06,2026-07-06
AAPL,Stock,2,252,1,13,2025-02-25,2026-02-25,2026-02-26,2026-02-26,2018-07-18,2026-07-02,2025-07-02,2026-07-02,2026-07-06,2026-09-28,2026-07-06,2026-07-06
AAPL,Stock,2,252,1,14,2025-03-04,2026-03-04,2026-03-05,2026-03-05,2018-07-18,2026-07-02,2025-07-02,2026-07-02,2026-07-06,2026-09-28,2026-07-06,2026-07-06
AAPL,Stock,2,252,1,15,2025-03-11,2026-03-11,2026-03-12,2026-03-12,2018-07-18,2026-07-02,2025-07-02,2026-07-02,2026-07-06,2026-09-28,2026-07-06,2026-07-06
AAPL,Stock,2,252,1,16,2025-03-18,2026-03-18,2026-03-19,2026-03-19,2018-07-18,2026-07-02,2025-07-02,2026-07-02,2026-07-06,2026-09-28,2026-07-06,2026-07-06
AAPL,Stock,2,252,1,17,2025-03-25,2026-03-25,2026-03-26,2026-03-26,2018-07-18,2026-07-02,2025-07-02,2026-07-02,2026-07-06,2026-09-28,2026-07-06,2026-07-06
AAPL,Stock,2,252,1,18,2025-04-01,2026-04-01,2026-04-02,2026-04-02,2018-07-18,2026-07-02,2025-07-02,2026-07-02,2026-07-06,2026-09-28,2026-07-06,2026-07-06
AAPL,Stock,2,252,1,19,2025-04-08,2026-04-09,2026-04-10,2026-04-10,2018-07-18,2026-07-02,2025-07-02,2026-07-02,2026-07-06,2026-09-28,2026-07-06,2026-07-06
AAPL,Stock,2,252,1,20,2025-04-15,2026-04-16,2026-04-17,2026-04-17,2018-07-18,2026-07-02,2025-07-02,2026-07-02,2026-07-06,2026-09-28,2026-07-06,2026-07-06
AAPL,Stock,2,252,1,21,2025-04-23,2026-04-23,2026-04-24,2026-04-24,2018-07-18,2026-07-02,2025-07-02,2026-07-02,2026-07-06,2026-09-28,2026-07-06,2026-07-06
AAPL,Stock,2,252,1,22,2025-04-30,2026-04-30,2026-05-01,2026-05-01,2018-07-18,2026-07-02,2025-07-02,2026-07-02,2026-07-06,2026-09-28,2026-07-06,2026-07-06
AAPL,Stock,2,252,1,23,2025-05-07,2026-05-07,2026-05-08,2026-05-08,2018-07-18,2026-07-02,2025-07-02,2026-07-02,2026-07-06,2026-09-28,2026-07-06,2026-07-06
AAPL,Stock,2,252,1,24,2025-05-14,2026-05-14,2026-05-15,2026-05-15,2018-07-18,2026-07-02,2025-07-02,2026-07-02,2026-07-06,2026-09-28,2026-07-06,2026-07-06
AAPL,Stock,2,252,1,25,2025-05-21,2026-05-21,2026-05-22,2026-05-22,2018-07-18,2026-07-02,2025-07-02,2026-07-02,2026-07-06,2026-09-28,2026-07-06,2026-07-06
AAPL,Stock,2,252,1,26,2025-05-29,2026-05-29,2026-06-01,2026-06-01,2018-07-18,2026-07-02,2025-07-02,2026-07-02,2026-07-06,2026-09-28,2026-07-06,2026-07-06
AAPL,Stock,2,252,1,27,2025-06-05,2026-06-05,2026-06-08,2026-06-08,2018-07-18,2026-07-02,2025-07-02,2026-07-02,2026-07-06,2026-09-28,2026-07-06,2026-07-06
AAPL,Stock,2,252,1,28,2025-06-12,2026-06-12,2026-06-15,2026-06-15,2018-07-18,2026-07-02,2025-07-02,2026-07-02,2026-07-06,2026-09-28,2026-07-06,2026-07-06
AAPL,Stock,2,252,1,29,2025-06-20,2026-06-22,2026-06-23,2026-06-23,2018-07-18,2026-07-02,2025-07-02,2026-07-02,2026-07-06,2026-09-28,2026-07-06,2026-07-06
AAPL,Stock,2,252,1,30,2025-06-27,2026-06-29,2026-06-30,2026-06-30,2018-07-18,2026-07-02,2025-07-02,2026-07-02,2026-07-06,2026-09-28,2026-07-06,2026-07-06
BTC-USD,Crypto,2,504,1,1,2024-10-20,2026-03-07,2026-03-08,2026-03-08,2021-02-08,2026-07-31,2025-03-15,2026-07-31,2026-08-01,2026-09-29,2026-08-01,2026-08-01
BTC-USD,Crypto,2,504,1,2,2024-10-25,2026-03-12,2026-03-13,2026-03-13,2021-02-08,2026-07-31,2025-03-15,2026-07-31,2026-08-01,2026-09-29,2026-08-01,2026-08-01
BTC-USD,Crypto,2,504,1,3,2024-10-30,2026-03-17,2026-03-18,2026-03-18,2021-02-08,2026-07-31,2025-03-15,2026-07-31,2026-08-01,2026-09-29,2026-08-01,2026-08-01
BTC-USD,Crypto,2,504,1,4,2024-11-04,2026-03-22,2026-03-23,2026-03-23,2021-02-08,2026-07-31,2025-03-15,2026-07-31,2026-08-01,2026-09-29,2026-08-01,2026-08-01
BTC-USD,Crypto,2,504,1,5,2024-11-09,2026-03-27,2026-03-28,2026-03-28,2021-02-08,2026-07-31,2025-03-15,2026-07-31,2026-08-01,2026-09-29,2026-08-01,2026-08-01
BTC-USD,Crypto,2,504,1,6,2024-11-14,2026-04-01,2026-04-02,2026-04-02,2021-02-08,2026-07-31,2025-03-15,2026-07-31,2026-08-01,2026-09-29,2026-08-01,2026-08-01
BTC-USD,Crypto,2,504,1,7,2024-11-19,2026-04-06,2026-04-07,2026-04-07,2021-02-08,2026-07-31,2025-03-15,2026-07-31,2026-08-01,2026-09-29,2026-08-01,2026-08-01
BTC-USD,Crypto,2,504,1,8,2024-11-24,2026-04-11,2026-04-12,2026-04-12,2021-02-08,2026-07-31,2025-03-15,2026-07-31,2026-08-01,2026-09-29,2026-08-01,2026-08-01
BTC-USD,Crypto,2,504,1,9,2024-11-29,2026-04-16,2026-04-17,2026-04-17,2021-02-08,2026-07-31,2025-03-15,2026-07-31,2026-08-01,2026-09-29,2026-08-01,2026-08-01
BTC-USD,Crypto,2,504,1,10,2024-12-04,2026-04-21,2026-04-22,2026-04-22,2021-02-08,2026-07-31,2025-03-15,2026-07-31,2026-08-01,2026-09-29,2026-08-01,2026-08-01
BTC-USD,Crypto,2,504,1,11,2024-12-09,2026-04-26,2026-04-27,2026-04-27,2021-02-08,2026-07-31,2025-03-15,2026-07-31,2026-08-01,2026-09-29,2026-08-01,2026-08-01
BTC-USD,Crypto,2,504,1,12,2024-12-14,2026-05-01,2026-05-02,2026-05-02,2021-02-08,2026-07-31,2025-03-15,2026-07-31,2026-08-01,2026-09-29,2026-08-01,2026-08-01
BTC-USD,Crypto,2,504,1,13,2024-12-19,2026-05-06,2026-05-07,2026-05-07,2021-02-08,2026-07-31,2025-03-15,2026-07-31,2026-08-01,2026-09-29,2026-08-01,2026-08-01
BTC-USD,Crypto,2,504,1,14,2024-12-24,2026-05-11,2026-05-12,2026-05-12,2021-02-08,2026-07-31,2025-03-15,2026-07-31,2026-08-01,2026-09-29,2026-08-01,2026-08-01
BTC-USD,Crypto,2,504,1,15,2024-12-29,2026-05-16,2026-05-17,2026-05-17,2021-02-08,2026-07-31,2025-03-15,2026-07-31,2026-08-01,2026-09-29,2026-08-01,2026-08-01
BTC-USD,Crypto,2,504,1,16,2025-01-03,2026-05-21,2026-05-22,2026-05-22,2021-02-08,2026-07-31,2025-03-15,2026-07-31,2026-08-01,2026-09-29,2026-08-01,2026-08-01
BTC-USD,Crypto,2,504,1,17,2025-01-08,2026-05-26,2026-05-27,2026-05-27,2021-02-08,2026-07-31,2025-03-15,2026-07-31,2026-08-01,2026-09-29,2026-08-01,2026-08-01
BTC-USD,Crypto,2,504,1,18,2025-01-13,2026-05-31,2026-06-01,2026-06-01,2021-02-08,2026-07-31,2025-03-15,2026-07-31,2026-08-01,2026-09-29,2026-08-01,2026-08-01
BTC-USD,Crypto,2,504,1,19,2025-01-18,2026-06-05,2026-06-06,2026-06-06,2021-02-08,2026-07-31,2025-03-15,2026-07-31,2026-08-01,2026-09-29,2026-08-01,2026-08-01
BTC-USD,Crypto,2,504,1,20,2025-01-23,2026-06-10,2026-06-11,2026-06-11,2021-02-08,2026-07-31,2025-03-15,2026-07-31,2026-08-01,2026-09-29,2026-08-01,2026-08-01
BTC-USD,Crypto,2,504,1,21,2025-01-28,2026-06-15,2026-06-16,2026-06-16,2021-02-08,2026-07-31,2025-03-15,2026-07-31,2026-08-01,2026-09-29,2026-08-01,2026-08-01
BTC-USD,Crypto,2,504,1,22,2025-02-02,2026-06-20,2026-06-21,2026-06-21,2021-02-08,2026-07-31,2025-03-15,2026-07-31,2026-08-01,2026-09-29,2026-08-01,2026-08-01
BTC-USD,Crypto,2,504,1,23,2025-02-07,2026-06-25,2026-06-26,2026-06-26,2021-02-08,2026-07-31,2025-03-15,2026-07-31,2026-08-01,2026-09-29,2026-08-01,2026-08-01
BTC-USD,Crypto,2,504,1,24,2025-02-12,2026-06-30,2026-07-01,2026-07-01,2021-02-08,2026-07-31,2025-03-15,2026-07-31,2026-08-01,2026-09-29,2026-08-01,2026-08-01
BTC-USD,Crypto,2,504,1,25,2025-02-17,2026-07-05,2026-07-06,2026-07-06,2021-02-08,2026-07-31,2025-03-15,2026-07-31,2026-08-01,2026-09-29,2026-08-01,2026-08-01
BTC-USD,Crypto,2,504,1,26,2025-02-22,2026-07-10,2026-07-11,2026-07-11,2021-02-08,2026-07-31,2025-03-15,2026-07-31,2026-08-01,2026-09-29,2026-08-01,2026-08-01
BTC-USD,Crypto,2,504,1,27,2025-02-27,2026-07-15,2026-07-16,2026-07-16,2021-02-08,2026-07-31,2025-03-15,2026-07-31,2026-08-01,2026-09-29,2026-08-01,2026-08-01
BTC-USD,Crypto,2,504,1,28,2025-03-04,2026-07-20,2026-07-21,2026-07-21,2021-02-08,2026-07-31,2025-03-15,2026-07-31,2026-08-01,2026-09-29,2026-08-01,2026-08-01
BTC-USD,Crypto,2,504,1,29,2025-03-09,2026-07-25,2026-07-26,2026-07-26,2021-02-08,2026-07-31,2025-03-15,2026-07-31,2026-08-01,2026-09-29,2026-08-01,2026-08-01
BTC-USD,Crypto,2,504,1,30,2025-03-14,2026-07-30,2026-07-31,2026-07-31,2021-02-08,2026-07-31,2025-03-15,2026-07-31,2026-08-01,2026-09-29,2026-08-01,2026-08-01
