transition,horizon,seed,adaptive_mse,frozen_mse,adaptive_rmse_vs_frozen,adaptive_mse_advantage_vs_frozen
high_to_low,1,0,0.49309050831506085,0.6024487783514505,0.9046972231963538,0.10935827003638965
high_to_low,1,1,0.38531736223942226,0.6232060754667047,0.7863093683747409,0.23788871322728244
high_to_low,1,2,0.26789423667984885,0.29266601015420357,0.9567435472036996,0.02477177347435472
high_to_low,1,3,0.35949397605300704,0.3509547654684698,1.0120925703451604,-0.008539210584537216
high_to_low,1,4,0.3370552528845455,0.6435225962770194,0.7237167919204207,0.30646734339247383
high_to_low,1,5,0.4156986442608437,0.5699913570048322,0.853994687169758,0.15429271274398848
high_to_low,1,6,0.3974379632691475,0.42948605467112344,0.9619669266019146,0.03204809140197595
high_to_low,1,7,0.3204557306595269,0.3047949949225146,1.0253688167263526,-0.01566073573701232
high_to_low,1,8,0.282512004019276,0.27676284640280213,1.0103330472378786,-0.005749157616473877
high_to_low,1,9,0.4178427330142546,0.36796488448426884,1.0656221499490572,-0.04987784852998578
high_to_low,1,10,0.559135565039839,0.6727882514454435,0.911631575698151,0.11365268640560455
high_to_low,1,11,0.19756950064918197,0.19314570430605196,1.0113871332853657,-0.004423796343130004
high_to_low,1,12,0.3441597729769651,0.404679139138629,0.9221989949055579,0.06051936616166392
high_to_low,1,13,0.425511180440005,0.5548328829394958,0.8757383967832703,0.12932170249949082
high_to_low,1,14,0.33991625441176165,0.39695751633651,0.9253668798425599,0.05704126192474834
high_to_low,1,15,0.46797683626084136,0.6290818426590669,0.8624990063684278,0.1611050063982255
high_to_low,1,16,0.2791932925985082,0.28026608986669715,0.9980842744005689,0.0010727972681889297
high_to_low,1,17,0.31720324170397907,0.34984283097905705,0.9522090814683766,0.032639589275077985
high_to_low,1,18,0.29791381489490626,0.32609179568661134,0.9558183969370544,0.028177980791705082
high_to_low,1,19,0.4936321294634861,0.5662809964974013,0.9336534703659821,0.07264886703391515
high_to_low,1,20,0.32268553280471546,0.6199917774453764,0.7214342931391616,0.2973062446406609
high_to_low,1,21,0.43936097248366784,0.7593909150224278,0.760638038024414,0.32002994253876
high_to_low,1,22,0.3599473033222774,0.4119766493543177,0.9347235001692995,0.05202934603204029
high_to_low,1,23,0.3796895621706849,0.4202705357028883,0.9504950454147508,0.04058097353220341
high_to_low,1,24,0.44236831752809513,0.6514296299559756,0.8240588984994717,0.2090613124278805
high_to_low,1,25,0.34373996981911487,0.5320556012626106,0.8037787262070482,0.18831563144349578
high_to_low,1,26,0.25774079199238786,0.5140080598307434,0.708119599205415,0.2562672678383555
high_to_low,1,27,0.27914201300651464,0.5380246040561475,0.7202968818727571,0.25888259104963285
high_to_low,1,28,0.34325335649683025,0.3870135860632701,0.9417687831451835,0.04376022956643982
high_to_low,1,29,0.3208242467554374,0.27363069589923256,1.0828073228420327,-0.04719355085620486
high_to_low,3,0,0.3582796150974633,0.44982858518601726,0.8924574607020195,0.09154897008855395
high_to_low,3,1,0.4428045999412743,0.7098805513798163,0.7897932594631554,0.267075951438542
high_to_low,3,2,0.29130403088056633,0.34658137806248124,0.9167916200701769,0.055277347181914904
high_to_low,3,3,0.32944864263337653,0.4256785780968221,0.8797372141762183,0.09622993546344555
high_to_low,3,4,0.3894857622963958,0.6504281507647278,0.7738310086240759,0.260942388468332
high_to_low,3,5,0.40528605187431915,0.5061480223492889,0.894833133560978,0.10086197047496975
high_to_low,3,6,0.3838256924952515,0.4707167816099257,0.9029988146524159,0.08689108911467419
high_to_low,3,7,0.3421670625448678,0.334988722168864,1.010657510295614,-0.007178340376003789
high_to_low,3,8,0.25121275616455074,0.26052678002216456,0.9819619468487385,0.009314023857613818
high_to_low,3,9,0.3338249982317903,0.431363851088317,0.8797059994396694,0.09753885285652669
high_to_low,3,10,0.40059343858237845,0.37295823836410097,1.0363866578998167,-0.027635200218277478
high_to_low,3,11,0.319942398650446,0.32221736287002783,0.9964635767251492,0.002274964219581843
high_to_low,3,12,0.37170851605703314,0.4355423130425624,0.9238172746939627,0.06383379698552927
high_to_low,3,13,0.4241540378888793,0.7385622597010751,0.7578238115563891,0.31440822181219585
high_to_low,3,14,0.3662111768498987,0.4620616286515178,0.8902579183866284,0.09585045180161911
high_to_low,3,15,0.36298431251437585,0.3735761242463075,0.9857218239795376,0.010591811731931633
high_to_low,3,16,0.3008165268202042,0.3978690853146728,0.8695223481865494,0.09705255849446859
high_to_low,3,17,0.3223354962525061,0.48850002741762993,0.8123099455363721,0.1661645311651238
high_to_low,3,18,0.43942743245011895,0.4320689020509912,1.008479508383016,-0.007358530399127761
high_to_low,3,19,0.3505069545024123,0.4277608983887071,0.9052067381211452,0.0772539438862948
high_to_low,3,20,0.36368805622995365,0.3607671681759458,1.0040400014324453,-0.002920888054007864
high_to_low,3,21,0.45572378599590646,0.893629867882608,0.7141213386827548,0.43790608188670155
high_to_low,3,22,0.39527131804431676,0.4474934702168749,0.9398408112047084,0.052222152172558156
high_to_low,3,23,0.3181189725107457,0.37327879373387807,0.9231624403372491,0.055159821223132344
high_to_low,3,24,0.33038492356764415,0.3605610431650045,0.957239717011704,0.03017611959736033
high_to_low,3,25,0.3695577083131736,0.5463369982485493,0.8224525028556775,0.17677928993537573
high_to_low,3,26,0.3614315003668557,0.5975087274130795,0.77775152928197,0.2360772270462238
high_to_low,3,27,0.2868938220865913,0.5566304798790304,0.7179217425757478,0.26973665779243905
high_to_low,3,28,0.2987377050772628,0.32374509261989204,0.9606018599061787,0.02500738754262921
high_to_low,3,29,0.2745974383902953,0.2595177010468761,1.0286431731270589,-0.01507973734341922
high_to_low,6,0,0.3171498449724185,0.33166495465574025,0.9778730103117929,0.014515109683321759
high_to_low,6,1,0.4354445656525097,0.41609538423857273,1.022986702245306,-0.01934918141393699
high_to_low,6,2,0.3465174607422937,0.38177308058949244,0.9527082158445639,0.035255619847198716
high_to_low,6,3,0.44342974090257964,0.5827975653078188,0.8722752392175424,0.13936782440523915
high_to_low,6,4,0.41270333488201305,0.9237212624088977,0.6684185884022996,0.5110179275268847
high_to_low,6,5,0.45227041381768146,0.46016659493206485,0.991383176868836,0.007896181114383394
high_to_low,6,6,0.5522323977741884,0.7585652526160108,0.8532267607478851,0.2063328548418224
high_to_low,6,7,0.4100160201279873,0.3835340498925557,1.0339474101203783,-0.02648197023543164
high_to_low,6,8,0.26823231575626233,0.27298575806716724,0.9912553732559137,0.0047534423109049095
high_to_low,6,9,0.4036163186135888,0.5489920734342965,0.8574352255974825,0.14537575482070764
high_to_low,6,10,0.4373910395630453,0.40988225622313745,1.0330120363619124,-0.02750878333990786
high_to_low,6,11,0.3276994129825302,0.34655330703262577,0.9724175939919695,0.018853894050095577
high_to_low,6,12,0.307779189740079,0.32630289411517227,0.9712010944166918,0.018523704375093264
high_to_low,6,13,0.452688671730964,0.515714599453667,0.9369040154495777,0.06302592772270305
high_to_low,6,14,0.42560243169918505,0.7148407032196819,0.771609229285816,0.2892382715204968
high_to_low,6,15,0.3498504746723756,0.3352092261843079,1.021605569707656,-0.014641248488067748
high_to_low,6,16,0.2763370063922981,0.32868220845726265,0.9169199584487121,0.05234520206496457
high_to_low,6,17,0.3774108508533513,0.32489567772918526,1.0777926666128086,-0.05251517312416604
high_to_low,6,18,0.47544460906314767,0.6270421779447375,0.8707662470293615,0.15159756888158982
high_to_low,6,19,0.40697343960305815,0.4738109952895416,0.926788136637317,0.06683755568648347
high_to_low,6,20,0.3581339769656291,0.349865481021704,1.0117476747532488,-0.008268495943925092
high_to_low,6,21,0.5044682909771747,1.1939514923174979,0.6500153241586121,0.6894832013403231
high_to_low,6,22,0.4289731591611199,0.558675091353508,0.8762648788209857,0.12970193219238813
high_to_low,6,23,0.3017837301660549,0.29435909917221115,1.0125329816102517,-0.007424630993843773
high_to_low,6,24,0.43195639142100106,0.3682368144147375,1.083069559367867,-0.06371957700626357
high_to_low,6,25,0.29217699451422685,0.2970371593501735,0.9917851863148598,0.004860164835946645
high_to_low,6,26,0.34484291658810184,0.3891262103825191,0.9413809650169315,0.044283293794417256
high_to_low,6,27,0.29489607407162416,0.4255724044441976,0.8324300814692599,0.13067633037257342
high_to_low,6,28,0.2969690525661316,0.29863168392762646,0.9972123654488727,0.0016626313614948596
high_to_low,6,29,0.2884490552747492,0.26445521251204224,1.0443798755195761,-0.02399384276270694
high_to_low,12,0,0.4191285463144863,0.40162290642717674,1.021561184965968,-0.017505639887309576
high_to_low,12,1,0.5052613951195355,0.5252018172688426,0.9808327271393588,0.019940422149307135
high_to_low,12,2,0.6564934068033016,1.049303214825396,0.7909785069359442,0.3928098080220944
high_to_low,12,3,0.6948582666414603,1.0811253617177237,0.8016966827896068,0.38626709507626333
high_to_low,12,4,0.4324409050807184,2.0863662758516868,0.45526902855706425,1.6539253707709682
high_to_low,12,5,0.5916836378764507,0.4986057312570043,1.0893467617277892,-0.09307790661944643
high_to_low,12,6,0.9578928548267421,1.713985633328638,0.7475751871152395,0.7560927785018959
high_to_low,12,7,0.5541406103987428,0.48117536883963596,1.07314472569303,-0.07296524155910689
high_to_low,12,8,0.3097578358577824,0.2930731588986646,1.028071045767323,-0.016684676959117795
high_to_low,12,9,0.5630535278920543,0.40877448712697295,1.1736347251961525,-0.15427904076508137
high_to_low,12,10,0.55440581400331,0.5120919519318675,1.0404947967873261,-0.0423138620714425
high_to_low,12,11,0.3742485429308553,0.39047068153636266,0.9790071054718119,0.016222138605507364
high_to_low,12,12,0.33660390712758387,0.34654409822225446,0.9855537683595912,0.009940191094670592
high_to_low,12,13,0.6414824620497387,0.5677465563520923,1.062955636861814,-0.07373590569764643
high_to_low,12,14,0.7074098133004264,1.3231204927238354,0.7311994265071633,0.615710679423409
high_to_low,12,15,0.4129562212093663,0.5045698595900937,0.9046724279677781,0.09161363838072739
high_to_low,12,16,0.37324692764768147,0.41943640530898735,0.9433330696935796,0.04618947766130588
high_to_low,12,17,0.5105592497399252,0.4642187265733479,1.0487253026548153,-0.046340523166577274
high_to_low,12,18,0.6116853801545534,1.0156343511837955,0.7760601075681849,0.4039489710292421
high_to_low,12,19,0.5056168042715241,0.4518150310979561,1.0578653986207278,-0.05380177317356799
high_to_low,12,20,0.4661065035426354,0.4905519154492679,0.9747653735502139,0.02444541190663252
high_to_low,12,21,0.8833348794340475,2.7159963683368513,0.5702930739514613,1.832661488902804
high_to_low,12,22,0.5781671098141736,0.41231309152134815,1.1841674766039298,-0.16585401829282548
high_to_low,12,23,0.3709467502564549,0.4346953690817143,0.9237687757040178,0.0637486188252594
high_to_low,12,24,0.7403986683852585,0.5057192587400593,1.2099796554018099,-0.23467940964519918
high_to_low,12,25,0.34406255734012536,0.34033744539773403,1.0054577805582163,-0.003725111942391335
high_to_low,12,26,0.38720747356080004,0.3547791682268132,1.0447029233165814,-0.03242830533398683
high_to_low,12,27,0.4480822948815348,0.4424854300861044,1.0063044760405075,-0.005596864795430367
high_to_low,12,28,0.2982714654130659,0.30084333137521935,0.9957163979690447,0.0025718659621534745
high_to_low,12,29,0.31333943019471744,0.27752825836949657,1.0625611172241096,-0.03581117182522087
low_to_high,1,0,0.15540606240514968,0.246247791401756,0.7944156777205289,0.09084172899660634
low_to_high,1,1,0.2871707321670471,0.29206472619560236,0.9915863355334742,0.004893994028555282
low_to_high,1,2,0.13813709372202093,0.23267613777586807,0.7705116936601144,0.09453904405384714
low_to_high,1,3,0.23364131747395128,0.5555150923680462,0.6485252533486372,0.3218737748940949
low_to_high,1,4,0.1766678713809131,0.32588580426291225,0.7362851931115162,0.14921793288199914
low_to_high,1,5,0.19197577575699765,0.2671554394306681,0.8476980908604974,0.07517966367367046
low_to_high,1,6,0.2510313214035234,0.8222543357151106,0.5525363697722654,0.5712230143115873
low_to_high,1,7,0.17696842847145935,0.20099674656159966,0.9383252069006736,0.024028318090140305
low_to_high,1,8,0.12083114551757199,0.17192138144621688,0.8383483236766075,0.051090235928644895
low_to_high,1,9,0.17229201770076408,0.2091189950126017,0.9076864179034542,0.03682697731183762
low_to_high,1,10,0.20255674493132975,0.2875202350207597,0.8393423708303099,0.08496349008942994
low_to_high,1,11,0.1116901800412911,0.16649484696560155,0.8190437435473369,0.05480466692431045
low_to_high,1,12,0.12045347163775677,0.2088813361404999,0.7593812021155982,0.08842786450274312
low_to_high,1,13,0.2091025583598009,0.31225970738116315,0.8183172365852491,0.10315714902136225
low_to_high,1,14,0.1639186226584432,1.0527716323336946,0.39459089607601444,0.8888530096752514
low_to_high,1,15,0.16261111541896991,0.20763183928284876,0.8849691650527562,0.04502072386387884
low_to_high,1,16,0.08954060577793385,0.11465468281673954,0.8837188434361184,0.025114077038805693
low_to_high,1,17,0.14042285059900692,0.2777806421849688,0.7109972217473204,0.13735779158596187
low_to_high,1,18,0.17276758364051495,0.3429102318229319,0.7098080291353971,0.17014264818241695
low_to_high,1,19,0.1574704965920642,0.14684634553858156,1.0355427370680659,-0.010624151053482633
low_to_high,1,20,0.16785013482161099,0.23250346589267443,0.8496618750781223,0.06465333107106344
low_to_high,1,21,0.17454484098790632,0.127701950855612,1.1691082966622361,-0.04684289013229431
low_to_high,1,22,0.11847279528256172,0.14257532728444494,0.911563923779478,0.024102532001883226
low_to_high,1,23,0.13755775872784365,0.19999226711575857,0.8293463616747094,0.06243450838791492
low_to_high,1,24,0.1723136875101142,0.15268368293143397,1.0623400990101732,-0.01963000457868022
low_to_high,1,25,0.13904877467352494,0.18419771301503984,0.8688433195105374,0.0451489383415149
low_to_high,1,26,0.1256479991712478,0.20169526407072694,0.7892778919982949,0.07604726489947913
low_to_high,1,27,0.14187199890739746,0.26985770299158335,0.7250716658322305,0.1279857040841859
low_to_high,1,28,0.15457818847993765,0.18834968693094817,0.905923770798467,0.03377149845101052
low_to_high,1,29,0.13924078829785186,0.18608399795903435,0.8650251263478159,0.046843209661182494
low_to_high,3,0,0.20864152227254545,0.2831456971101396,0.8584112254860856,0.07450417483759414
low_to_high,3,1,0.40049911183582737,0.3382015483697988,1.0882106774748608,-0.06229756346602855
low_to_high,3,2,0.2434403161416364,0.7908992706141851,0.5547989930420577,0.5474589544725487
low_to_high,3,3,0.2868268181367878,0.3298659943528389,0.9324833891338021,0.043039176216051134
low_to_high,3,4,0.20375272589849797,0.2705458157163371,0.8678232937062593,0.06679308981783916
low_to_high,3,5,0.326963658562797,0.32274336359744155,1.0065169240219365,-0.0042202949653554755
low_to_high,3,6,0.42901597095812233,0.7454152358445401,0.7586432487799966,0.31639926488641773
low_to_high,3,7,0.2509950777447777,0.3540567432152563,0.8419691269450957,0.10306166547047863
low_to_high,3,8,0.16419080583756857,0.177721284453298,0.9611799335104777,0.013530478615729424
low_to_high,3,9,0.2439123275638469,0.2445453197419299,0.9987049387693271,0.0006329921780829917
low_to_high,3,10,0.3168358526776497,0.2857472123245042,1.0529946358113826,-0.031088640353145514
low_to_high,3,11,0.22380534277869496,0.2169915197315934,1.015579309241132,-0.006813823047101569
low_to_high,3,12,0.19971508793692014,0.24686838806051897,0.899441034764093,0.047153300123598835
low_to_high,3,13,0.34520377353925913,0.35388770178328255,0.9876544663697097,0.00868392824402342
low_to_high,3,14,0.27285050609662803,1.273120270021055,0.46294315323690166,1.0002697639244271
low_to_high,3,15,0.222905780043537,0.21486821521917893,1.0185317624511865,-0.008037564824358079
low_to_high,3,16,0.1782223025559478,0.1872402393996218,0.9756216547160822,0.009017936843674024
low_to_high,3,17,0.27598817563770767,0.2631612440243252,1.0240809146648189,-0.012826931613382442
low_to_high,3,18,0.27438786116625424,0.5390232947270018,0.7134748684321417,0.2646354335607476
low_to_high,3,19,0.2788889945961842,0.32297461718336373,0.9292476944714126,0.04408562258717952
low_to_high,3,20,0.2809899686733652,0.2614906791854028,1.036614552545507,-0.019499289487962368
low_to_high,3,21,0.1916062469020439,0.17693206440684178,1.040642502688606,-0.01467418249520211
low_to_high,3,22,0.2616719494956576,0.2777596921170452,0.9706082399757693,0.016087742621387624
low_to_high,3,23,0.2566977633915858,0.29691797602098335,0.9298069682808312,0.04022021262939757
low_to_high,3,24,0.2154405917674235,0.2003720659500933,1.0369198268023883,-0.015068525817330203
low_to_high,3,25,0.24599529139869042,0.24102180451470315,1.0102648207680676,-0.0049734868839872715
low_to_high,3,26,0.1941041882995766,0.2772055161118437,0.8367900726085973,0.08310132781226709
low_to_high,3,27,0.1736925406513385,0.24683988335250384,0.8388473127927025,0.07314734270116535
low_to_high,3,28,0.20874207477710782,0.26850299326223925,0.8817194724148888,0.05976091848513143
low_to_high,3,29,0.1919690983833496,0.16464082724243423,1.079808875411627,-0.027328271140915378
low_to_high,6,0,0.26994228305187556,0.34637656501396547,0.8827977300742506,0.0764342819620899
low_to_high,6,1,0.524365136808364,0.411863094345439,1.1283412505259307,-0.11250204246292506
low_to_high,6,2,0.4198226470184163,0.9136907296788027,0.6778495654870672,0.4938680826603864
low_to_high,6,3,0.4715483368511522,0.4200724052448977,1.059500173063303,-0.05147593160625452
low_to_high,6,4,0.27090257694848036,0.37081305405149345,0.8547302231700046,0.0999104771030131
low_to_high,6,5,0.49410088257276225,0.4603960056329851,1.035957744209247,-0.03370487693977714
low_to_high,6,6,0.5936922637563898,1.0351512262402331,0.7573188982864892,0.4414589624838433
low_to_high,6,7,0.4075803400497121,0.4655343593695369,0.9356873187321465,0.0579540193198248
low_to_high,6,8,0.2116254722227447,0.18856877153213622,1.059373449406848,-0.023056700690608473
low_to_high,6,9,0.31402469515777715,0.31812659350966993,0.9935321240679743,0.004101898351892785
low_to_high,6,10,0.5670118714034788,0.4231367262943529,1.1575925284273614,-0.14387514510912586
low_to_high,6,11,0.25386821318857916,0.2627740519931751,0.9829081229396126,0.008905838804595945
low_to_high,6,12,0.2552645429518964,0.25337923220122377,1.0037134391960516,-0.0018853107506726086
low_to_high,6,13,0.5354974681080487,0.4815454947919036,1.0545326940085753,-0.05395197331614504
low_to_high,6,14,0.4785196142660857,1.3024889174293042,0.6061259162853164,0.8239693031632185
low_to_high,6,15,0.3243222596004613,0.3099422766808392,1.0229348370005718,-0.014379982919622114
low_to_high,6,16,0.2574316493064639,0.23178677250107102,1.0538690381184814,-0.025644876805392874
low_to_high,6,17,0.3782578053603711,0.35197162201386584,1.0366690301624895,-0.026286183346505287
low_to_high,6,18,0.5406122597107589,0.6521867156519889,0.9104518251514464,0.11157445594123006
low_to_high,6,19,0.44959883765990183,0.4344506966008862,1.017284297573006,-0.01514814105901563
low_to_high,6,20,0.4355689633137295,0.362589037420787,1.0960266859712624,-0.0729799258929425
low_to_high,6,21,0.25002011468454083,0.2111984535541965,1.0880331012049096,-0.038821661130344326
low_to_high,6,22,0.4572220347813126,0.4173519828820011,1.0466761672531546,-0.03987005189931153
low_to_high,6,23,0.33409636186792874,0.4186128883521921,0.8933663200621836,0.08451652648426339
low_to_high,6,24,0.30980206585749714,0.26757690269035006,1.0760138057750988,-0.042225163167147084
low_to_high,6,25,0.3337482117610818,0.32435337366590095,1.0143790332590672,-0.00939483809518088
low_to_high,6,26,0.3872889084145258,0.3048256408410399,1.1271761266697002,-0.08246326757348588
low_to_high,6,27,0.2371615109670617,0.2950913180851076,0.8964867769515563,0.05792980711804588
low_to_high,6,28,0.33892317664171184,0.3189876162203881,1.0307746339347503,-0.019935560421323717
low_to_high,6,29,0.2184728202654443,0.1907828210589289,1.0701116062267768,-0.02768999920651538
low_to_high,12,0,0.4835914923547675,0.45108431825305806,1.0354054849608256,-0.032507174101709446
low_to_high,12,1,0.7909335759941122,0.5464368692056706,1.203095241050782,-0.2444967067884416
low_to_high,12,2,0.9086956697315347,1.1460560087175726,0.8904433769282554,0.23736033898603792
low_to_high,12,3,0.8549804608228265,1.343885853422649,0.7976215951203782,0.48890539259982246
low_to_high,12,4,0.5693706793354385,0.5926897848754844,0.9801303292810539,0.023319105540045904
low_to_high,12,5,0.692490263120444,0.7473818695411664,0.9625771688404974,0.05489160642072233
low_to_high,12,6,1.2303774723472802,2.130867339165433,0.7598729399414332,0.9004898668181527
low_to_high,12,7,0.8300385415994131,0.8060669292387983,1.0147605555269323,-0.023971612360614847
low_to_high,12,8,0.2621437196355866,0.22679850340252952,1.0751019177088135,-0.03534521623305706
low_to_high,12,9,0.3912186376845746,0.4232066858265087,0.9614650638540214,0.03198804814193412
low_to_high,12,10,0.8908360418400232,0.726862009965177,1.107064448731787,-0.16397403187484616
low_to_high,12,11,0.3176908784592324,0.32737278541721004,0.985101739584512,0.00968190695797766
low_to_high,12,12,0.29251808888641245,0.2570082513237255,1.06684869506782,-0.03550983756268694
low_to_high,12,13,0.7233920320224528,0.8485973537694534,0.9232855185351321,0.1252053217470006
low_to_high,12,14,1.012794591020484,1.5235380302451285,0.8153311535545084,0.5107434392246444
low_to_high,12,15,0.5880877483012211,0.5627106006025618,1.0223003690138703,-0.025377147698659286
low_to_high,12,16,0.30352839590934416,0.29839829407145,1.0085594323458835,-0.005130101837894141
low_to_high,12,17,0.5536240030163423,0.5342131641626856,1.0180055898654783,-0.019410838853656687
low_to_high,12,18,0.5635831461753358,1.0796522578759318,0.7224986665805085,0.516069111700596
low_to_high,12,19,0.6112271609287959,0.6173818183682118,0.9950030329024966,0.0061546574394159
low_to_high,12,20,0.7621587389657489,0.5763152761982474,1.1499862590947811,-0.18584346276750152
low_to_high,12,21,0.5061305536543921,0.30781806669351447,1.2822840036154297,-0.1983124869608776
low_to_high,12,22,0.5928678120174524,0.7330434056070162,0.8993196660133468,0.14017559358956377
low_to_high,12,23,0.4525648005671641,0.7244769311715236,0.7903657382607312,0.2719121306043595
low_to_high,12,24,0.640952486287427,0.4344791364010459,1.214586514851102,-0.20647334988638105
low_to_high,12,25,0.46862469904917553,0.5006386816887964,0.9674986911414069,0.03201398263962091
low_to_high,12,26,0.49707162464206883,0.5795241123891071,0.9261337923498016,0.08245248774703823
low_to_high,12,27,0.4912074390347389,0.4157002155945333,1.0870320344523818,-0.0755072234402056
low_to_high,12,28,0.3799690440489774,0.47545440972770914,0.8939632552083718,0.09548536567873173
low_to_high,12,29,0.2647398265322482,0.21151268224336486,1.118771600932389,-0.05322714428888334
stable_high,1,0,0.1309740576573832,0.13347995704772603,0.9905687252711085,0.0025058993903428195
stable_high,1,1,0.21110397597120661,0.21581771925194487,0.9890190507368473,0.0047137432807382584
stable_high,1,2,0.08566752969059759,0.09696254493016179,0.9399529582324219,0.011295015239564207
stable_high,1,3,0.1268994832682256,0.1767166450838245,0.847405342772064,0.04981716181559892
stable_high,1,4,0.10662959301522364,0.13730414723288378,0.8812457757351275,0.030674554217660147
stable_high,1,5,0.12522867509504193,0.11308120240820893,1.0523414673279678,-0.012147472686833
stable_high,1,6,0.1463849693852971,0.14647591685258501,0.9996894998473602,9.09474672879107e-05
stable_high,1,7,0.12947547860818465,0.1108449763069587,1.0807761568468965,-0.01863050230122594
stable_high,1,8,0.10741867823124598,0.12733466638589813,0.9184733820225812,0.019915988154652148
stable_high,1,9,0.11388542101748059,0.1303539465204934,0.934699421186902,0.01646852550301281
stable_high,1,10,0.20541724112130977,0.1662701604270893,1.1115046607869667,-0.03914708069422046
stable_high,1,11,0.11577138945138414,0.17034921895769592,0.8243858891683774,0.05457782950631178
stable_high,1,12,0.09377863395814938,0.08906182754633482,1.0261388957010242,-0.004716806411814559
stable_high,1,13,0.14540902550097692,0.12705321671979403,1.0698006304117533,-0.018355808781182897
stable_high,1,14,0.09877511675580442,0.1088728798618727,0.9524976665942446,0.010097763106068289
stable_high,1,15,0.13613748549799856,0.13105962164251847,1.0191882484375774,-0.0050778638554800914
stable_high,1,16,0.07387311003416294,0.07317369791948089,1.0047677566281852,-0.000699412114682052
stable_high,1,17,0.10700058256718803,0.11644988825074414,0.9585693381435384,0.009449305683556106
stable_high,1,18,0.094881549447758,0.10760104591716395,0.9390368551437084,0.012719496469405941
stable_high,1,19,0.15832591324290726,0.13442140562915425,1.0852799623553386,-0.023904507613753012
stable_high,1,20,0.13419195220987445,0.12303928416146323,1.0443386175160583,-0.011152668048411224
stable_high,1,21,0.14772045330432798,0.16076050161026162,0.9585850235959352,0.013040048305933638
stable_high,1,22,0.10381578870706194,0.1100623326464889,0.9712082153180842,0.00624654393942696
stable_high,1,23,0.13214627398448284,0.12058263758905471,1.0468514802463356,-0.011563636395428123
stable_high,1,24,0.18467460829255183,0.1428550389781435,1.136987817193623,-0.041819569314408334
stable_high,1,25,0.10827677448048009,0.10864951784864245,0.9982831787138928,0.00037274336816235654
stable_high,1,26,0.06477434754258461,0.06599256770182894,0.9907270259827163,0.001218220159244332
stable_high,1,27,0.0698671658825156,0.07073711229851458,0.9938318254839914,0.0008699464159989817
stable_high,1,28,0.1063372655536055,0.10745266428662632,0.9947962741283827,0.0011153987330208281
stable_high,1,29,0.09817401422669361,0.1628134130672234,0.7765209627534767,0.0646393988405298
stable_high,3,0,0.20349066764159923,0.18809579631777518,1.0401182184936457,-0.015394871323824055
stable_high,3,1,0.3779181285607446,0.46533458237757835,0.9011896556604883,0.08741645381683377
stable_high,3,2,0.17000495165184543,0.1719042433631359,0.994460383993617,0.0018992917112904684
stable_high,3,3,0.2564963326104567,0.3182350802848295,0.8977730287474627,0.06173874767437282
stable_high,3,4,0.2062735334894758,0.3095714973148026,0.8162839741400757,0.1032979638253268
stable_high,3,5,0.3342872889065832,0.32299973342762,1.0173229679093732,-0.011287555478963207
stable_high,3,6,0.34169169780814385,0.3245151190908805,1.026123764396144,-0.017176578717263358
stable_high,3,7,0.21704661745319404,0.20887786851091308,1.0193663601647536,-0.008168748942280951
stable_high,3,8,0.1534729451324738,0.18672540487366973,0.9065968562365396,0.03325245974119592
stable_high,3,9,0.1767223778416441,0.1808859824970821,0.9884240788811746,0.004163604655437997
stable_high,3,10,0.2864972724639668,0.2835177598636163,1.0052408100948302,-0.0029795126003504535
stable_high,3,11,0.2244132079144948,0.24440272548767203,0.958233135510525,0.01998951757317724
stable_high,3,12,0.22078902227874023,0.17786711690102622,1.1141429214331675,-0.04292190537771401
stable_high,3,13,0.36194190738806664,0.3500064374141356,1.0169074272427336,-0.011935469973931023
stable_high,3,14,0.23172511949402277,0.2614130727783417,0.9415055975330588,0.02968795328431892
stable_high,3,15,0.23180770913818863,0.2293395083812772,1.0053667059915259,-0.002468200756911426
stable_high,3,16,0.16327169672612837,0.1471043040125127,1.053519947914651,-0.01616739271361567
stable_high,3,17,0.25481477884544884,0.2503976259186481,1.0087817178858378,-0.004417152926800727
stable_high,3,18,0.2086495928101059,0.23523652961596278,0.941795018304712,0.026586936805856887
stable_high,3,19,0.21757861568044118,0.21208390523929394,1.012871261092845,-0.005494710441147244
stable_high,3,20,0.27353324401663875,0.22998936186368382,1.0905640667964112,-0.04354388215295493
stable_high,3,21,0.21211701108078249,0.4240015586568348,0.7073005941491228,0.21188454757605232
stable_high,3,22,0.27240173887917307,0.27786867065193926,0.9901138739570022,0.005466931772766193
stable_high,3,23,0.19037263758249448,0.19023709296245772,1.0003561883818641,-0.00013554462003675938
stable_high,3,24,0.20230609676943206,0.20019952805974697,1.0052474053843594,-0.0021065687096850916
stable_high,3,25,0.24136279544959943,0.20358146486954048,1.0888449621636398,-0.03778133058005895
stable_high,3,26,0.17406880039250633,0.1744751107803931,0.9988349420969262,0.0004063103878867713
stable_high,3,27,0.10927258588748141,0.11675579655746963,0.9674229474724735,0.007483210669988222
stable_high,3,28,0.17670245154287595,0.17753574784274312,0.9976503988114371,0.00083329629986717
stable_high,3,29,0.2195434822484891,0.16834952650304794,1.1419690260709017,-0.051193955745441166
stable_high,6,0,0.3063010969249787,0.3771289348395346,0.9012169448308627,0.07082783791455588
stable_high,6,1,0.5236959129219404,0.4572612943600939,1.0701813335417965,-0.06643461856184651
stable_high,6,2,0.32420144248884997,0.32859168276071193,0.9932971472693624,0.004390240271861967
stable_high,6,3,0.41757461045747335,0.5417826415404333,0.8779191030791308,0.12420803108295997
stable_high,6,4,0.31702843313560625,0.6946203679864529,0.6755777694687078,0.37759193485084663
stable_high,6,5,0.5235317168232648,0.5199938470916288,1.0033960714206376,-0.0035378697316360563
stable_high,6,6,0.6467427840567587,0.6605232221182558,0.9895135611452811,0.013780438061497091
stable_high,6,7,0.3488497129014406,0.33319611490329304,1.0232204716555353,-0.015653597998147584
stable_high,6,8,0.18879636005236697,0.20674807276779134,0.955599851356889,0.017951712715424367
stable_high,6,9,0.31028695760175484,0.336855101534567,0.9597545862142344,0.02656814393281215
stable_high,6,10,0.5583052548463738,0.49687075118696483,1.060020200585643,-0.061434503659409
stable_high,6,11,0.2839221902347851,0.3026940256351205,0.9684958044334085,0.01877183540033539
stable_high,6,12,0.2656001636358258,0.2626295845602713,1.0056395517404866,-0.0029705790755544803
stable_high,6,13,0.4725050693536185,0.5535100459836372,0.9239330070873599,0.08100497663001865
stable_high,6,14,0.4374567367943193,0.664706836692005,0.8112458379468563,0.22725009989768574
stable_high,6,15,0.3426393829722005,0.3265076557963911,1.024405626684993,-0.01613172717580935
stable_high,6,16,0.3312659009433568,0.2761616769942295,1.0952333540515713,-0.055104223949127284
stable_high,6,17,0.4014834929535387,0.3558835941848619,1.0621353492174448,-0.045599898768676816
stable_high,6,18,0.5040526184200486,0.4139992931665556,1.1034131051816354,-0.09005332525349297
stable_high,6,19,0.39171121192437214,0.3699740711661758,1.0289573102782454,-0.021737140758196327
stable_high,6,20,0.3919475898622763,0.373417530547528,1.024511052202557,-0.01853005931474827
stable_high,6,21,0.3101808380719434,0.8569130570826784,0.6016433244514824,0.546732219010735
stable_high,6,22,0.5483269477833643,0.5217196636555582,1.025182519079417,-0.026607284127806108
stable_high,6,23,0.3344639393171135,0.42147866946610363,0.8908136232467255,0.08701473014899014
stable_high,6,24,0.33563137476501115,0.2686538099020988,1.1177245087729795,-0.06697756486291234
stable_high,6,25,0.30897728950755454,0.2978288357437769,1.0185442646147658,-0.011148453763777655
stable_high,6,26,0.3893925997453157,0.42638401147026117,0.9556379571726669,0.03699141172494547
stable_high,6,27,0.1664347647395347,0.16583192880737424,1.001815962310066,-0.0006028359321604559
stable_high,6,28,0.28784891803612384,0.28637801010971087,1.0025648338442281,-0.0014709079264129676
stable_high,6,29,0.24053295568238262,0.1948895643068919,1.1109461330603712,-0.04564339137549073
stable_high,12,0,0.5743042075789949,0.5408756631127378,1.0304389792293638,-0.03342854446625709
stable_high,12,1,0.7268886939612027,0.6704177758877069,1.0412648220051783,-0.0564709180734958
stable_high,12,2,1.1520416546661358,1.1612789751762953,0.9960148407257856,0.009237320510159464
stable_high,12,3,0.8162898843194746,1.1298092219507847,0.8500014169272806,0.3135193376313101
stable_high,12,4,0.36464036555871077,1.9916098501499342,0.4278881299045178,1.6269694845912235
stable_high,12,5,0.7377365521935751,0.6265808870696762,1.0850808008353099,-0.11115566512389896
stable_high,12,6,1.2325248717204789,1.70623294043075,0.8499212443498969,0.47370806871027105
stable_high,12,7,0.7738378649604757,0.5360779088755302,1.2014647482515217,-0.2377599560849455
stable_high,12,8,0.2658750605878557,0.2251565440753303,1.0866670884307925,-0.04071851651252539
stable_high,12,9,0.5945552080113241,0.42722724486859787,1.1796865383107786,-0.16732796314272624
stable_high,12,10,0.82989667194774,0.741061188286167,1.058241959130624,-0.08883548366157301
stable_high,12,11,0.3565649648164964,0.375117272723452,0.9749577660482764,0.018552307906955612
stable_high,12,12,0.2662349515684408,0.2644241985135352,1.0034181131409678,-0.0018107530549055784
stable_high,12,13,0.7283560637276072,0.5941197719441454,1.107222410001842,-0.13423629178346175
stable_high,12,14,1.0163418817973926,1.2996318938150886,0.8843205776438906,0.283290012017696
stable_high,12,15,0.48887954377857223,0.6874257624501081,0.843311515497245,0.19854621867153588
stable_high,12,16,0.33876179453781213,0.3219188024401121,1.025826799403504,-0.016842992097700016
stable_high,12,17,0.5616301171731846,0.5445007594889668,1.015607616933407,-0.01712935768421775
stable_high,12,18,0.4908552022915805,0.8705253378384441,0.750906719970367,0.37967013554686363
stable_high,12,19,0.6398009355971912,0.6349040625608076,1.0038489808467603,-0.004896873036383642
stable_high,12,20,0.7076812624903415,0.6926470471355002,1.0107944644121316,-0.015034215354841285
stable_high,12,21,0.6819955270839171,2.396348697433367,0.5334770690558482,1.7143531703494501
stable_high,12,22,0.7180527980785935,0.6065053543906544,1.0880801057065308,-0.11154744368793901
stable_high,12,23,0.4555962438183231,0.9977693505519494,0.675732781024142,0.5421731067336263
stable_high,12,24,0.7868877006020332,0.4718898384982325,1.2913265068859694,-0.31499786210380065
stable_high,12,25,0.40261374728318683,0.4140006856756137,0.9861517953370329,0.011386938392426882
stable_high,12,26,0.45801104338135656,0.43710458817067593,1.0236353899155108,-0.02090645521068063
stable_high,12,27,0.39942246183858704,0.4424147415953142,0.9501702911743396,0.04299227975672715
stable_high,12,28,0.33459287420985867,0.3541349568540529,0.9720171882184223,0.019542082644194214
stable_high,12,29,0.28986505655387185,0.2179864370041029,1.1531430757720802,-0.07187861954976896
stable_low,1,0,0.4164522321754255,0.4125141006492761,1.0047619913097543,-0.003938131526149358
stable_low,1,1,0.331560693963471,0.3280784767377799,1.0052929804039845,-0.0034822172256910866
stable_low,1,2,0.2609286392731078,0.2366202079322271,1.0501103982188627,-0.024308431340880676
stable_low,1,3,0.3767468402092682,0.5621293554718789,0.8186658537232837,0.18538251526261074
stable_low,1,4,0.31183895017410446,0.2902678637887728,1.0364913963158506,-0.021571086385331673
stable_low,1,5,0.3653462797097813,0.37286834220253573,0.9898618549967023,0.007522062492754444
stable_low,1,6,0.4607729778340608,1.0637534613328306,0.6581471542482363,0.6029804834987698
stable_low,1,7,0.2828047361143886,0.26206666533174405,1.0388131722054001,-0.020738070782644558
stable_low,1,8,0.2708005586212693,0.2988924216634428,0.9518473958707194,0.028091863042173537
stable_low,1,9,0.33932190071846813,0.33642979050201716,1.0042890394708495,-0.0028921102164509715
stable_low,1,10,0.49593141458864903,0.4539803648035724,1.0451828499876823,-0.04195104978507663
stable_low,1,11,0.19830994722002787,0.19879036076481774,0.9987909269187824,0.000480413544789865
stable_low,1,12,0.27266761405526774,0.28689513375894754,0.9748890401202437,0.014227519703679803
stable_low,1,13,0.37283196045055317,0.41885912330215175,0.943458013370339,0.04602716285159858
stable_low,1,14,0.31986723608178264,1.1405954506475415,0.5295647406771591,0.8207282145657588
stable_low,1,15,0.35311413515291606,0.3217470916410181,1.047611449895475,-0.03136704351189795
stable_low,1,16,0.30287236392228434,0.2245935913651918,1.161264483746344,-0.07827877255709254
stable_low,1,17,0.2836286619947165,0.30855262148849405,0.9587611724404603,0.02492395949377757
stable_low,1,18,0.34090027000639406,0.3280337794388061,1.0194229082959796,-0.012866490567587985
stable_low,1,19,0.4960218407832427,0.4247946387951279,1.0805898561461869,-0.07122720198811477
stable_low,1,20,0.2943557301621726,0.2606382145187787,1.0627159561388322,-0.03371751564339387
stable_low,1,21,0.39649478162027413,0.37224414428581837,1.0320596538605342,-0.02425063733445576
stable_low,1,22,0.2733073119843406,0.23378582321293692,1.0812261466229163,-0.039521488771403684
stable_low,1,23,0.30634889854046204,0.29272184403646107,1.023011687558702,-0.01362705450400098
stable_low,1,24,0.37473485146587066,0.37870685622313377,0.9947420087591823,0.0039720047572631145
stable_low,1,25,0.3102543386659216,0.3700164209903085,0.9156899183973208,0.0597620823243869
stable_low,1,26,0.20622339491377878,0.19933242291533873,1.017138265690002,-0.006890971998440049
stable_low,1,27,0.24756215693366287,0.2335597321574995,1.0295398105056355,-0.014002424776163369
stable_low,1,28,0.38020814620112386,0.32722639079162963,1.0779200439409697,-0.052981755409494236
stable_low,1,29,0.31558006253382875,0.28106368437948603,1.0596255252623208,-0.03451637815434272
stable_low,3,0,0.2965179515162685,0.28064819114279904,1.0278846294889117,-0.015869760373469433
stable_low,3,1,0.38882346431861803,0.3713433676046676,1.0232656532198474,-0.017480096713950455
stable_low,3,2,0.3007960606678017,0.7402408010902986,0.6374550449452742,0.43944474042249687
stable_low,3,3,0.3315948528534517,0.34726054816863217,0.9771835942759044,0.015665695315180472
stable_low,3,4,0.31570944951034396,0.29887528940273567,1.0277767420788966,-0.016834160107608298
stable_low,3,5,0.3792451592435738,0.38074313643847646,0.9980308857218418,0.0014979771949026333
stable_low,3,6,0.3612778827639659,0.7961335780398291,0.6736397669155335,0.4348556952758632
stable_low,3,7,0.2931229736481165,0.3443199321515714,0.922664575717981,0.051196958503454904
stable_low,3,8,0.2540054765032378,0.2551274916354448,0.9977986467439361,0.0011220151322069993
stable_low,3,9,0.31511165995124163,0.31336089767740505,1.0027896328103474,-0.0017507622738365813
stable_low,3,10,0.3895653110837275,0.36090504376880406,1.0389476457088438,-0.028660267314923438
stable_low,3,11,0.3185893969322246,0.3109334504410515,1.012236365749033,-0.007655946491173127
stable_low,3,12,0.28075864983315785,0.3108105981347922,0.950426776082747,0.03005194830163438
stable_low,3,13,0.40561079496077995,0.4071737354708052,0.9980788996195143,0.001562940510025257
stable_low,3,14,0.3591586475334974,1.3928830460527113,0.5077919802512452,1.033724398519214
stable_low,3,15,0.2999974353867021,0.2960573119077603,1.0066323316538823,-0.003940123478941793
stable_low,3,16,0.230913930771323,0.23830564080318606,0.9843689491261444,0.0073917100318630635
stable_low,3,17,0.285961615304615,0.2823989797895611,1.0062880355200026,-0.0035626355150539246
stable_low,3,18,0.37932862119003125,0.5546886643130908,0.8269574438993202,0.17536004312305958
stable_low,3,19,0.3587187375283154,0.33254652891801123,1.0386059868924988,-0.02617220861030417
stable_low,3,20,0.3143219820142925,0.29468767480190383,1.0327766041671491,-0.01963430721238868
stable_low,3,21,0.37005155613131535,0.3744377781324776,0.9941256688433874,0.004386222001162232
stable_low,3,22,0.3216564830480756,0.32048542166096816,1.0018253460009283,-0.0011710613871074305
stable_low,3,23,0.2826397400250035,0.27275828482731723,1.0179527901044885,-0.009881455197686295
stable_low,3,24,0.3324441435897145,0.31680487258806134,1.024385487237304,-0.015639271001653188
stable_low,3,25,0.28851190778974145,0.28200913731267846,1.0114636536387676,-0.006502770477062991
stable_low,3,26,0.2965339842114766,0.31342589654814856,0.9726795786268925,0.016891912336671977
stable_low,3,27,0.2675504928270635,0.2782711499062409,0.9805478376711384,0.01072065707917741
stable_low,3,28,0.30795356585479067,0.285201413368984,1.0391225795786079,-0.022752152485806643
stable_low,3,29,0.26706774024088353,0.2546488365262344,1.0240941085660513,-0.012418903714649154
stable_low,6,0,0.2918779471187974,0.28103824684371964,1.0191026425431822,-0.010839700275077746
stable_low,6,1,0.4237325902282818,0.39013530751997716,1.0421693725607835,-0.03359728270830464
stable_low,6,2,0.38847734084214375,0.846661789688514,0.6773729754816796,0.4581844488463703
stable_low,6,3,0.41590352912809464,0.38585880393047695,1.0382025611343852,-0.030044725197617694
stable_low,6,4,0.32331042761920636,0.30473970789173893,1.0300192292136194,-0.018570719727467433
stable_low,6,5,0.4079353985833431,0.4058618553894697,1.0025512393978537,-0.0020735431938734283
stable_low,6,6,0.469556320409647,1.0564191076886962,0.6666927332209216,0.5868627872790492
stable_low,6,7,0.327335622246394,0.38950422633502446,0.9167281084592639,0.06216860408863045
stable_low,6,8,0.27106021337154323,0.2608025544281026,1.0194759090442234,-0.010257658943440662
stable_low,6,9,0.3514628691159712,0.34837351883250783,1.0044241759004973,-0.0030893502834633546
stable_low,6,10,0.46566177940166537,0.39476741922219727,1.0860870751274814,-0.0708943601794681
stable_low,6,11,0.31356814588556237,0.3280891671967498,0.9776198778297931,0.014521021311187432
stable_low,6,12,0.3083158303857761,0.3247126091198479,0.9744248151059864,0.016396778734071804
stable_low,6,13,0.44678797874934134,0.443191785147061,1.0040489557989878,-0.003596193602280362
stable_low,6,14,0.42991273775463584,1.3945555165943888,0.5552291417781443,0.9646427788397529
stable_low,6,15,0.32498085752558314,0.31824677636343895,1.0105245841589323,-0.00673408116214419
stable_low,6,16,0.24648975707442458,0.26073423316000477,0.9723002793985317,0.014244476085580188
stable_low,6,17,0.3256755813835894,0.312219488050453,1.0213217833989072,-0.013456093333136354
stable_low,6,18,0.4238975415459504,0.6250706787758487,0.8235043267125354,0.20117313722989827
stable_low,6,19,0.40738487828820535,0.37436566930160314,1.0431684520027067,-0.03301920898660221
stable_low,6,20,0.3749963595021016,0.3237666775648031,1.07621106144594,-0.05122968193729849
stable_low,6,21,0.3495534615289039,0.3409966232421996,1.0124690691076008,-0.008556838286704282
stable_low,6,22,0.3297849415727159,0.35662204556238375,0.9616373373227853,0.026837103989667876
stable_low,6,23,0.30458253387525713,0.2949840960528331,1.016139179240422,-0.009598437822424033
stable_low,6,24,0.41201208188801874,0.3672560877264735,1.0591817130984698,-0.04475599416154524
stable_low,6,25,0.3003006379704802,0.29784230491361735,1.004118423057092,-0.002458333056862827
stable_low,6,26,0.3072392664889507,0.3015918494172884,1.0093192575730692,-0.005647417071662331
stable_low,6,27,0.29196263503641645,0.30032255588223034,0.9859835326083122,0.008359920845813884
stable_low,6,28,0.30383139501605394,0.29866507494301275,1.0086119367040272,-0.005166320073041186
stable_low,6,29,0.2730293272273816,0.2579008506643656,1.028912070635988,-0.015128476563016025
stable_low,12,0,0.3282570808789125,0.33909249830547333,0.9838932033674851,0.010835417426560856
stable_low,12,1,0.5100934906648944,0.41891081106009337,1.103479085941163,-0.09118267960480103
stable_low,12,2,0.6159571826005382,1.0482364669973172,0.7665590755944428,0.432279284396779
stable_low,12,3,0.619576175119857,1.2599623483038556,0.701243051649559,0.6403861731839986
stable_low,12,4,0.3784266813226148,0.3472647774920065,1.0439038677720558,-0.031161903830608295
stable_low,12,5,0.5126042938333714,0.5460556881718087,0.9688859365774802,0.03345139433843736
stable_low,12,6,0.8652710175118435,2.097355746097088,0.6423031153458729,1.2320847285852445
stable_low,12,7,0.5215117600222502,0.5658736411322216,0.9600024044232719,0.04436188110997141
stable_low,12,8,0.3416404985876419,0.2896487554773379,1.0860475496818496,-0.05199174311030397
stable_low,12,9,0.4056755490613752,0.399524467889692,1.0076685993755417,-0.006151081171683226
stable_low,12,10,0.587368658360929,0.5020647889966714,1.0816219756663004,-0.0853038693642576
stable_low,12,11,0.34836560799886696,0.3655534028374661,0.9762076824936645,0.01718779483859917
stable_low,12,12,0.34201696651831864,0.34513583795197167,0.9954714214755832,0.0031188714336530254
stable_low,12,13,0.6318606648191658,0.6243081201400806,1.0060305479818537,-0.007552544679085171
stable_low,12,14,0.7022756478554097,1.5763766041040213,0.6674578024067322,0.8741009562486115
stable_low,12,15,0.4207860671147872,0.40812970557845407,1.015386938806974,-0.01265636153633315
stable_low,12,16,0.3055068468638836,0.3188406256264685,0.9788669098381861,0.013333778762584902
stable_low,12,17,0.4798456020193806,0.42219488138183153,1.0660910011356697,-0.05765072063754906
stable_low,12,18,0.5247380435529422,1.05404294565493,0.7055732753102293,0.5293049021019879
stable_low,12,19,0.44198494068968347,0.43442206748177703,1.0086669642344126,-0.00756287320790644
stable_low,12,20,0.5007450781193465,0.4170141992903915,1.0958041054006462,-0.08373087882895502
stable_low,12,21,0.46064741239719115,0.41690452143320583,1.0511531966576044,-0.043742890963985315
stable_low,12,22,0.3829565196504039,0.44763066996885414,0.9249426725598637,0.06467415031845025
stable_low,12,23,0.3575162034678085,0.3633052891892788,0.9920007593903882,0.0057890857214702995
stable_low,12,24,0.6551830240097102,0.4806697624849771,1.167502762085356,-0.17451326152473307
stable_low,12,25,0.35165878309961257,0.35927635267365743,0.9893419351433181,0.007617569574044858
stable_low,12,26,0.3607247144867885,0.3589184275577272,1.0025131337912265,-0.0018062869290613182
stable_low,12,27,0.40869759677458256,0.3637186756030812,1.060030207535606,-0.044978921171501374
stable_low,12,28,0.2877400255300675,0.34466856155661013,0.9136909074321355,0.05692853602654263
stable_low,12,29,0.28618587575400756,0.2703244054563279,1.0289196700181134,-0.015861470297679647
