mechanism,path,horizon,period,n_seeds,n_blocks,adaptive_mse,frozen_local_mse,frozen_all_pre_mse,benchmark_mse,adaptive_rmse_vs_frozen_local,adaptive_rmse_vs_frozen_all_pre,adaptive_relative_rmsfe_vs_no_change,frozen_all_pre_relative_rmsfe_vs_no_change
noise_scale,high_to_low,1,all_post,1000,40000,0.11029663114845874,0.2849670076077426,0.17396069389915547,0.16430930990591813,0.622133851653443,0.7962612076140859,0.8193133626189844,1.0289504936124816
noise_scale,high_to_low,1,early,1000,12000,0.13865630066621748,0.1955253738748968,0.15760004660856658,0.18987963424814894,0.8421088704061979,0.9379758002763028,0.8545364876666558,0.9110432139239968
noise_scale,high_to_low,1,late,1000,16000,0.09551234175248084,0.3706789206399245,0.1955255275424518,0.15390644406522966,0.5076107392937498,0.6989208773561589,0.7877734584018369,1.1271282400116374
noise_scale,high_to_low,1,mid,1000,12000,0.10164934749200383,0.26012609063101244,0.16156822966534923,0.152609473351272,0.6251156050520299,0.793184674496679,0.8161341501546285,1.0289333321682144
noise_scale,high_to_low,3,all_post,1000,40000,0.11123416987236065,0.2824974553441283,0.18451661401667024,0.2566723704339557,0.627497267455991,0.7764283254197653,0.6583086297947036,0.847867869115669
noise_scale,high_to_low,3,early,1000,12000,0.13658128630615712,0.1917383363546341,0.16257300612554615,0.2680651104059311,0.843997425461061,0.9165821200250267,0.7137982073042823,0.7787607806322826
noise_scale,high_to_low,3,late,1000,16000,0.0978656589329562,0.37874849145438544,0.20854888848899486,0.25753579029859713,0.508322936592843,0.685032573049708,0.6164478838699678,0.8998811270033382
noise_scale,high_to_low,3,mid,1000,12000,0.10371173469110345,0.2449218595199461,0.17441718927802818,0.24412840397579164,0.6507290201914661,0.771115277230505,0.6517856479473817,0.8452505963677688
noise_scale,high_to_low,6,all_post,1000,39000,0.1424472317981408,0.3428531938831859,0.23475129179309964,0.522366369533269,0.6445741835735895,0.7789740882665674,0.5222030481825809,0.6703728096330225
noise_scale,high_to_low,6,early,1000,12000,0.17966191869367762,0.24328480195279062,0.2036546602286013,0.492450742091266,0.8593508819907523,0.9392492143320877,0.6040134626663755,0.6430811476333224
noise_scale,high_to_low,6,late,1000,15000,0.12082661767929306,0.44952634227274313,0.26881300093092236,0.5568476232838182,0.5184462481251642,0.670434222060301,0.46581462952502517,0.6947954239172598
noise_scale,high_to_low,6,mid,1000,12000,0.13225831255116374,0.3090801503266348,0.22327078693531963,0.5091804297870856,0.654147869505454,0.7696540112145299,0.5096542346069545,0.6621861605095899
noise_scale,high_to_low,12,all_post,1000,37000,0.262317084627567,0.531064529376467,0.40985731592779767,1.5002333970377983,0.7028127650384156,0.8000128129445343,0.4181517068856925,0.5226812622495877
noise_scale,high_to_low,12,early,1000,12000,0.33101094144145726,0.410768752221414,0.3453476865417207,1.3297744082916403,0.8976819139941252,0.97902301010685,0.4989214655774398,0.5096115825949666
noise_scale,high_to_low,12,late,1000,13000,0.21333946720383803,0.6664063227838045,0.4839033655775532,1.6592219067076233,0.5658040458355654,0.6639819626574166,0.3585777737373543,0.5400414377255659
noise_scale,high_to_low,12,mid,1000,12000,0.24668231335604973,0.5047400303402378,0.3941503915266394,1.4984548336416466,0.6990932864532808,0.791112096447679,0.40573939544885046,0.5128721925385
noise_scale,low_to_high,1,all_post,1000,40000,0.7392569629154357,0.7547203623461937,0.7236974863883131,1.1465412510238562,0.9897025247753998,1.0106928183931323,0.8029765631970417,0.7944813187390292
noise_scale,low_to_high,1,early,1000,12000,0.7444532005771777,0.7248059014913797,0.7048884249726253,1.1103707033746848,1.0134628656315228,1.027681435182354,0.8188129513801244,0.7967575586639186
noise_scale,low_to_high,1,late,1000,16000,0.7421218334062887,0.7751357636534438,0.737668472392553,1.1591514621061005,0.978472708561098,1.003013996173202,0.8001428167630926,0.7977384361692623
noise_scale,low_to_high,1,mid,1000,12000,0.7302408979325561,0.7574142881246738,0.7238785664650147,1.1658981838967017,0.981897896034104,1.0043849983080284,0.791412240947708,0.7879570506139668
noise_scale,low_to_high,3,all_post,1000,40000,0.7209786675115251,0.7601235140717189,0.7320041868835148,1.235071252737265,0.9739106695826202,0.9924403766562367,0.7640384252743335,0.769858263776568
noise_scale,low_to_high,3,early,1000,12000,0.7291314075764155,0.7264639077723792,0.7177338997829811,1.1876327535475424,1.0018342656569363,1.007908652392361,0.783541168256147,0.7773930369546309
noise_scale,low_to_high,3,late,1000,16000,0.7187899182122394,0.7838856621277173,0.7424418100760968,1.2571440242669079,0.9575790325415813,0.9839426322453196,0.7561508955534738,0.768490835515447
noise_scale,low_to_high,3,mid,1000,12000,0.7157442598456825,0.7621002562963938,0.7323576430606054,1.2530793898874635,0.9691095716924149,0.9885925372497346,0.7557699906380327,0.7644908920115719
noise_scale,low_to_high,6,all_post,1000,39000,0.7646799353669058,0.8292118907475257,0.7927047419815525,1.5005953948967399,0.960300349228436,0.9821642436614563,0.7138517733362204,0.7268150698247972
noise_scale,low_to_high,6,early,1000,12000,0.7622183367137616,0.784471774650201,0.7732729457909251,1.411523162056661,0.985714250188781,0.9928263345402206,0.7348449123318637,0.7401545333426025
noise_scale,low_to_high,6,late,1000,15000,0.7695949061628509,0.8662837408157801,0.807841864893299,1.5566449164024578,0.9425426489278199,0.9760406698182127,0.703131109526173,0.7203912001506362
noise_scale,low_to_high,6,mid,1000,12000,0.7609978205251184,0.8276121942595325,0.7932151345324966,1.5196057258546722,0.9589109235122011,0.9794814387873768,0.7076626034269592,0.7224869971023277
noise_scale,low_to_high,12,all_post,1000,37000,0.9268516231702248,1.03026496133674,0.985931403123826,2.4745514823405204,0.948485383018818,0.9695757784678388,0.6120076638378795,0.6312117912072822
noise_scale,low_to_high,12,early,1000,12000,0.9224065163965073,0.9652449459584375,0.940725534148185,2.2405236586753237,0.9775577273057515,0.9902154884662699,0.6416325891922698,0.6479726854061685
noise_scale,low_to_high,12,late,1000,13000,0.9448618845352514,1.082284163642204,1.0185840353888336,2.651285773501474,0.9343584405113629,0.963131822541987,0.5969746564559303,0.619826530993794
noise_scale,low_to_high,12,mid,1000,12000,0.9117856134651635,1.038930840884124,0.9957635871457081,2.517117157248017,0.9368133013203599,0.9569037294164698,0.6018588524848879,0.6289648937327351
noise_scale,stable_high,1,all_post,1000,40000,0.733322424791914,0.8737201075180041,0.7518614027324858,1.1595231333322784,0.9161388865007051,0.987594329325487,0.7952575009787699,0.8052471317063147
noise_scale,stable_high,1,early,1000,12000,0.7357633395235837,0.772966712288286,0.7237853303069657,1.1536436444027587,0.9756379311372658,1.0082406054723347,0.7986072222241634,0.792080003413507
noise_scale,stable_high,1,late,1000,16000,0.7401582182325606,0.9651838713973827,0.7828022725991616,1.1591514621061005,0.8757038413444529,0.97238050657156,0.7990835477909757,0.8217807148442346
noise_scale,stable_high,1,mid,1000,12000,0.7217671188060488,0.8525218175752178,0.7386829820024383,1.1658981838967017,0.9201228067213375,0.988483671583566,0.7868070337922161,0.7959737286623452
noise_scale,stable_high,3,all_post,1000,40000,0.716499717253849,0.8515513858425343,0.7534380508077644,1.2484197092250846,0.9172813881081086,0.9751787676121646,0.7575786090899271,0.7768612630327708
noise_scale,stable_high,3,early,1000,12000,0.7159028812004005,0.7488784827374342,0.7209561182849427,1.2321276085069421,0.9777354886613928,0.9964892988932591,0.7622531199502992,0.7649385907072841
noise_scale,stable_high,3,late,1000,16000,0.7191661526371206,0.9519677093894202,0.7834733888491172,1.2571440242669079,0.8691675643316621,0.9580815890489073,0.7563487647586274,0.7894408716375179
noise_scale,stable_high,3,mid,1000,12000,0.7135413061296019,0.8203358575517868,0.7458728659421158,1.2530793898874635,0.9326392996302284,0.9780862539692647,0.7546060208539396,0.7715127554360376
noise_scale,stable_high,6,all_post,1000,39000,0.7660095057053599,0.9200389524068536,0.81332782479066,1.514442060635483,0.9124602877382082,0.9704748037930958,0.7111983626277637,0.732835473778452
noise_scale,stable_high,6,early,1000,12000,0.765907591535137,0.8083037867420223,0.7714495152245139,1.4565248257075758,0.9734213792111938,0.9964016358287321,0.7251523211030546,0.7277711065778484
noise_scale,stable_high,6,late,1000,15000,0.7692896178646632,1.0320933313536018,0.8541364950581699,1.5566449164024578,0.8633471301212109,0.9490329613642243,0.702991634205901,0.740745224692047
noise_scale,stable_high,6,mid,1000,12000,0.7620112796764533,0.8917061443882504,0.8041952965224186,1.5196057258546722,0.9244210375976365,0.97341926166585,0.7081336616234891,0.7274703609333071
noise_scale,stable_high,12,all_post,1000,37000,0.9360119040085592,1.135825405795186,1.0152854533492655,2.4895720372919534,0.9077889598059471,0.9601666208410575,0.6131663841354618,0.638604145183009
noise_scale,stable_high,12,early,1000,12000,0.9391229125768994,1.001617509189516,0.938752328874828,2.2868370364422423,0.9683007413654523,1.0001973615003683,0.6408311434450983,0.6407046930055936
noise_scale,stable_high,12,late,1000,13000,0.943994670885568,1.2767189984970213,1.0949311679427607,2.651285773501474,0.8598785407562112,0.9285202124168237,0.5967006357638127,0.6426361298163606
noise_scale,stable_high,12,mid,1000,12000,0.9242528979901262,1.1173985769738675,1.005535720347417,2.517117157248017,0.9094762313718892,0.9587307544258739,0.6059596352923552,0.6320435977410863
noise_scale,stable_low,1,all_post,1000,40000,0.09441234167592485,0.11431337429270001,0.0951993010069505,0.15148559305431794,0.9087948609043454,0.9958582026459424,0.7894574345423625,0.7927408063164173
noise_scale,stable_low,1,early,1000,12000,0.09432586469547703,0.10259041664045147,0.0919147319096117,0.14713391140948148,0.958875011073262,1.0130312324153472,0.800680049500694,0.790380418569772
noise_scale,stable_low,1,late,1000,16000,0.09545535365732939,0.1248406403318448,0.09867869614045342,0.15390644406522966,0.8744241664912394,0.9835318860506008,0.7875384081113989,0.8007248359519699
noise_scale,stable_low,1,mid,1000,12000,0.09310813601449998,0.11199997722608887,0.09384467659295204,0.152609473351272,0.9117690563001873,0.9960680163733268,0.7810935820025466,0.7841769529419288
noise_scale,stable_low,3,all_post,1000,40000,0.09723746379584146,0.12560284148245365,0.10038455070317445,0.24362082469616944,0.8798671006352807,0.9842000247759377,0.6317708838499982,0.6419130948445432
noise_scale,stable_low,3,early,1000,12000,0.09708003030844783,0.10625239194446927,0.09735364131453761,0.22455995794664355,0.9558628740019596,0.9985937684612178,0.657504595328249,0.6584305010649426
noise_scale,stable_low,3,late,1000,16000,0.09797421267299354,0.14328852628107944,0.1041139952254322,0.25753579029859713,0.8268946519406882,0.9700661156262583,0.6167896747385143,0.6358223061325313
noise_scale,stable_low,3,mid,1000,12000,0.0964125654470323,0.12137237795560361,0.09844286739546763,0.24412840397579164,0.8912650760889719,0.9896341924755442,0.6284310916784105,0.6350135195979906
noise_scale,stable_low,6,all_post,1000,39000,0.12012161426408746,0.16250105021448255,0.1243960064086615,0.5087701059756318,0.8597704092108687,0.9826692380646662,0.4859032313930304,0.4944728221573317
noise_scale,stable_low,6,early,1000,12000,0.11971602225556754,0.1341417172170324,0.11907643445379344,0.448262885528945,0.9447006372868901,1.0026820220937651,0.5167848196601195,0.5154024987712332
noise_scale,stable_low,6,late,1000,15000,0.12107219144047632,0.19062020369468136,0.13085888166015947,0.5568476232838182,0.7969622252659937,0.96187934605646,0.4662877611408723,0.48476741189274103
noise_scale,stable_low,6,mid,1000,12000,0.11933898480212136,0.15571144136168424,0.12163698429915701,0.5091804297870856,0.8754491131658242,0.9905088206842309,0.48412255635906787,0.48876147920080326
noise_scale,stable_low,12,all_post,1000,37000,0.21081265211417563,0.2711042259447503,0.2196086764833778,1.4854201736115447,0.8818205029598203,0.9797687618704749,0.3767243368384921,0.3845033149651437
noise_scale,stable_low,12,early,1000,12000,0.21106591517403436,0.23263867168503832,0.197197959666821,1.2841003027273583,0.9525068286203793,1.0345651480729412,0.40542411598117445,0.3918787683272995
noise_scale,stable_low,12,late,1000,13000,0.21442584068616832,0.3111498175458157,0.24136289928008886,1.6592219067076233,0.8301446730070939,0.9425476256337967,0.3594895945312418,0.38140204776338005
noise_scale,stable_low,12,mid,1000,12000,0.20664510143465806,0.26618705596997483,0.21845231860349762,1.4984548336416466,0.8810876033082126,0.9725999167585321,0.3713562425401811,0.3818180899889774
persistence,high_to_low,1,all_post,1000,40000,0.37200050380704625,0.517784060134593,0.5038158332207766,0.5286367777417627,0.8476126423666472,0.8592822843819066,0.8388669359749985,0.9762413949665062
persistence,high_to_low,1,early,1000,12000,0.4353315418525593,0.5072048725225866,0.5003004844720417,0.5215397312894082,0.9264422635673206,0.9328130340502677,0.9136216197006977,0.9794263012532736
persistence,high_to_low,1,late,1000,16000,0.3444065969933994,0.5234794493008653,0.5075795898490518,0.5307495266741794,0.8111214985004177,0.8237276716632292,0.8055470713139637,0.9779288702144046
persistence,high_to_low,1,mid,1000,12000,0.3454613415130622,0.5207693955249029,0.502312839798478,0.5329168256175616,0.8144735791029355,0.8293017614900238,0.8051374196573062,0.9708618226141219
persistence,high_to_low,3,all_post,1000,40000,0.36334246724835784,0.49625761299014337,0.48792563398719924,0.6198267097700813,0.8556664211293747,0.862941316434134,0.7656370423622892,0.8872411458128722
persistence,high_to_low,3,early,1000,12000,0.41539830320188215,0.4901638663013673,0.47941919265824134,0.6005035094935468,0.920580375630276,0.9308391716162014,0.8317150959606437,0.8935110611176257
persistence,high_to_low,3,late,1000,16000,0.3391122784573867,0.5013165893625774,0.4998255461655081,0.6320118363956432,0.8224617685027924,0.8236876090226908,0.732502567845328,0.8892965729015224
persistence,high_to_low,3,mid,1000,12000,0.34359354968279504,0.4956060578490077,0.48056552574507866,0.6229030745458665,0.8326341092743924,0.845563435780472,0.7426980161361979,0.8783468923897741
persistence,high_to_low,6,all_post,1000,39000,0.3983146314226779,0.6170231634304219,0.5124999154909425,0.8855425359855312,0.803456550535836,0.8815891384208377,0.6706692839023604,0.7607503934357774
persistence,high_to_low,6,early,1000,12000,0.4429019691553323,0.5231394547184068,0.4914547920524052,0.8250429547014628,0.9201212651431445,0.9493186621627644,0.7326820055915024,0.7717977479999031
persistence,high_to_low,6,late,1000,15000,0.37571336978300024,0.7103582376993738,0.5360270129366824,0.9312608699790607,0.7272598537804889,0.8372111172623893,0.635173904705158,0.7586782970371008
persistence,high_to_low,6,mid,1000,12000,0.38197887073962056,0.5942380293062468,0.5041361671223049,0.8888941997776877,0.8017508874824516,0.8704538342487332,0.6555331128865014,0.7530934865170369
persistence,high_to_low,12,all_post,1000,37000,0.553829023749364,0.8500372519368893,0.7211339325355953,1.8617054067451329,0.8071771821007854,0.8763546390602133,0.54542165359867,0.6223754965039842
persistence,high_to_low,12,early,1000,12000,0.6230712514875513,0.7173904441052076,0.651614510114527,1.6590902688856028,0.9319466745206594,0.9778527993808748,0.6128212955938319,0.6267009676526347
persistence,high_to_low,12,late,1000,13000,0.5142878177726844,1.003097886565731,0.7962285841381278,2.0298157758869455,0.7160303993391869,0.8036819902485114,0.5033554865409663,0.6263117659079566
persistence,high_to_low,12,mid,1000,12000,0.5274231024859131,0.8168683722539927,0.7093008157205868,1.8822009780343658,0.8035326606274822,0.862311831376128,0.5293544607940118,0.6138782300472867
persistence,low_to_high,1,all_post,1000,40000,0.16178781476478213,0.31156547957368347,0.2541253450007116,0.1259062423328367,0.7206066040450811,0.7979008246687663,1.1335724260972941,1.420693388263981
persistence,low_to_high,1,early,1000,12000,0.20708560439361573,0.2532298282736181,0.23526547701557857,0.12166318538060526,0.9043103983907571,0.9382009174641823,1.304654040011659,1.3905913069643387
persistence,low_to_high,1,late,1000,16000,0.13765245526693917,0.364721852932097,0.26564995243649436,0.12974105611717016,0.6143432463275408,0.7198418796433224,1.030038046824233,1.4309226455879607
persistence,low_to_high,1,mid,1000,12000,0.14867050446640578,0.29902596639586415,0.25761906973813437,0.12503621423929023,0.7051117571385657,0.7596672495771896,1.0904217350274386,1.4353938986238226
persistence,low_to_high,3,all_post,1000,40000,0.26374056249786043,0.381095874835737,0.31113710841527287,0.29298896097224886,0.8319004134862484,0.9206881605318928,0.9487741318823883,1.0305054116632388
persistence,low_to_high,3,early,1000,12000,0.27181281145784697,0.30817259983879647,0.2854240985958736,0.2754530702569845,0.9391564601330683,0.9758647757383301,0.993370257374971,1.017938429659372
persistence,low_to_high,3,late,1000,16000,0.25937086123425085,0.43470257403856405,0.32527263637319265,0.30678301468895897,0.7724395214885039,0.8929699146973303,0.9194856094311809,1.0296938276390175
persistence,low_to_high,3,mid,1000,12000,0.26149458188935343,0.38254355089557474,0.31800274762411257,0.29213278006523297,0.8267817944576985,0.9068091866402095,0.9461090605209374,1.0433386366831336
persistence,low_to_high,6,all_post,1000,39000,0.4096768302867983,0.5031898859928208,0.41771739531804286,0.6354345028984485,0.9023078790241784,0.9903288265023085,0.8029440885425649,0.8107853341787918
persistence,low_to_high,6,early,1000,12000,0.3978838713042733,0.4129036687270922,0.38214757415619577,0.5799158192436005,0.9816435030789556,1.0203815889407846,0.8283153117018448,0.8117701462662456
persistence,low_to_high,6,late,1000,15000,0.41180112870980506,0.5713715215641572,0.43694184431107885,0.680999016466737,0.8489546102981861,0.9708048728975421,0.7776255544084734,0.801011177547461
persistence,low_to_high,6,mid,1000,12000,0.4188144162405647,0.5082490587943786,0.4292566552385949,0.633997544592936,0.9077630888785989,0.9877619501282381,0.8127687987937965,0.822838740334427
persistence,low_to_high,12,all_post,1000,37000,0.6795598058258842,0.7997742559393648,0.6809376923313535,1.6990971417768965,0.9217860504131543,0.9989877309847452,0.632418749540412,0.633059576134143
persistence,low_to_high,12,early,1000,12000,0.6371403127301531,0.665731523178794,0.6106770762549952,1.5127299199506654,0.9782908268170506,1.0214373478292722,0.6489882647230526,0.6353676670451329
persistence,low_to_high,12,late,1000,13000,0.709272483244784,0.9085040263463827,0.7244922741170813,1.857548171689998,0.8835744061891906,0.9894404849154901,0.6179260626985811,0.6245206984342867
persistence,low_to_high,12,mid,1000,12000,0.6897905650511402,0.8160264040923327,0.7040141781398404,1.7138090811972677,0.9194042758767713,0.9898466603588625,0.6344207879922399,0.6409283512278909
persistence,stable_high,1,all_post,1000,40000,0.13583127818706295,0.13784093738309056,0.1287035151042442,0.12581569832278558,0.9926834578087456,1.0273175078532446,1.0390405037797172,1.0114112685093528
persistence,stable_high,1,early,1000,12000,0.13482764932865277,0.1337727678187866,0.1244870026673938,0.12136141184309088,1.0039350687252824,1.0407046049134365,1.0540207758283942,1.012795341590773
persistence,stable_high,1,late,1000,16000,0.13760839938603522,0.1420198495219874,0.13301345447455978,0.1297410561139543,0.9843463779528843,1.0171258345760323,1.0298732010122926,1.0125327329253944
persistence,stable_high,1,mid,1000,12000,0.13446541211351004,0.13633722409553206,0.12717344171400716,0.12503617441425532,0.9931116350011439,1.0282698007675979,1.0370207701353582,1.0085103825486539
persistence,stable_high,3,all_post,1000,40000,0.25755676227828617,0.2801097250203078,0.26323301659910064,0.29280953788482633,0.9588979383718794,0.9891594356804101,0.9378726448938537,0.9481511382932136
persistence,stable_high,3,early,1000,12000,0.25368276246889915,0.2669341724493258,0.24877223036188986,0.27485507893574324,0.9748625604527402,1.0098213052536622,0.9607128416724448,0.9513691547942915
persistence,stable_high,3,late,1000,16000,0.2599414714292368,0.2893269555581079,0.27633564356546914,0.3067830146360059,0.9478581265352035,0.9698829688077064,0.9204964779114312,0.9490799483189328
persistence,stable_high,3,mid,1000,12000,0.2582511498864058,0.2809956368742231,0.2602236335478201,0.29213269449900336,0.9586748710395369,0.9962028127441096,0.940223387353603,0.9438072000255575
persistence,stable_high,6,all_post,1000,39000,0.41139688039224465,0.5576354298862726,0.44064131499861126,0.635183186973004,0.8589251460860124,0.9662464019894537,0.804787088232595,0.8329004760851665
persistence,stable_high,6,early,1000,12000,0.4079928298367175,0.45032457453966995,0.40935731174004986,0.5790993530251086,0.9518388824839029,0.998331994084406,0.8393628151777917,0.8407652165325937
persistence,stable_high,6,late,1000,15000,0.41132980454212675,0.6545419625628586,0.466441209763013,0.6809990163788037,0.7927319139165949,0.9390671165509087,0.7771804140445173,0.8276090178719242
persistence,stable_high,6,mid,1000,12000,0.4148847757604191,0.5438131193871426,0.43967544980167067,0.6339972341636498,0.8734517292900755,0.9713989753658657,0.8089469980167296,0.8327649282438757
persistence,stable_high,12,all_post,1000,37000,0.7006897388310884,0.9293253095648898,0.797932441837694,1.6990078112022056,0.8683183845602749,0.9370867936789531,0.6421924434580064,0.6853073245614666
persistence,stable_high,12,early,1000,12000,0.699179632911797,0.7773528444044632,0.7138307611332217,1.5124551448826726,0.9483863364403973,0.989684468723536,0.6799126675036782,0.6869994316275452
persistence,stable_high,12,late,1000,13000,0.7069484376964591,1.080065564734738,0.8693120339999059,1.8575481714965398,0.8090377931553483,0.9017912637617347,0.6169128649300615,0.6840971849257769
persistence,stable_high,12,mid,1000,12000,0.6954195876462282,0.9179958316246475,0.8047062310331027,1.7138084205362099,0.8703683800276834,0.9296185419756416,0.6370042404768178,0.6852318577069743
persistence,stable_low,1,all_post,1000,40000,0.3416448478723857,0.4146024847161212,0.35116848827085184,0.5295764446582496,0.9077609317936349,0.9863468657343388,0.8031989056585439,0.814316883402432
persistence,stable_low,1,early,1000,12000,0.34249352425393287,0.3624204906579369,0.33840934259567645,0.5246719543443644,0.9721198477748719,1.0060162829391495,0.8079458547985867,0.8031140931815879
persistence,stable_low,1,late,1000,16000,0.3449250182084187,0.46733726383932306,0.36499045770642674,0.5307495266741794,0.85910677152632,0.9721238377508751,0.8061531219230929,0.829269986618397
persistence,stable_low,1,mid,1000,12000,0.3364226110427945,0.39647143994336964,0.34549834136526086,0.5329168256175616,0.921163316055005,0.9867783334303121,0.7945347061517142,0.8051805347100536
persistence,stable_low,3,all_post,1000,40000,0.3373341525939891,0.42217505900052055,0.35220384364410984,0.6204048783257184,0.8938895699549412,0.9786628676862609,0.7373820377863992,0.7534586854507989
persistence,stable_low,3,early,1000,12000,0.3368387115635157,0.3624791394850015,0.3385871779971884,0.6024307380123374,0.9639832542302414,0.9974146546773266,0.7477517485885434,0.7496899560097685
persistence,stable_low,3,late,1000,16000,0.3387597890889525,0.4760254396065069,0.36494798446204835,0.6320118363956432,0.8435888784120499,0.9634527976568458,0.7321217699282648,0.7598937609697258
persistence,stable_low,3,mid,1000,12000,0.33592874496451114,0.41007047104139127,0.34882832153377996,0.6229030745458665,0.9050953530910318,0.9813359626831505,0.7343673273300777,0.7483342659961062
persistence,stable_low,6,all_post,1000,39000,0.3744083130669695,0.4774391252198633,0.39287721027972433,0.8860175380105291,0.8855513278288893,0.9762124066568048,0.6500572139718284,0.6658973083512154
persistence,stable_low,6,early,1000,12000,0.3739474915055445,0.4066970361134787,0.3751998662689432,0.826586711282706,0.9588922496839649,0.9983296614747736,0.6726065660457986,0.6737319264382032
persistence,stable_low,6,late,1000,15000,0.3762399843253028,0.5443317388628572,0.409628582269319,0.9312608699790607,0.8313820524383135,0.9583791296275281,0.635618891116172,0.6632228013596287
persistence,stable_low,6,mid,1000,12000,0.3725795455554777,0.46456544727250576,0.3896153393035121,0.8888941997776877,0.8955421917803335,0.9778933231871105,0.6474175503000924,0.662053349735588
persistence,stable_low,12,all_post,1000,37000,0.5064227527916512,0.6578904360345641,0.5418917805033185,1.8620980870655932,0.8773640158960883,0.9667191528278816,0.5215012189004548,0.5394547293026528
persistence,stable_low,12,early,1000,12000,0.5077367907452661,0.5560146927252894,0.5007766718084484,1.660301033207023,0.9556000918541776,1.006925344053227,0.5530009759225429,0.5491975936334271
persistence,stable_low,12,late,1000,13000,0.5134633552502141,0.7653423239448759,0.5814722845127283,2.0298157758869455,0.8190810188141727,0.9397021437109258,0.5029518563406088,0.5352247621298696
persistence,stable_low,12,mid,1000,12000,0.4974813955079264,0.6433599674410011,0.540128009854662,1.8822009780343658,0.8793492653006314,0.9597101152437911,0.5141092579265641,0.5356922363957445
roughness,high_to_low,1,all_post,1000,40000,0.3280167818968751,0.3539408729916031,0.33126431130247647,0.5814177093894192,0.962681603968154,0.995086207918978,0.7511106222846758,0.7548196490990186
roughness,high_to_low,1,early,1000,12000,0.34925329723448356,0.3669480382819703,0.339485768388596,0.5804266621793776,0.9755914202727914,1.0142837578398007,0.7757049817223386,0.764781034623307
roughness,high_to_low,1,late,1000,16000,0.3194067983525947,0.3490213463786473,0.3297684003605742,0.5768499826242708,0.9566345965650757,0.984164190747658,0.7441159879867573,0.7560892734996395
roughness,high_to_low,1,mid,1000,12000,0.3182602446183073,0.3474930765185101,0.32503740213889315,0.588499058952992,0.957013618844751,0.9895198872004745,0.7353909987533855,0.7431796048424412
roughness,high_to_low,3,all_post,1000,40000,0.32075345411368933,0.34501982526112845,0.33310791437578746,0.8623666686729438,0.9641922702417743,0.981280560230511,0.6098733972768123,0.6215076727226186
roughness,high_to_low,3,early,1000,12000,0.34651146463851873,0.3605769267344502,0.3453326789320608,0.8596982139979785,0.9803018848886796,1.0017052852967465,0.6348714418774439,0.6337906480041869
roughness,high_to_low,3,late,1000,16000,0.30716945117745015,0.33903470580185124,0.3287333491454332,0.8581051880110674,0.9518465322600933,0.9666452666804652,0.5982996476002758,0.6189443720703077
roughness,high_to_low,3,mid,1000,12000,0.31310744750384545,0.3374428830668431,0.32671590345998647,0.8707170975637442,0.9632667340665848,0.9789523682951231,0.5996642558847044,0.6125571328143767
roughness,high_to_low,6,all_post,1000,39000,0.3445321505685512,0.38300924980784445,0.3655614951336517,1.6733029214168595,0.9484408395359396,0.9708109250996625,0.45376144571874544,0.46740455220172017
roughness,high_to_low,6,early,1000,12000,0.3885020362588248,0.410701837430922,0.38663098409176905,1.6622105599268278,0.9725978983602188,1.0024167669227895,0.48345230053946364,0.48228672593292854
roughness,high_to_low,6,late,1000,15000,0.3209836106003647,0.3728439677429459,0.35748168326915636,1.6715886528598494,0.9278502058939256,0.9475770459430606,0.43820438767226566,0.4624472379827963
roughness,high_to_low,6,mid,1000,12000,0.3299979398385107,0.36802326476589003,0.3545917710061535,1.6865381186031543,0.9469302216809403,0.9646977996087701,0.4423413444432759,0.45852840612123913
roughness,high_to_low,12,all_post,1000,37000,0.4332445791722889,0.5064727890199607,0.47608050353662346,4.67832579092627,0.924886648545658,0.9539516651775483,0.30431358315058715,0.3190031468669313
roughness,high_to_low,12,early,1000,12000,0.5482261496449661,0.5782180970785766,0.5195860217769724,4.630219857494802,0.9737198722319438,1.0271908544694448,0.34409555849539974,0.33498697637171704
roughness,high_to_low,12,late,1000,13000,0.3650118685667607,0.4738637700070702,0.4563371400447399,4.688669454846861,0.8776608787571406,0.8943563294365787,0.2790157278313701,0.3119737834327653
roughness,high_to_low,12,mid,1000,12000,0.3921817785222673,0.47005391822530973,0.45396362907914833,4.7152260884437665,0.9134186343425226,0.9294652903271933,0.28839813338903775,0.31028391957220364
roughness,low_to_high,1,all_post,1000,40000,0.3813814990732188,1.1806441061487354,0.8469698841657828,0.5336183763272867,0.5683558166793574,0.6710360101608788,0.8454042411075979,1.2598492902115863
roughness,low_to_high,1,early,1000,12000,0.37656999502697214,0.5132265776252558,0.4806222938608091,0.5156332039845603,0.8565807043952632,0.8851582069556005,0.854579397359768,0.9654538484131499
roughness,low_to_high,1,late,1000,16000,0.3839104168469355,1.7641705433769765,1.1392727793582254,0.5475470664774647,0.4664924990872463,0.5804984810096324,0.8373445921386222,1.4424578522277443
roughness,low_to_high,1,mid,1000,12000,0.3828211127545097,1.0700263850345608,0.8235802808808331,0.5330319618031091,0.5981370400876947,0.6817811204783585,0.8474641103094479,1.2430149278918743
roughness,low_to_high,3,all_post,1000,40000,0.3921516947328001,0.9660336319079582,0.7878782473381021,0.6378839515305995,0.6371342105657953,0.7055007715373771,0.7840724786266152,1.111370122130441
roughness,low_to_high,3,early,1000,12000,0.3868891730394548,0.5597644577925726,0.5020208333574675,0.561850581018054,0.8313628778236166,0.8778744675272401,0.8298180380312633,0.9452581988956347
roughness,low_to_high,3,late,1000,16000,0.3945936768172612,1.2494427114204754,1.0000043550248596,0.7002372872739403,0.5619748587425833,0.628165550121521,0.7506758498288993,1.1950286826198575
roughness,low_to_high,3,mid,1000,12000,0.39415824031353075,0.994424033339988,0.7909008510697263,0.6307795410520242,0.6295779357392635,0.7059505546228662,0.7904902284002167,1.119752967433411
roughness,low_to_high,6,all_post,1000,39000,0.4912850547591034,1.2425535091510462,0.9743064799078509,0.9399237789591806,0.6287952123040619,0.7100991305791402,0.7229703022317022,1.018125880033207
roughness,low_to_high,6,early,1000,12000,0.4864944063937005,0.6915257498626642,0.6126489953927267,0.6980488655812672,0.8387542764623973,0.8911135813662662,0.8348260892270668,0.9368346602316412
roughness,low_to_high,6,late,1000,15000,0.48993613605481484,1.662365413300371,1.243515748544418,1.1474096062669414,0.542883308612213,0.6276883837313739,0.6534471913373692,1.0410375725815868
roughness,low_to_high,6,mid,1000,12000,0.49776185150486707,1.268816388252772,0.9994523786272672,0.9224414082023933,0.6263418271449291,0.7057156551249658,0.7345839066533665,1.0409063499141007
roughness,low_to_high,12,all_post,1000,37000,0.8915045479423228,1.8570583842812454,1.5240421120628507,2.0310675340275046,0.6928656047678297,0.7648271527089779,0.6625209248437346,0.8662361456403843
roughness,low_to_high,12,early,1000,12000,0.869278548236997,1.0800252975149935,0.9531093007963615,1.230655413307091,0.8971447440193148,0.9550104579589965,0.8404487740095374,0.880041435154234
roughness,low_to_high,12,late,1000,13000,0.884658432002549,2.489103607895291,1.99496586421442,2.7698206227884077,0.5961647911462135,0.6659169604201615,0.5651477311228256,0.848675983213049
roughness,low_to_high,12,mid,1000,12000,0.9211471732490703,1.9493758121322808,1.5848075251651401,2.0311638085902737,0.6874113923328611,0.7623883469168083,0.673429344968927,0.8833153702996086
roughness,stable_high,1,all_post,1000,40000,0.37781470316521093,0.4830308275654572,0.3841113326300851,0.6049004993996833,0.8844066575046424,0.9917697717492572,0.7903099614004935,0.7968683699711534
roughness,stable_high,1,early,1000,12000,0.3778013158212475,0.42209654018869,0.36933514179836513,0.5873631267480114,0.9460755892149098,1.0113964314796908,0.8020074333781754,0.7929704005429644
roughness,stable_high,1,late,1000,16000,0.38162915243547724,0.5407428029812691,0.39895247639368986,0.6146787686386053,0.8400891920707388,0.978048043869441,0.7879463808855325,0.8056315697623488
roughness,stable_high,1,mid,1000,12000,0.3727421581488193,0.46701581438780904,0.37909933177699895,0.6094001797327925,0.8933846045459781,0.9915799765116029,0.7820832213417024,0.7887242984606103
roughness,stable_high,3,all_post,1000,40000,0.3887145747107557,0.4900035756452253,0.4008476719879037,0.9690677881275109,0.8906678739080168,0.9847494104669289,0.6333420645125456,0.6431504886225219
roughness,stable_high,3,early,1000,12000,0.3877282104749377,0.42293861887895523,0.38825530537575637,0.8924855566390728,0.9574696774465736,0.9993209701053731,0.6591178938395024,0.6595657587071367
roughness,stable_high,3,late,1000,16000,0.39238989628731347,0.5754415359466523,0.4156244209493822,1.0249832779175823,0.8257684860881503,0.9716466983362988,0.6187290655178395,0.6367839942000089
roughness,stable_high,3,mid,1000,12000,0.3848005101778299,0.44315125200959266,0.3937377066514133,0.9710960332291874,0.9318410305661963,0.9885856814118462,0.629486947717935,0.6367550729835928
roughness,stable_high,6,all_post,1000,39000,0.4802190596186722,0.6229571959572128,0.4944361847427553,2.0171781315183357,0.8779920693235304,0.9855180279702551,0.4879188209068087,0.4950886813422505
roughness,stable_high,6,early,1000,12000,0.47788609517546493,0.5278200288591414,0.4729811242407847,1.7740204878182189,0.951522942276496,1.0051717919105971,0.5190185518239085,0.5163481068617886
roughness,stable_high,6,late,1000,15000,0.4850856238339311,0.7425776075025309,0.5196408098008005,2.2102259387250696,0.8082361616630004,0.9661789614907945,0.46847979636068754,0.48487890446075615
roughness,stable_high,6,mid,1000,12000,0.4764688187928057,0.5685688486236367,0.4843854639221694,2.019026016210035,0.9154312032505662,0.9917944905645836,0.48578744316989136,0.4898065554824313
roughness,stable_high,12,all_post,1000,37000,0.8431473994472197,1.0777717038154357,0.8773398884272201,5.877227484036532,0.8844807061882091,0.9803198913954184,0.37876121584836847,0.38636491942362583
roughness,stable_high,12,early,1000,12000,0.8395439352413868,0.9033659915971857,0.786909345595656,5.068061627808827,0.9640284390413543,1.0329025813007071,0.40700596171606285,0.394040995815434
roughness,stable_high,12,late,1000,13000,0.8651349220549869,1.2879830596735395,0.9681808458590019,6.574596214129516,0.819571496900507,0.9452869847561797,0.36274996474032456,0.3837458577025575
roughness,stable_high,12,mid,1000,12000,0.8229310474946379,1.0244484471874065,0.869359394041021,5.930910549330171,0.8962654796985923,0.972931015344651,0.3724955053959022,0.3828591128467103
roughness,stable_low,1,all_post,1000,40000,0.31817118046010673,0.3741294894134399,0.34199982933693035,0.5105504717302698,0.9221879625236428,0.9645338528589245,0.7894253688902212,0.8184527339816292
roughness,stable_low,1,early,1000,12000,0.3177556624490008,0.3267856543778375,0.31773353806150184,0.5087685623989219,0.9860868281990326,1.0000348153400906,0.7902900523697514,0.7902625391106914
roughness,stable_low,1,late,1000,16000,0.3211651770703928,0.41501110001812536,0.36350870418753906,0.5099687877955378,0.8796995476756394,0.9399544704875648,0.793583129701622,0.8442782651908467
roughness,stable_low,1,mid,1000,12000,0.3145947029908312,0.3669645103094615,0.3375876208115472,0.5131079596412605,0.9258991180951792,0.9653447666409003,0.7830172451810786,0.8111270421092511
roughness,stable_low,3,all_post,1000,40000,0.3078242744721323,0.3391749714764156,0.32166429489922566,0.5332146505651973,0.9526635165716401,0.9782503322317769,0.7598019354327439,0.7766947890519335
roughness,stable_low,3,early,1000,12000,0.3079497583929697,0.31971269020504817,0.3092235270228357,0.5297509408463331,0.981431507782394,0.9979382502145346,0.7624371784599673,0.7640123808222203
roughness,stable_low,3,late,1000,16000,0.30846631417906,0.3528658121658874,0.3328778965319173,0.5344838966876215,0.9349730234541005,0.9626344345817842,0.7596902621655302,0.789178357717462
roughness,stable_low,3,mid,1000,12000,0.3068427376087246,0.34038279849515396,0.3191535939320268,0.5349860321208296,0.9494544233093666,0.9805236083204002,0.7573326889345867,0.7723757821924033
roughness,stable_low,6,all_post,1000,39000,0.32362162341927386,0.3699122832839022,0.34165618476509085,0.602881177226245,0.9353397464893678,0.973249350687494,0.7326607119983134,0.7527985623424962
roughness,stable_low,6,early,1000,12000,0.3237504815776906,0.3425235255265373,0.326987287134687,0.5890406924054884,0.9722098320253453,0.9950382541475603,0.7413658253990777,0.7450626368472624
roughness,stable_low,6,late,1000,15000,0.32465537209636053,0.391258382350966,0.35510314847400476,0.6125028020810901,0.9109183887351223,0.9561676261941243,0.7280433793548411,0.7614181440682151
roughness,stable_low,6,mid,1000,12000,0.32220057941449887,0.3706184172074372,0.33951637775935245,0.6046946309784451,0.9323944076792516,0.9741656101826214,0.7299533436528572,0.7493113450350777
roughness,stable_low,12,all_post,1000,37000,0.37451763127931753,0.4342742058074047,0.39712132106285236,0.8578602055502605,0.9286543910650112,0.9711236521621203,0.660735852417882,0.6803828234919544
roughness,stable_low,12,early,1000,12000,0.3771326350025005,0.40076675607626794,0.37722199296971953,0.8073127925526907,0.9700658434668391,0.9998815508356005,0.6834805191002329,0.6835614863871111
roughness,stable_low,12,late,1000,13000,0.3763878527334934,0.46298151676550037,0.41775479291990364,0.8965797208595555,0.9016458181227183,0.9491985777276769,0.6479229206366679,0.6825999699533427
roughness,stable_low,12,mid,1000,12000,0.3698765543141108,0.43668206866727116,0.39466772131084643,0.8664614769627609,0.9203345416205244,0.9680830082901691,0.6533618499539086,0.6749027142908727
